Adipose.ffa,Adipose.ffa_mg_dl,Adipose.glucose,Adipose.glucose_mg_dl,Adipose.glycerol,Adipose.glycerol_mg_dl,Adipose.lipid,Adipose.lipid_mg_dl,Adipose.volume_L,ArterialBlood.ffa,ArterialBlood.ffa_mg_dl,ArterialBlood.glucose,ArterialBlood.glucose_mg_dl,ArterialBlood.lactate,ArterialBlood.lactate_mg_dl,ArterialBlood.lipid,ArterialBlood.lipid_mg_dl,ArterialBlood.protein,ArterialBlood.protein_mg_dl,ArterialBlood.volume_L,IntestinalLumen.glucose,IntestinalLumen.glucose_mg_dl,IntestinalLumen.lipid,IntestinalLumen.lipid_mg_dl,IntestinalLumen.protein,IntestinalLumen.protein_mg_dl,IntestinalLumen.soluble_fiber,IntestinalLumen.soluble_fiber_mg_dl,IntestinalLumen.volume_L,IntestinalTissue.glucose,IntestinalTissue.glucose_mg_dl,IntestinalTissue.volume_L,Kidney.glucose,Kidney.glucose_mg_dl,Kidney.lactate,Kidney.lactate_mg_dl,Kidney.pyruvate,Kidney.pyruvate_mg_dl,Kidney.volume_L,Liver.acetyl_coa,Liver.acetyl_coa_mg_dl,Liver.glucose,Liver.glucose_mg_dl,Liver.lactate,Liver.lactate_mg_dl,Liver.lipid,Liver.lipid_mg_dl,Liver.pyruvate,Liver.pyruvate_mg_dl,Liver.volume_L,Lungs.ffa,Lungs.ffa_mg_dl,Lungs.glucose,Lungs.glucose_mg_dl,Lungs.lactate,Lungs.lactate_mg_dl,Lungs.lipid,Lungs.lipid_mg_dl,Lungs.protein,Lungs.protein_mg_dl,Lungs.volume_L,Lymph.lipid,Lymph.lipid_mg_dl,Lymph.volume_L,Muscle.acetyl_coa,Muscle.acetyl_coa_mg_dl,Muscle.glucose,Muscle.glucose_mg_dl,Muscle.lactate,Muscle.lactate_mg_dl,Muscle.lipid,Muscle.lipid_mg_dl,Muscle.pyruvate,Muscle.pyruvate_mg_dl,Muscle.volume_L,PortalVein.glucose,PortalVein.glucose_mg_dl,PortalVein.protein,PortalVein.protein_mg_dl,PortalVein.volume_L,StomachLumen.glucose,StomachLumen.glucose_mg_dl,StomachLumen.lipid,StomachLumen.lipid_mg_dl,StomachLumen.protein,StomachLumen.protein_mg_dl,StomachLumen.soluble_fiber,StomachLumen.soluble_fiber_mg_dl,StomachLumen.volume_L,StomachLumen.water,StomachLumen.water_mg_dl,VenousBlood.ffa,VenousBlood.ffa_mg_dl,VenousBlood.glucose,VenousBlood.glucose_mg_dl,VenousBlood.lactate,VenousBlood.lactate_mg_dl,VenousBlood.lipid,VenousBlood.lipid_mg_dl,VenousBlood.protein,VenousBlood.protein_mg_dl,VenousBlood.volume_L,signal.adipose_ffa_pool_g,signal.adipose_ffa_release_gpm,signal.adipose_glycerol_release_gpm,signal.adipose_lipid_g,signal.adipose_lipogenesis_gpm,signal.adipose_lipolysis_gpm,signal.glucagon,signal.insulin,signal.liver_acetyl_coa_g,signal.liver_atp_deficit_mmol,signal.liver_atp_mmol,signal.liver_atp_production_mmol_per_min,signal.liver_beta_oxidation_gpm,signal.liver_cac_rate_gpm,signal.liver_glycogen_g,signal.liver_ketone_precursor_gpm,signal.liver_lipid_g,signal.liver_lipogenesis_gpm,signal.liver_oxphos_atp_deficit_mmol,signal.muscle_acetyl_coa_g,signal.muscle_atp_deficit_mmol,signal.muscle_atp_mmol,signal.muscle_atp_production_mmol_per_min,signal.muscle_beta_oxidation_gpm,signal.muscle_cac_rate_gpm,signal.muscle_fermentation_nad_regen_mmol_per_min,signal.muscle_glycogen_g,signal.muscle_ketone_precursor_gpm,signal.muscle_lactate_g,signal.muscle_lactic_fermentation_gpm,signal.muscle_oxphos_atp_deficit_mmol,signal.renal_cortical_glucose_g,signal.renal_glucose_excreted_total_g,time_min
0.0,0.0,20.0,111.11111111111111,0.0,0.0,12000.0,66666.66666666667,18.0,0.0,0.0,2.0,100.0,0.0,0.0,0.2,10.0,0.0,0.0,2.0,0.0,0.0,0.0,0.0,0.0,0.0,0.0,0.0,0.35,0.0,0.0,0.025,0.0,0.0,0.0,0.0,0.0,0.0,0.3,0.0,0.0,8.0,533.3333333333334,0.0,0.0,0.0,0.0,0.0,0.0,1.5,0.0,0.0,1.6,123.07692307692308,0.0,0.0,0.0,0.0,0.0,0.0,1.3,0.0,0.0,0.2,0.0,0.0,300.0,2500.0,0.0,0.0,0.0,0.0,0.0,0.0,12.0,0.0,0.0,0.0,0.0,0.4,0.0,0.0,0.0,0.0,0.0,0.0,0.0,0.0,0.075,0.0,0.0,0.0,0.0,3.2,91.42857142857143,0.0,0.0,0.3,8.571428571428571,0.0,0.0,3.5,0.0,0.0,0.0,0.0,0.0,0.0,0.0,0.0,0.0,0.0,0.0,0.0,0.0,0.0,0.0,0.0,0.0,0.0,0.0,0.0,0.0,0.0,0.0,0.0,0.0,0.0,0.0,0.0,0.0,0.0,0.0,0.0,0.0,0.0
0.48159206612740835,2.675511478485602,20.010970894756312,111.17206052642396,0.06567164538101022,0.3648424743389457,11999.603635390105,66664.46464105614,18.0,0.0,0.0,1.3116363636933754,65.58181818466878,0.0,0.0,0.0,0.0,0.0,0.0,2.0,0.0,0.0,0.0,0.0,0.0,0.0,0.0,0.0,0.35,0.0,0.0,0.025,0.0,0.0,0.0,0.0,0.0,0.0,0.3,0.0,0.0,7.866893046749334,524.4595364499556,0.0,0.0,0.0,0.0,0.12137020045272409,8.091346696848273,1.5,0.0,0.0,3.2,246.15384615384616,0.0,0.0,0.3,23.076923076923077,0.0,0.0,1.3,0.0,0.0,0.2,0.0,0.0,299.7831422114717,2498.1928517622646,0.006383454856117585,0.05319545713431321,0.0,0.0,0.3226044415154964,2.6883703459624697,12.0,0.0,0.0,0.0,0.0,0.4,0.0,0.0,0.0,0.0,0.0,0.0,0.0,0.0,0.075,0.0,0.0,0.0,0.0,2.17676,62.19314285714285,0.0,0.0,0.06814545458541049,1.9470129881545855,0.0,0.0,3.5,0.48159206612740835,0.48159206612740835,0.06567164538101022,11999.603635390105,0.019044556200533528,0.5472637115084186,0.0,0.03,0.0,0.0,2.048971931882569,0.04897193188256933,0.0,0.002118163143709746,299.8303384189686,0.0,0.0,0.0,11.95102806811743,0.0,1.7741754580456401,0.0,0.22582454195436047,0.0,0.009378095596111316,0.01276690971223517,350.12345343484867,0.0,0.006383454856117585,0.006513729445017944,23.77417545804564,0.0,0.0,1.0
0.48159196709067953,2.675510928281553,20.012836175266088,111.18242319592272,0.13134327725701198,0.7296848736500665,11999.107631888884,66661.70906604936,18.0,0.0,0.0,2.981088981327785,149.05444906638925,0.0,0.0,0.3,15.0,0.0,0.0,2.0,0.0,0.0,0.0,0.0,0.0,0.0,0.0,0.0,0.35,0.0,0.0,0.025,0.0,0.0,0.0,0.0,0.0,0.0,0.3,0.0,0.0,7.738935889442254,515.9290592961503,0.0,0.0,0.0,0.0,0.23565303220565034,15.710202147043356,1.5,0.0,0.0,2.17676,167.44307692307692,0.0,0.0,0.06814545458541049,5.241958045031576,0.0,0.0,1.3,0.0,0.0,0.2,0.0,0.0,299.50599604840085,2495.88330040334,0.2232154199897987,1.8601284999149892,0.0,0.0,0.4264184325222064,3.553486937685053,12.0,0.0,0.0,0.0,0.0,0.4,0.0,0.0,0.0,0.0,0.0,0.0,0.0,0.0,0.075,0.0,0.0,0.48159206612740835,13.759773317925953,1.4883963636933755,42.5256103912393,0.0014566777106386354,0.041619363161103866,-0.03221430299230085,-0.9204086569228814,0.0,0.0,3.5,0.48159196709067953,0.48159196709067953,0.06567163187600175,11999.107631888884,0.019045794753121983,0.5472635989666813,0.0,0.03,0.0,9.860040736542704,0.0,0.09098733157472633,0.0,0.003935438216899928,299.6587009325454,0.0,0.0,0.0,11.909012668425273,0.0,23.71261336815068,0.0,0.28738663184932,0.0,0.011934660791084717,0.4365772856886395,350.2468507748082,0.0,0.2232154199897987,0.22274351310644874,23.71261336815068,0.0,0.0,2.0
0.6822187929834386,3.7901044054635475,20.03333072504469,111.29628180580383,0.19701489474970324,1.0945271930539069,11998.579495044725,66658.7749724707,18.0,0.0,0.0,1.8167592379519246,90.83796189759623,0.0,0.0,0.06814545458541049,3.4072727292705247,0.0,0.0,2.0,0.0,0.0,0.0,0.0,0.0,0.0,0.0,0.0,0.35,0.0,0.0,0.025,0.0,0.0,0.0,0.0,0.0,0.0,0.3,0.0,0.0,7.615880459855657,507.72536399037716,0.0,0.0,0.0,0.0,0.34350685425496197,22.9004569503308,1.5,0.48159206612740835,37.04554354826218,1.4883963636933755,114.4920279764135,0.0014566777106386354,0.11205213158758733,0.0,0.0,0.0,0.0,1.3,0.0,0.0,0.2,0.0,0.0,299.3512449951527,2494.593708292939,0.4084158657144381,3.4034655476203173,0.0,0.0,0.45355568199269614,3.7796306832724675,12.0,0.0,0.0,0.0,0.0,0.4,0.0,0.0,0.0,0.0,0.0,0.0,0.0,0.0,0.075,0.0,0.0,0.2809650357203102,8.02757244915172,3.157848981327785,90.22425660936528,0.10753900343267418,3.0725429552192622,0.26778569700769916,7.651019914505691,0.0,0.0,3.5,0.6822187929834386,0.4815918616130692,0.06567161749269125,11998.579495044725,0.019126634946952745,0.5472634791057605,0.0,0.03,0.0,11.872545636701592,0.0,0.12745436329840873,0.0,0.005512731976574772,299.48514210772754,0.0,0.0,0.0,11.872545636701592,0.0,23.69726576375948,0.0,0.3027342362405231,0.0,0.012572019777430362,0.5856099802141634,350.37020803243945,0.0,0.4084158657144381,0.2987806021500834,23.697265763759475,0.0,0.0,3.0
0.8064235361251039,4.480130756250577,20.041936167635935,111.34408982019964,0.26268650109686104,1.459369450538117,11998.170261529483,66656.50145294158,18.0,0.48159206612740835,24.07960330637042,1.216605940679035,60.83029703395175,0.0014566777106386354,0.07283388553193176,0.0,0.0,0.0,0.0,2.0,0.0,0.0,0.0,0.0,0.0,0.0,0.0,0.0,0.35,0.0,0.0,0.025,0.0,0.0,0.0,0.0,0.0,0.0,0.3,0.0,0.0,7.4975784629377715,499.8385641958514,0.0,0.0,0.0,0.0,0.44971235650428126,29.980823766952085,1.5,0.2809650357203102,21.612695055408476,3.157848981327785,242.91146010213728,0.10753900343267418,8.27223103328263,0.26778569700769916,20.598899769823014,0.0,0.0,1.3,0.0,0.0,0.2,0.0,0.0,299.120163509791,2492.668029248258,0.5174675935927767,4.312229946606473,0.0,0.0,0.47265607328378983,3.938800610698249,12.0,0.0,0.0,0.0,0.0,0.4,0.0,0.0,0.0,0.0,0.0,0.0,0.0,0.0,0.075,0.0,0.0,0.357387036737492,10.211058192499772,1.9935192379519244,56.957692512912125,0.18640575358024092,5.325878673721169,-0.05071067945568164,-1.4488765558766183,0.0,0.0,3.5,0.8064235361251039,0.4815917798791573,0.06567160634715781,11998.170261529483,0.01917373694446029,0.5472633862263151,0.0,0.03,0.0,11.839308057372385,0.0,0.16069194262761483,0.0,0.006950343539256697,299.3097163519397,0.0,0.0,0.0,11.839308057372387,0.0,23.686638592555532,0.0,0.31336140744446717,0.0,0.013013347485235346,0.600490498865817,350.49351518677526,0.0,0.5174675935927767,0.30637270350296786,23.686638592555532,0.0,0.0,4.0
0.9608155672372148,5.337864262428972,20.042096739014177,111.3449818834121,0.3283580930619621,1.8242116281220118,11997.642223407785,66653.56790782104,18.0,0.2809650357203102,14.04825178601551,2.950282682746886,147.5141341373443,0.10753900343267418,5.376950171633709,0.26778569700769916,13.389284850384959,0.0,0.0,2.0,0.0,0.0,0.0,0.0,0.0,0.0,0.0,0.0,0.35,0.0,0.0,0.025,0.0,0.0,0.0,0.0,0.0,0.0,0.3,0.0,0.0,7.383868706917151,492.25791379447674,0.0,0.0,0.0,0.0,0.553365511338481,36.89103408923207,1.5,0.357387036737492,27.491310518268616,1.9935192379519244,153.34763368860956,0.18640575358024092,14.338904121556993,0.0,0.0,0.0,0.0,1.3,0.0,0.0,0.2,0.0,0.0,298.8332960420232,2490.27746701686,0.5846719049584186,4.872265874653489,0.0,0.0,0.4861878308728432,4.051565257273693,12.0,0.0,0.0,0.0,0.0,0.4,0.0,0.0,0.0,0.0,0.0,0.0,0.0,0.0,0.075,0.0,0.0,0.8087917094260384,23.10833455502967,1.393365940679035,39.81045544797243,0.2314130202316599,6.6118005780474265,-0.05071067945568164,-1.4488765558766183,0.0,0.0,3.5,0.9608155672372148,0.48159167441074113,0.06567159196510107,11997.642223407785,0.01922514467705085,0.5472632663758422,0.0,0.03,0.0,11.809150165480093,0.0,0.19084983451990695,0.0,0.008254750628023657,299.13247757890406,0.0,0.0,0.0,11.809150165480094,0.0,23.679195430970722,0.0,0.32080456902927723,0.0,0.013322448879953375,0.6107908243294269,350.61676487789157,0.0,0.5846719049584186,0.3116279715966464,23.679195430970722,0.0,0.0,5.0
1.2688059176775375,7.0489217648752085,20.062049153329372,111.45582862960762,0.39402967064515015,2.1890537258063896,11997.114300059668,66650.63500033149,18.0,0.357387036737492,17.8693518368746,1.6354123940320173,81.77061970160086,0.18640575358024092,9.320287679012045,0.0,0.0,0.0,0.0,2.0,0.0,0.0,0.0,0.0,0.0,0.0,0.0,0.0,0.35,0.0,0.0,0.025,0.0,0.0,0.0,0.0,0.0,0.0,0.3,0.0,0.0,7.274575147201958,484.9716764801305,0.0,0.0,0.0,0.0,0.6533685234755939,43.5579015650396,1.5,0.8087917094260384,62.214746878926036,1.393365940679035,107.18199543684885,0.2314130202316599,17.80100155628153,0.0,0.0,0.0,0.0,1.3,0.0,0.0,0.2,0.0,0.0,298.6770670802736,2488.9755590022805,0.6272954107526917,5.227461756272431,0.0,0.0,0.4958187339076766,4.1318227825639715,12.0,0.0,0.0,0.0,0.0,0.4,0.0,0.0,0.0,0.0,0.0,0.0,0.0,0.0,0.075,0.0,0.0,0.4545662542233666,12.98760726352476,3.127042682746886,89.34407664991103,0.3637395556347972,10.392558732422778,0.21707501755201752,6.202143358629073,0.0,0.0,3.5,1.2688059176775375,0.4815915689433789,0.06567157758318803,11997.114300059668,0.019339798409635005,0.5472631465265669,0.0,0.03,0.0,11.781972903427313,0.0,0.21802709657268676,0.0,0.009430237741033165,298.95347883280346,0.0,0.0,0.0,11.781972903427313,0.0,23.673940587035887,0.0,0.32605941296411445,0.0,0.01354067329585193,0.6180042210367681,350.7399742669074,0.0,0.6272954107526917,0.3153082760391674,23.673940587035887,0.0,0.0,6.0
1.459655520682877,8.109197337127094,20.068020016909436,111.4890000939413,0.4597012365141765,2.5538957584120916,11996.684310240615,66648.24616800342,18.0,0.8087917094260384,40.439585471301925,1.139250868551179,56.962543427558955,0.2314130202316599,11.570651011582996,0.0,0.0,0.0,0.0,2.0,0.0,0.0,0.0,0.0,0.0,0.0,0.0,0.0,0.35,0.0,0.0,0.025,0.0,0.0,0.0,0.0,0.0,0.0,0.3,0.0,0.0,7.1695917273242795,477.97278182161864,0.0,0.0,0.0,0.0,0.753409649457926,50.227309963861735,1.5,0.4545662542233666,34.96663494025897,3.127042682746886,240.54174482668353,0.3637395556347972,27.979965818061324,0.21707501755201752,16.698078273232117,0.0,0.0,1.3,0.0,0.0,0.2,0.0,0.0,298.4307952934003,2486.9232941116693,0.6548830828981751,5.457359024151459,0.0,0.0,0.5026936563431147,4.189113802859289,12.0,0.0,0.0,0.0,0.0,0.4,0.0,0.0,0.0,0.0,0.0,0.0,0.0,0.0,0.075,0.0,0.0,0.6481289167716793,18.51796905061941,1.8121723940320171,51.77635411520049,0.454571870013164,12.987767714661828,-0.09786703873606156,-2.796201106744616,0.0,0.0,3.5,1.459655520682877,0.4815914830395267,0.06567156586902637,11996.684310240615,0.019406191121132853,0.547263048908553,0.0,0.03,0.0,11.7564891295849,0.0,0.2435108704151011,0.0,0.01053247709407877,298.7727733009737,0.0,0.0,0.0,11.756489129584898,0.0,23.67021093317399,0.0,0.3297890668260088,0.0,0.013695559253571793,0.6230951714110261,350.8631314822739,0.0,0.6548830828981751,0.3179056996995031,23.670210933173994,0.0,0.0,7.0
1.7173344068698966,9.54074670483276,20.066591216919864,111.48106231622147,0.525372788003942,2.9187377111330117,11996.156536500386,66645.31409166881,18.0,0.4545662542233666,22.728312711168332,2.9290902591585115,146.45451295792557,0.3637395556347972,18.186977781739863,0.21707501755201752,10.853750877600877,0.0,0.0,2.0,0.0,0.0,0.0,0.0,0.0,0.0,0.0,0.0,0.35,0.0,0.0,0.025,0.0,0.0,0.0,0.0,0.0,0.0,0.3,0.0,0.0,7.068786395151868,471.25242634345784,0.0,0.0,0.0,0.0,0.8519330081017548,56.79553387345032,1.5,0.6481289167716793,49.856070520898406,1.8121723940320171,139.3978764640013,0.454571870013164,34.967066924089536,0.0,0.0,0.0,0.0,1.3,0.0,0.0,0.2,0.0,0.0,298.1357130043573,2484.464275036311,0.6730175113958352,5.60847926163196,0.0,0.0,0.5076109431636556,4.230091193030463,12.0,0.0,0.0,0.0,0.0,0.4,0.0,0.0,0.0,0.0,0.0,0.0,0.0,0.0,0.075,0.0,0.0,1.0327042008306326,29.505834309446644,1.316010868551179,37.60031053003369,0.5070659135495902,14.48759752998829,-0.09786703873606156,-2.796201106744616,0.0,0.0,3.5,1.7173344068698966,0.48159137759161397,0.06567155148976554,11996.156536500386,0.019489188853805867,0.5472629290813795,0.0,0.03,0.0,11.732904939726675,0.0,0.2670950602733252,0.0,0.01155255451009192,298.5904137863134,0.0,0.0,0.0,11.732904939726675,0.0,23.66755418349559,0.0,0.3324458165044096,0.0,0.013805889389718006,0.626707253561022,350.98623004754637,0.0,0.6730175113958352,0.31974859875562345,23.66755418349559,0.0,0.0,8.0
2.0887560814361352,11.604200452422974,20.085989238227988,111.5888291012666,0.5910443251154521,3.283579583974734,11995.628895137073,66642.38275076152,18.0,0.6481289167716793,32.40644583858396,1.455379729096457,72.76898645482285,0.454571870013164,22.7285935006582,0.0,0.0,0.0,0.0,2.0,0.0,0.0,0.0,0.0,0.0,0.0,0.0,0.0,0.35,0.0,0.0,0.025,0.0,0.0,0.0,0.0,0.0,0.0,0.3,0.0,0.0,6.972007981196549,464.80053207977,0.0,0.0,0.0,0.0,0.9476374662322735,63.17583108215157,1.5,1.0327042008306326,79.43878467927942,1.316010868551179,101.23160527316762,0.5070659135495902,39.0050702730454,0.0,0.0,0.0,0.0,1.3,0.0,0.0,0.2,0.0,0.0,297.9785106517374,2483.154255431145,0.6850881249782488,5.709067708152073,0.0,0.0,0.5111341694959602,4.259451412466335,12.0,0.0,0.0,0.0,0.0,0.4,0.0,0.0,0.0,0.0,0.0,0.0,0.0,0.0,0.075,0.0,0.0,0.5647358518082018,16.13531005166291,3.1058502591585118,88.73857883310033,0.6445924176815783,18.416926219473662,0.11920797881595596,3.4059422518844564,0.0,0.0,3.5,2.0887560814361352,0.4815912721510739,0.06567153711151008,11995.628895137073,0.019621445949333047,0.547262809262584,0.0,0.03,0.0,11.711307124732986,0.0,0.2886928752670139,0.0,0.012486716058261849,298.4064522756617,0.0,0.0,0.0,11.711307124732986,0.0,23.6656561794608,0.0,0.3343438205392011,0.0,0.013884710155282436,0.6292805154813653,351.1092881526183,0.0,0.6850881249782488,0.3210614874904925,23.665656179460797,0.0,0.0,9.0
2.318532585771603,12.880736587620017,20.089096325035822,111.60609069464346,0.6567158493613512,3.6484213853408396,11995.156759886639,66639.75977714799,18.0,1.0327042008306326,51.63521004153163,1.0808474436433944,54.04237218216972,0.5070659135495902,25.353295677479508,0.0,0.0,0.0,0.0,2.0,0.0,0.0,0.0,0.0,0.0,0.0,0.0,0.0,0.35,0.0,0.0,0.025,0.0,0.0,0.0,0.0,0.0,0.0,0.3,0.0,0.0,6.87916491120299,458.6109940801993,0.0,0.0,0.0,0.0,1.0438796159271182,69.59197439514122,1.5,0.5647358518082018,43.44121936986168,3.1058502591585118,238.91155839680857,0.6445924176815783,49.584032129352174,0.11920797881595596,9.169844524304306,0.0,0.0,1.3,0.0,0.0,0.2,0.0,0.0,297.71592774484725,2480.9660645403937,0.693206804146167,5.776723367884725,0.0,0.0,0.5136597797801916,4.280498164834929,12.0,0.0,0.0,0.0,0.0,0.4,0.0,0.0,0.0,0.0,0.0,0.0,0.0,0.0,0.075,0.0,0.0,0.8999435902394716,25.712674006842043,1.6321397290964568,46.63256368847019,0.7347618661642282,20.993196176120804,-0.055430498252593,-1.583728521502657,0.0,0.0,3.5,2.318532585771603,0.48159117780326,0.06567152424589909,11995.156759886639,0.019696953363439667,0.547262702049159,0.0,0.03,0.0,11.690781953265816,0.0,0.30921804673418424,0.0,0.013374482990232884,298.22094082908023,0.0,0.0,0.0,11.690781953265816,0.0,23.664298444181018,0.0,0.335701555818981,0.0,0.013941094510755024,0.6311176220523282,351.2322918425561,0.0,0.693206804146167,0.321998786761392,23.664298444181018,0.0,0.0,10.0
2.6532240349241274,14.740133527356264,20.08628921377899,111.5904956321055,0.7223873592322769,4.013263106845983,11994.62929883034,66636.82943794633,18.0,0.5647358518082018,28.23679259041009,2.9153944328321426,145.76972164160713,0.6445924176815783,32.22962088407891,0.11920797881595596,5.960398940797798,0.0,0.0,2.0,0.0,0.0,0.0,0.0,0.0,0.0,0.0,0.0,0.35,0.0,0.0,0.025,0.0,0.0,0.0,0.0,0.0,0.0,0.3,0.0,0.0,6.79013747977533,452.67583198502206,0.0,0.0,0.0,0.0,1.1389234376533077,75.92822917688719,1.5,0.8999435902394716,69.22643001842088,1.6321397290964568,125.54920993049667,0.7347618661642282,56.52014355109448,0.0,0.0,0.0,0.0,1.3,0.0,0.0,0.2,0.0,0.0,297.4144762310408,2478.4539685920067,0.6987161036834892,5.82263419736241,0.0,0.0,0.5154704803606066,4.2955873363383885,12.0,0.0,0.0,0.0,0.0,0.4,0.0,0.0,0.0,0.0,0.0,0.0,0.0,0.0,0.075,0.0,0.0,1.1796038240648972,33.702966401854205,1.2576074436433944,35.93164124695412,0.7869709137434135,22.484883249811816,-0.055430498252593,-1.583728521502657,0.0,0.0,3.5,2.6532240349241274,0.4815910723867888,0.06567150987092574,11994.62929883034,0.01980152596002422,0.5472625822577145,0.0,0.03,0.0,11.67159258939223,0.0,0.3284074106077706,0.0,0.01420447277715271,298.0339310156002,0.0,0.0,0.0,11.67159258939223,0.0,23.663326491232755,0.0,0.33667350876724583,0.0,0.013981458005284296,0.6324308676570394,351.3552359240112,0.0,0.6987161036834892,0.32266881002910175,23.663326491232752,0.0,0.0,11.0
3.06256832148386,17.01426845268811,20.10514365250462,111.69524251391455,0.7880588547298241,4.378104748499022,11994.101978335239,66633.89987964022,18.0,0.8999435902394716,44.99717951197358,1.2762013220743964,63.81006610371982,0.7347618661642282,36.73809330821141,0.0,0.0,0.0,0.0,2.0,0.0,0.0,0.0,0.0,0.0,0.0,0.0,0.0,0.35,0.0,0.0,0.025,0.0,0.0,0.0,0.0,0.0,0.0,0.3,0.0,0.0,6.704788239481842,446.9858826321228,0.0,0.0,0.0,0.0,1.2315161738482492,82.10107825654994,1.5,1.1796038240648972,90.7387556972998,1.2576074436433944,96.73903412641495,0.7869709137434135,60.536224134108735,0.0,0.0,0.0,0.0,1.3,0.0,0.0,0.2,0.0,0.0,297.2567014814523,2477.1391790121024,0.7024838863967096,5.854032386639246,0.0,0.0,0.5167700062593228,4.30641671882769,12.0,0.0,0.0,0.0,0.0,0.4,0.0,0.0,0.0,0.0,0.0,0.0,0.0,0.0,0.075,0.0,0.0,0.6369825322304815,18.1995009208709,3.0921544328321424,88.34726950948978,0.9246802769972245,26.419436485634986,0.06377748056336296,1.822213730381799,0.0,0.0,3.5,3.06256832148386,0.48159096698201254,0.06567149549754715,11994.101978335239,0.019941967378912732,0.5472624624795597,0.0,0.03,0.0,11.653850178913869,0.0,0.34614982108613157,0.0,0.01497187807465967,297.84547350875715,0.0,0.0,0.0,11.653850178913869,0.0,23.66262967616151,0.0,0.3373703238384886,0.0,0.014010395508242882,0.6333714056958677,351.4781394359531,0.0,0.7024838863967096,0.3231486763754427,23.66262967616151,0.0,0.0,12.0
3.316591840971662,18.425510227620343,20.1051687965179,111.69538220287723,0.8537303366794187,4.742946314885659,11993.60492955323,66631.13849751794,18.0,1.1796038240648972,58.980191203244864,1.042868498421171,52.143424921058546,0.7869709137434135,39.34854568717068,0.0,0.0,0.0,0.0,2.0,0.0,0.0,0.0,0.0,0.0,0.0,0.0,0.0,0.35,0.0,0.0,0.025,0.0,0.0,0.0,0.0,0.0,0.0,0.3,0.0,0.0,6.623033293559616,441.5355529039744,0.0,0.0,0.0,0.0,1.3248402566156405,88.32268377437603,1.5,0.6369825322304815,48.998656325421656,3.0921544328321424,237.8580332947802,0.9246802769972245,71.12925207670958,0.06377748056336296,4.905960043335613,0.0,0.0,1.3,0.0,0.0,0.2,0.0,0.0,296.9765121481963,2474.804267901636,0.7050776216604002,5.875646847170002,0.0,0.0,0.5177012398167787,4.314176998473156,12.0,0.0,0.0,0.0,0.0,0.4,0.0,0.0,0.0,0.0,0.0,0.0,0.0,0.0,0.075,0.0,0.0,1.1275109383820305,32.21459823948659,1.4529613220743962,41.513180630697036,1.0111016902309296,28.8886197208837,-0.03019242042405114,-0.8626405835443183,0.0,0.0,3.5,3.316591840971662,0.4815908676303604,0.0656714819495946,11993.60492955323,0.020021147149194393,0.547262349579955,0.0,0.03,0.0,11.636847179134259,0.0,0.3631528208657408,0.0,0.015707301940559724,297.65561890950306,0.0,0.0,0.0,11.636847179134259,0.0,23.66213072602261,0.0,0.33786927397739075,0.0,0.01403111602896141,0.6340443822621373,351.60098609392713,0.0,0.7050776216604002,0.3234920317663966,23.66213072602261,0.0,0.0,13.0
3.7127970731550533,20.62665040641696,20.10127000456086,111.67372224756032,0.9194018042591834,5.107787801439907,11993.077808542932,66628.21004746073,18.0,0.6369825322304815,31.849126611524078,2.9066881184455755,145.3344059222788,0.9246802769972245,46.23401384986123,0.06377748056336296,3.188874028168148,0.0,0.0,2.0,0.0,0.0,0.0,0.0,0.0,0.0,0.0,0.0,0.35,0.0,0.0,0.025,0.0,0.0,0.0,0.0,0.0,0.0,0.3,0.0,0.0,6.5447608660524885,436.3173910701659,0.0,0.0,0.0,0.0,1.4170910199928133,94.47273466618755,1.5,1.1275109383820305,86.73161064477159,1.4529613220743962,111.76625554418433,1.0111016902309296,77.77705309468689,0.0,0.0,0.0,0.0,1.3,0.0,0.0,0.2,0.0,0.0,296.6708790157618,2472.2573251313484,0.7068730195427764,5.890608496189802,0.0,0.0,0.5183676111068776,4.319730092557313,12.0,0.0,0.0,0.0,0.0,0.4,0.0,0.0,0.0,0.0,0.0,0.0,0.0,0.0,0.075,0.0,0.0,1.2649893541331143,36.14255297523184,1.219628498421171,34.84652852631917,1.061116685878269,30.317619596521972,-0.03019242042405114,-0.8626405835443183,0.0,0.0,3.5,3.7127970731550533,0.4815907622516082,0.06567146757976475,11993.077808542932,0.020141219533172935,0.547262229831373,0.0,0.03,0.0,11.620844770203846,0.0,0.3791552297961541,0.0,0.016399447655543,297.4644171826933,0.0,0.0,0.0,11.620844770203847,0.0,23.661773884284617,0.0,0.33822611571538175,0.0,0.014045935038014193,0.634525434860528,351.7237724620076,0.0,0.7068730195427764,0.3237374667655755,23.661773884284617,0.0,0.0,14.0
4.142983401205408,23.016574451141157,20.11959456751124,111.77552537506243,0.9850732574711374,5.472629208172985,11992.550830202956,66625.28239001642,18.0,1.1275109383820305,56.37554691910153,1.0975679968938905,54.87839984469453,1.0111016902309296,50.555084511546475,0.0,0.0,0.0,0.0,2.0,0.0,0.0,0.0,0.0,0.0,0.0,0.0,0.0,0.35,0.0,0.0,0.025,0.0,0.0,0.0,0.0,0.0,0.0,0.3,0.0,0.0,6.469843784470701,431.3229189647134,0.0,0.0,0.0,0.0,1.5071159217998649,100.47439478665767,1.5,1.2649893541331143,97.30687339485495,1.219628498421171,93.81757680162853,1.061116685878269,81.62436045217454,0.0,0.0,0.0,0.0,1.3,0.0,0.0,0.2,0.0,0.0,296.5128025542546,2470.940021285455,0.708122036813704,5.9010169734475335,0.0,0.0,0.5188452071259766,4.323710059383138,12.0,0.0,0.0,0.0,0.0,0.4,0.0,0.0,0.0,0.0,0.0,0.0,0.0,0.0,0.075,0.0,0.0,0.6883868610677899,19.668196030508284,3.0834481184455758,88.0985176698736,1.197696766410037,34.21990761171534,0.033585060139311826,0.9595731468374809,0.0,0.0,3.5,4.142983401205408,0.4815906568876625,0.06567145321195397,11992.550830202956,0.02028377012419754,0.5472621100996165,0.0,0.03,0.0,11.605946105919163,0.0,0.3940538940808371,0.0,0.017043853550209216,297.2719172966221,0.0,0.0,0.0,11.605946105919163,0.0,23.66151823248258,0.0,0.33848176751741965,0.0,0.014056551807201811,0.6348699467975346,351.8465181834144,0.0,0.708122036813704,0.32391323816200746,23.661518232482578,0.0,0.0,15.0
4.413680582363137,24.520447679795204,20.11631565322588,111.75730918458822,1.0507446967556513,5.837470537531397,11992.03998948422,66622.44438602343,18.0,1.2649893541331143,63.24946770665572,1.0270049127995384,51.350245639976926,1.061116685878269,53.05583429391345,0.0,0.0,0.0,0.0,2.0,0.0,0.0,0.0,0.0,0.0,0.0,0.0,0.0,0.35,0.0,0.0,0.025,0.0,0.0,0.0,0.0,0.0,0.0,0.3,0.0,0.0,6.3982039164224185,426.5469277614946,0.0,0.0,0.0,0.0,1.597969827988921,106.53132186592806,1.5,0.6883868610677899,52.95283546675307,3.0834481184455758,237.18831680350584,1.197696766410037,92.13052049307977,0.033585060139311826,2.583466164562448,0.0,0.0,1.3,0.0,0.0,0.2,0.0,0.0,296.2135172859685,2468.445977383071,0.7089940205238161,5.908283504365134,0.0,0.0,0.5191855314078666,4.326546095065555,12.0,0.0,0.0,0.0,0.0,0.4,0.0,0.0,0.0,0.0,0.0,0.0,0.0,0.0,0.075,0.0,0.0,1.3384043119774038,38.2401231993544,1.2743279968938903,36.409371339825434,1.2796557153621344,36.56159186748956,-0.016057493112707835,-0.45878551750593816,0.0,0.0,3.5,4.413680582363137,0.48159055475310186,0.0656714392845139,11992.03998948422,0.02036378218866655,0.5472619940376158,0.0,0.03,0.0,11.591580234736954,0.0,0.40841976526304613,0.0,0.017665214760512377,297.0781679982378,0.0,0.0,0.0,11.591580234736954,0.0,23.661336112035315,0.0,0.3386638879646866,0.0,0.01406411494869961,0.6351153039779238,351.96920438525984,0.0,0.7089940205238161,0.3240384203968999,23.661336112035315,0.0,0.0,16.0
4.861131077303959,27.006283762799775,20.1116747502287,111.73152639015944,1.1164161216759536,6.2023117870886315,11991.513222929247,66619.51790516249,18.0,0.6883868610677899,34.4193430533895,2.9000933653708296,145.00466826854148,1.197696766410037,59.884838320501856,0.033585060139311826,1.6792530069655913,0.0,0.0,2.0,0.0,0.0,0.0,0.0,0.0,0.0,0.0,0.0,0.35,0.0,0.0,0.025,0.0,0.0,0.0,0.0,0.0,0.0,0.3,0.0,0.0,6.329736111473228,421.9824074315485,0.0,0.0,0.0,0.0,1.687813603428506,112.52090689523374,1.5,1.3384043119774038,102.95417784441568,1.2743279968938903,98.02523053029925,1.2796557153621344,98.4350550278565,0.0,0.0,0.0,0.0,1.3,0.0,0.0,0.2,0.0,0.0,295.9062151899339,2465.8851265827825,0.7096042697140864,5.913368914284053,0.0,0.0,0.5194270346658967,4.328558622215806,12.0,0.0,0.0,0.0,0.0,0.4,0.0,0.0,0.0,0.0,0.0,0.0,0.0,0.0,0.075,0.0,0.0,1.2991293086078421,37.11798024593835,1.2037649127995385,34.393283222843955,1.3270994576171637,37.9171273604904,-0.016057493112707835,-0.45878551750593816,0.0,0.0,3.5,4.861131077303959,0.4815904494155496,0.06567142492030222,11991.513222929247,0.020495319362622753,0.5472618743358518,0.0,0.03,0.0,11.577992501940725,0.0,0.42200749805927384,0.0,0.018252919466231567,296.88321726211666,0.0,0.0,0.0,11.577992501940727,0.0,23.661206900372413,0.0,0.3387930996275853,0.0,0.014069480881544241,0.6352893482700047,352.09182994014344,0.0,0.7096042697140864,0.32412721850510445,23.661206900372413,0.0,0.0,17.0
5.299419056269288,29.441216979273825,20.12947369818783,111.83040943437683,1.1820875322343778,6.567152956857654,11990.98659693696,66616.59220520534,18.0,1.3384043119774038,66.9202155988702,0.9193486130475554,45.96743065237777,1.2796557153621344,63.98278576810672,0.0,0.0,0.0,0.0,2.0,0.0,0.0,0.0,0.0,0.0,0.0,0.0,0.0,0.35,0.0,0.0,0.025,0.0,0.0,0.0,0.0,0.0,0.0,0.3,0.0,0.0,6.264322155438276,417.6214770292184,0.0,0.0,0.0,0.0,1.7756020252353335,118.37346834902223,1.5,1.2991293086078421,99.93302373906478,1.2037649127995385,92.59730098457989,1.3270994576171637,102.08457366285876,0.0,0.0,0.0,0.0,1.3,0.0,0.0,0.2,0.0,0.0,295.7479537792315,2464.566281493596,0.7100324737130954,5.916937280942462,0.0,0.0,0.5195990742750134,4.329992285625112,12.0,0.0,0.0,0.0,0.0,0.4,0.0,0.0,0.0,0.0,0.0,0.0,0.0,0.0,0.075,0.0,0.0,0.7316892261975723,20.905406462787777,3.0768533653708294,87.91009615345227,1.4622525564316513,41.77864446947575,0.01752756702660399,0.5007876293315425,0.0,0.0,3.5,5.299419056269288,0.48159034409511087,0.06567141055842421,11990.98659693696,0.02063576236646417,0.5472617546535351,0.0,0.03,0.0,11.565271777618774,0.0,0.43472822238122566,0.0,0.018803123805416336,296.6871119759098,0.0,0.0,0.0,11.565271777618774,0.0,23.661114867007132,0.0,0.3388851329928664,0.0,0.014073302865152258,0.6354132978682743,352.2144147832679,0.0,0.7100324737130954,0.3241904580960583,23.661114867007136,0.0,0.0,18.0
5.58380545674345,31.0211414263525,20.12265599577613,111.7925333098674,1.247758928663226,6.931994048129034,11990.468475455444,66613.71375253025,18.0,1.2991293086078421,64.95646543039211,1.035185092905868,51.75925464529339,1.3270994576171637,66.35497288085818,0.0,0.0,0.0,0.0,2.0,0.0,0.0,0.0,0.0,0.0,0.0,0.0,0.0,0.35,0.0,0.0,0.025,0.0,0.0,0.0,0.0,0.0,0.0,0.3,0.0,0.0,6.201889139110571,413.45927594070474,0.0,0.0,0.0,0.0,1.8642812874307095,124.28541916204729,1.5,0.7316892261975723,56.283786630582476,3.0768533653708294,236.68102810544843,1.4622525564316513,112.4809658793578,0.01752756702660399,1.3482743866618454,0.0,0.0,1.3,0.0,0.0,0.2,0.0,0.0,295.42787070387305,2461.8989225322753,0.7103328036255953,5.919440030213294,0.0,0.0,0.5197193665611649,4.330994721343041,12.0,0.0,0.0,0.0,0.0,0.4,0.0,0.0,0.0,0.0,0.0,0.0,0.0,0.0,0.075,0.0,0.0,1.5356081519814624,43.874518628041784,1.0961086130475552,31.317388944215867,1.5396983492035137,43.99138140581468,-0.008424772480873088,-0.2407077851678025,0.0,0.0,3.5,5.58380545674345,0.4815902404782206,0.06567139642884826,11990.468475455444,0.020715382910881118,0.5472616369070689,0.0,0.03,0.0,11.55294555751001,0.0,0.4470544424899898,0.0,0.019336264813580875,296.4898986762444,0.0,0.0,0.0,11.55294555751001,0.0,23.661050522585104,0.0,0.3389494774148971,0.0,0.014075974975701707,0.6354999480673755,352.3369371819725,0.0,0.7103328036255953,0.32423466738131407,23.661050522585104,0.0,0.0,19.0
6.074863218114342,33.749240100635234,20.1176743390519,111.7648574391772,1.313430310733713,7.296835059631738,11989.94206941189,66610.7892745105,18.0,0.7316892261975723,36.58446130987861,2.892407725399279,144.62038626996394,1.4622525564316513,73.11262782158256,0.01752756702660399,0.8763783513301995,0.0,0.0,2.0,0.0,0.0,0.0,0.0,0.0,0.0,0.0,0.0,0.35,0.0,0.0,0.025,0.0,0.0,0.0,0.0,0.0,0.0,0.3,0.0,0.0,6.142338140988677,409.4892093992451,0.0,0.0,0.0,0.0,1.9519910648596928,130.13273765731284,1.5,1.5356081519814624,118.12370399857403,1.0961086130475552,84.31604715750426,1.5396983492035137,118.43833455411644,0.0,0.0,0.0,0.0,1.3,0.0,0.0,0.2,0.0,0.0,295.1216960113152,2459.34746676096,0.7105430358734501,5.921191965612084,0.0,0.0,0.5198025715330205,4.331688096108504,12.0,0.0,0.0,0.0,0.0,0.4,0.0,0.0,0.0,0.0,0.0,0.0,0.0,0.0,0.075,0.0,0.0,1.2896616824205214,36.84747664058633,1.211945092905868,34.62700265445337,1.584627363147193,45.27506751849123,-0.008424772480873088,-0.2407077851678025,0.0,0.0,3.5,6.074863218114342,0.48159013518357147,0.06567138207048702,11989.94206941189,0.020855473701407116,0.5472615172540585,0.0,0.03,0.0,11.541240605075174,0.0,0.45875939492482565,0.0,0.019842534382561665,296.29162301461184,0.0,0.0,0.0,11.541240605075174,0.0,23.661006019310943,0.0,0.33899398068905606,0.0,0.014077823118316282,0.6355598749904731,352.4593989439451,0.0,0.7105430358734501,0.3242652423420781,23.661006019310946,0.0,0.0,20.0
6.510917385233085,36.17176325129492,20.13493427063043,111.86074594794684,1.379101678448408,7.6616759913800445,11989.415798726246,66607.86554847914,18.0,1.5356081519814624,76.78040759907313,0.7416128003410534,37.080640017052666,1.5396983492035137,76.9849174601757,0.0,0.0,0.0,0.0,2.0,0.0,0.0,0.0,0.0,0.0,0.0,0.0,0.0,0.35,0.0,0.0,0.025,0.0,0.0,0.0,0.0,0.0,0.0,0.3,0.0,0.0,6.085559277163156,405.7039518108771,0.0,0.0,0.0,0.0,2.037789346135442,135.85262307569616,1.5,1.2896616824205214,99.20474480157857,1.211945092905868,93.2265456081437,1.584627363147193,121.89441254978406,0.0,0.0,0.0,0.0,1.3,0.0,0.0,0.2,0.0,0.0,294.963192841068,2458.0266070089,0.7106901645318664,5.922418037765553,0.0,0.0,0.519860706389358,4.33217255324465,12.0,0.0,0.0,0.0,0.0,0.4,0.0,0.0,0.0,0.0,0.0,0.0,0.0,0.0,0.075,0.0,0.0,0.7772250889865919,22.206431113902624,3.0691677253992786,87.69050643997939,1.7183521120868455,49.09577463105273,0.009102794545730902,0.26007984416374,0.0,0.0,3.5,6.510917385233085,0.4815900299077621,0.06567136771469484,11989.415798726246,0.020990711976333617,0.547261397622457,0.0,0.03,0.0,11.530231492299677,0.0,0.46976850770032286,0.0,0.020318707080463794,296.09232948657524,0.0,0.0,0.0,11.530231492299677,0.0,23.660974926631614,0.0,0.3390250733683877,0.0,0.01407911434254102,0.6356017416463007,352.581819918046,0.0,0.7106901645318664,0.32428660288076566,23.66097492663161,0.0,0.0,21.0
6.809360514234456,37.82978063463587,20.124325419587816,111.80180788659897,1.4447730319294192,8.02651684405233,11988.893994833154,66604.96663796196,18.0,1.2896616824205214,64.48308412102607,1.0695906420672499,53.47953210336249,1.584627363147193,79.23136815735964,0.0,0.0,0.0,0.0,2.0,0.0,0.0,0.0,0.0,0.0,0.0,0.0,0.0,0.35,0.0,0.0,0.025,0.0,0.0,0.0,0.0,0.0,0.0,0.3,0.0,0.0,6.0314847346107525,402.0989823073835,0.0,0.0,0.0,0.0,2.1245241329143516,141.6349421942901,1.5,0.7772250889865919,59.78654530666092,3.0691677253992786,236.0898250307137,1.7183521120868455,132.1809316989881,0.009102794545730902,0.7002149650562232,0.0,0.0,1.3,0.0,0.0,0.2,0.0,0.0,294.6203826491077,2455.1698554092304,0.7107921896617171,5.923268247180975,0.0,0.0,0.5198987713239559,4.332489761032965,12.0,0.0,0.0,0.0,0.0,0.4,0.0,0.0,0.0,0.0,0.0,0.0,0.0,0.0,0.075,0.0,0.0,1.7187549485075055,49.10728424307159,0.9183728003410532,26.239222866887236,1.791423938960957,51.1835411131702,-0.00438758464106696,-0.1253595611733417,0.0,0.0,3.5,6.809360514234456,0.4815899255274147,0.0656713534810111,11988.893994833154,0.021069801276940903,0.5472612790084258,0.0,0.03,0.0,11.519520040393992,0.0,0.48047995960600803,0.0,0.020782005173270245,295.8920621330612,0.0,0.0,0.0,11.519520040393992,0.0,23.660954568766,0.0,0.3390454312339991,0.0,0.014079959768853784,0.635629152895659,352.70417522829837,0.0,0.7107921896617171,0.3243005882120709,23.660954568766,0.0,0.0,22.0
7.333981236706608,40.7443402039256,20.116638537082938,111.7591029837941,1.510444371057993,8.391357616988849,11988.367947261513,66602.04415145285,18.0,0.7772250889865919,38.86125444932959,2.897182556096155,144.85912780480774,1.7183521120868455,85.91760560434227,0.009102794545730902,0.45513972728654506,0.0,0.0,2.0,0.0,0.0,0.0,0.0,0.0,0.0,0.0,0.0,0.35,0.0,0.0,0.025,0.0,0.0,0.0,0.0,0.0,0.0,0.3,0.0,0.0,5.978810645993959,398.58737639959725,0.0,0.0,0.0,0.0,2.210309560335601,147.35397068904007,1.5,1.7187549485075055,132.21191911596196,0.9183728003410532,70.6440615646964,1.791423938960957,137.80184145853516,0.0,0.0,0.0,0.0,1.3,0.0,0.0,0.2,0.0,0.0,294.3041565784215,2452.5346381535123,0.710862043220442,5.92385036017035,0.0,0.0,0.5199226784674668,4.33268898722889,12.0,0.0,0.0,0.0,0.0,0.4,0.0,0.0,0.0,0.0,0.0,0.0,0.0,0.0,0.075,0.0,0.0,1.246630780224576,35.618022292130746,1.2475952749667356,35.645579284763876,1.834013991165323,52.40039974758066,-0.00438758464106696,-0.1253595611733417,0.0,0.0,3.5,7.333981236706608,0.4815898202762067,0.06567133912857365,11988.367947261513,0.021213587764144917,0.5472611594047804,0.004143284024206594,0.024,0.0,11.509316138417041,0.0,0.49068386158295835,0.0,0.021223350414487818,295.6908416464183,0.0,0.0,0.0,11.509316138417041,0.0,23.660941783034666,0.0,0.3390582169653336,0.0,0.014080490737763024,0.6356463681499347,352.82646839426377,0.0,0.710862043220442,0.3243093715050687,23.66094178303467,0.0,0.0,23.0
7.757389839615027,43.096610220083484,20.129127845052516,111.82848802806954,1.5761156958368012,8.756198310204452,11987.84202478578,66599.12235992099,18.0,1.7187549485075055,85.93774742537528,0.5891475059206446,29.45737529603223,1.791423938960957,89.57119694804786,0.0,0.0,0.0,0.0,2.0,0.0,0.0,0.0,0.0,0.0,0.0,0.0,0.0,0.35,0.0,0.0,0.025,0.0,0.0,0.0,0.0,0.0,0.0,0.3,0.0,0.0,5.928921218564587,395.2614145709724,0.0,0.0,0.0,0.0,2.2943027200494592,152.95351466996397,1.5,1.246630780224576,95.89467540189047,1.2475952749667356,95.9688673051335,1.834013991165323,141.07799932040945,0.0,0.0,0.0,0.0,1.3,0.0,0.0,0.2,0.0,0.0,294.124874264611,2451.0406188717584,0.7109094587370814,5.924245489475679,0.0,0.0,0.5199379035033588,4.3328158625279904,12.0,0.0,0.0,0.0,0.0,0.4,0.0,0.0,0.0,0.0,0.0,0.0,0.0,0.0,0.075,0.0,0.0,0.8354062011227663,23.86874860350761,3.0749382624157433,87.8553789261641,1.9663931796443679,56.18266227555337,0.0047152099046639424,0.13472028299039837,0.0,0.0,3.5,7.757389839615027,0.48158971504459386,0.06567132477880826,11987.84202478578,0.02133856408896857,0.5472610398234021,0.003314627219365275,0.0252,0.0,11.49968116461301,0.0,0.5003188353869902,0.0,0.021640088035769472,295.48871478788635,0.0,0.0,0.0,11.49968116461301,0.0,23.66093364067358,0.0,0.3390663593264188,0.0,0.014080828875681845,0.635657331233372,352.94871790959024,0.0,0.7109094587370814,0.32431496491498574,23.66093364067358,0.0,0.0,24.0
8.071902388285794,44.843902157143305,20.11387268573538,111.74373714297433,1.6417870063298234,9.121038924054576,11987.318446993848,66596.21359441026,18.0,1.246630780224576,62.3315390112288,1.136554548581477,56.827727429073846,1.834013991165323,91.70069955826615,0.0,0.0,0.0,0.0,2.0,0.0,0.0,0.0,0.0,0.0,0.0,0.0,0.0,0.35,0.0,0.0,0.025,0.0,0.0,0.0,0.0,0.0,0.0,0.3,0.0,0.0,5.881471442743643,392.0980961829095,0.0,0.0,0.0,0.0,2.3792608043070986,158.61738695380657,1.5,0.8354062011227663,64.26201547098202,3.0749382624157433,236.53371249351872,1.9663931796443679,151.26101381879752,0.0047152099046639424,0.36270845420491865,0.0,0.0,1.3,0.0,0.0,0.2,0.0,0.0,293.7551223273814,2447.959352728178,0.7109403954103574,5.9245032950863115,0.0,0.0,0.5199447701858468,4.332873084882057,12.0,0.0,0.0,0.0,0.0,0.4,0.0,0.0,0.0,0.0,0.0,0.0,0.0,0.0,0.075,0.0,0.0,1.885832010118901,53.880914574825745,0.7669369524604126,21.912484356011788,2.0352773027081774,58.150780077376496,-0.002265945757148044,-0.06474130734708698,0.0,0.0,3.5,8.071902388285794,0.48158961028216296,0.06567131049302222,11987.318446993848,0.021417183087361617,0.5472609207751852,0.004268934303945847,0.02616,0.0,11.490274696434964,0.0,0.5097253035650351,0.0,0.02204694219571951,295.28572260687326,0.0,0.0,0.0,11.490274696434966,0.0,23.660929968394363,0.0,0.33907003160563587,0.0,0.014080981378971591,0.635662275648746,353.07089792142887,0.0,0.7109403954103574,0.32431748757589085,23.660929968394363,0.0,0.0,25.0
8.6122738734543,47.845965963635,20.09493798211751,111.63854434509727,1.707458302476141,9.485879458200783,11986.792741094021,66593.29300607789,18.0,0.8354062011227663,41.770310056138314,2.9662199482752265,148.31099741376133,1.9663931796443679,98.31965898221839,0.0047152099046639424,0.23576049523319714,0.0,0.0,2.0,0.0,0.0,0.0,0.0,0.0,0.0,0.0,0.0,0.35,0.0,0.0,0.025,0.0,0.0,0.0,0.0,0.0,0.0,0.3,0.0,0.0,5.832613526651319,388.8409017767546,0.0,0.0,0.0,0.0,2.463263481404591,164.21756542697273,1.5,1.885832010118901,145.064000778377,0.7669369524604126,58.99515018926251,2.0352773027081774,156.55979251601363,0.0,0.0,0.0,0.0,1.3,0.0,0.0,0.2,0.0,0.0,293.3866191194758,2444.8884926622986,0.7109592754176732,5.92466062848061,0.0,0.0,0.519945625594196,4.332880213284967,12.0,0.0,0.0,0.0,0.0,0.4,0.0,0.0,0.0,0.0,0.0,0.0,0.0,0.0,0.075,0.0,0.0,1.1878488001290668,33.93853714654477,1.3182453212498384,37.66415203570966,2.075727372604586,59.30649636013103,-0.002265945757148044,-0.06474130734708698,0.0,0.0,3.5,8.6122738734543,0.4815895050729959,0.06567129614631761,11986.792741094021,0.021554901391116744,0.5472608012193135,0.011741476863620101,0.0,0.0,11.481292150038417,0.0,0.5187078499615831,0.0,0.022435460638476783,295.08183463005554,0.0,0.0,0.0,11.481292150038415,0.0,23.660929510926007,0.0,0.33907048907399184,0.0,0.014081000376826903,0.6356628915899041,353.193008505493,0.0,0.7109592754176732,0.3243178018315837,23.66092951092601,0.0,0.0,26.0
9.012231339710334,50.06795188727964,20.089910989056065,111.61061660586702,1.7731295842782626,9.850719912657015,11986.267140951446,66590.3730052858,18.0,1.885832010118901,94.29160050594506,0.5372552369568404,26.862761847842023,2.0352773027081774,101.76386513540886,0.0,0.0,0.0,0.0,2.0,0.0,0.0,0.0,0.0,0.0,0.0,0.0,0.0,0.35,0.0,0.0,0.025,0.0,0.0,0.0,0.0,0.0,0.0,0.3,0.0,0.0,5.787110606517945,385.80737376786306,0.0,0.0,0.0,0.0,2.545565365279767,169.70435768531783,1.5,1.1878488001290668,91.37298462531284,1.3182453212498384,101.40348624998757,2.075727372604586,159.67133635419893,0.0,0.0,0.0,0.0,1.3,0.0,0.0,0.2,0.0,0.0,293.1250898083403,2442.709081736169,0.7109697849563954,5.924748207969961,0.0,0.0,0.5199433350926391,4.332861125771993,12.0,0.0,0.0,0.0,0.0,0.4,0.0,0.0,0.0,0.0,0.0,0.0,0.0,0.0,0.075,0.0,0.0,0.9170381347489575,26.201089564255927,3.1469245664099157,89.91213046885474,2.2068616511624777,63.05319003321365,0.0024492641475158984,0.06997897564331139,0.0,0.0,3.5,9.012231339710334,0.4815893998822259,0.06567128180212171,11986.267140951446,0.02166053910871323,0.5472606816843476,0.009393181490896081,0.006,0.0,11.472782853227493,0.0,0.5272171467725066,0.0,0.022803509808499427,294.8771097043243,0.0,0.0,0.0,11.472782853227493,0.0,23.660930735876057,0.0,0.33906926412394267,0.0,0.01408094950680825,0.635661242300958,353.31506415397087,0.0,0.7109697849563954,0.32431696035763163,23.660930735876057,0.0,0.0,27.0
9.339992503390958,51.88884724106088,20.066252565890807,111.47918092161558,1.8388008517689882,10.21556028760549,11985.742758495326,66587.45976941848,18.0,1.1878488001290668,59.39244000645334,1.2582438249176215,62.91219124588108,2.075727372604586,103.7863686302293,0.0,0.0,0.0,0.0,2.0,0.0,0.0,0.0,0.0,0.0,0.0,0.0,0.0,0.35,0.0,0.0,0.025,0.0,0.0,0.0,0.0,0.0,0.0,0.3,0.0,0.0,5.742914328552515,382.86095523683434,0.0,0.0,0.0,0.0,2.6288305652770165,175.25537101846777,1.5,0.9170381347489575,70.54139498068903,3.1469245664099157,242.07112049307045,2.2068616511624777,169.75858855095981,0.0024492641475158984,0.1884049344242999,0.0,0.0,1.3,0.0,0.0,0.2,0.0,0.0,292.71249315354345,2439.2707762795285,0.7109738463092088,5.92478205257674,0.0,0.0,0.5199370916448409,4.332809097040341,12.0,0.0,0.0,0.0,0.0,0.4,0.0,0.0,0.0,0.0,0.0,0.0,0.0,0.0,0.075,0.0,0.0,2.039660141370266,58.276004039150465,0.7189907516406366,20.54259290401819,2.271746736468821,64.90704961339489,-0.001142057534935161,-0.032630215283861744,0.0,0.0,3.5,9.339992503390958,0.48158929493198804,0.06567126749072565,11985.742758495326,0.021736048768476096,0.5472605624227137,0.012052185304139923,0.0,0.0,11.464453037126571,0.0,0.53554696287343,0.0,0.023163795972034166,294.67156875536915,0.0,0.0,0.0,11.46445303712657,0.0,23.660934074853994,0.0,0.33906592514600464,0.0,0.014080810844933747,0.6356567466444755,353.437044193119,0.0,0.7109738463092088,0.32431466665534464,23.660934074853998,0.0,0.0,28.0
9.906602867426367,55.03668259681315,20.047660569960204,111.37589205533446,1.9044721049179671,10.580400582877594,11985.217375084352,66584.54097269084,18.0,0.9170381347489575,45.85190673744787,3.029972869810339,151.49864349051694,2.2068616511624777,110.34308255812388,0.0024492641475158984,0.12246320737579493,0.0,0.0,2.0,0.0,0.0,0.0,0.0,0.0,0.0,0.0,0.0,0.35,0.0,0.0,0.025,0.0,0.0,0.0,0.0,0.0,0.0,0.3,0.0,0.0,5.70005180406964,380.0034536046427,0.0,0.0,0.0,0.0,2.711158701209341,180.74391341395605,1.5,2.039660141370266,156.89693395155894,0.7189907516406366,55.30698089543359,2.271746736468821,174.74974895914008,0.0,0.0,0.0,0.0,1.3,0.0,0.0,0.2,0.0,0.0,292.35166664762505,2436.2638887302087,0.7109732162514135,5.924776802095113,0.0,0.0,0.5199285696345847,4.332738080288205,12.0,0.0,0.0,0.0,0.0,0.4,0.0,0.0,0.0,0.0,0.0,0.0,0.0,0.0,0.075,0.0,0.0,1.1028276258528364,31.50936073865247,1.4409258371524745,41.16930963292784,2.3102492718234346,66.00712205209814,-0.001142057534935161,-0.032630215283861744,0.0,0.0,3.5,9.906602867426367,0.4815891897591786,0.0656712531489789,11985.217375084352,0.02187703193492076,0.5472604429081575,0.01862508496425723,0.0,0.0,11.456479709738694,0.0,0.543520290261305,0.0,0.023508663073585855,294.46523352429506,0.0,0.0,0.0,11.456479709738694,0.0,23.660938632423765,0.0,0.3390613675762369,0.0,0.01408062157708625,0.6356506102259485,353.5589555917805,0.0,0.7109732162514135,0.32431153582956557,23.66093863242376,0.0,0.0,29.0
10.282918517311618,57.12732509617566,20.0369269466683,111.31626081482389,1.970143343727799,10.945240798487772,11984.692085279132,66581.62269599517,18.0,2.039660141370266,101.98300706851332,0.5195356341454715,25.97678170727358,2.271746736468821,113.58733682344105,0.0,0.0,0.0,0.0,2.0,0.0,0.0,0.0,0.0,0.0,0.0,0.0,0.0,0.35,0.0,0.0,0.025,0.0,0.0,0.0,0.0,0.0,0.0,0.3,0.0,0.0,5.659900407743084,377.32669384953897,0.0,0.0,0.0,0.0,2.791883528407131,186.12556856047541,1.5,1.1028276258528364,84.83289429637203,1.4409258371524745,110.84044901172881,2.3102492718234346,177.7114824479565,0.0,0.0,0.0,0.0,1.3,0.0,0.0,0.2,0.0,0.0,292.06542357766745,2433.8785298138955,0.7109694767376621,5.924745639480517,0.0,0.0,0.5199192337508729,4.332660281257274,12.0,0.0,0.0,0.0,0.0,0.4,0.0,0.0,0.0,0.0,0.0,0.0,0.0,0.0,0.075,0.0,0.0,1.0223115694691416,29.208901984832615,3.212118479598222,91.77481370280634,2.4402363904892432,69.72103972826409,0.0013072066125807374,0.03734876035944964,0.0,0.0,3.5,10.282918517311618,0.48158908460543426,0.06567123880983194,11984.692085279132,0.021970518194932287,0.5472603234152662,0.014900067971405783,0.0,0.0,11.44890343524755,0.0,0.55109656475245,0.0,0.023836356606939876,294.2581523302503,0.0,0.0,0.0,11.44890343524755,0.0,23.660943625283636,0.0,0.33905637471636363,0.0,0.014080414232407128,0.635643887683751,353.6808084963165,0.0,0.7109694767376621,0.3243081059610975,23.660943625283636,0.0,0.0,30.0
10.638742711870014,59.10412617705563,20.01269577333437,111.18164318519096,2.0358145682164324,11.310080934535735,11984.167485798627,66578.70825443682,18.0,1.1028276258528364,55.141381292641825,1.3826143944152067,69.13071972076034,2.3102492718234346,115.51246359117174,0.0,0.0,0.0,0.0,2.0,0.0,0.0,0.0,0.0,0.0,0.0,0.0,0.0,0.35,0.0,0.0,0.025,0.0,0.0,0.0,0.0,0.0,0.0,0.3,0.0,0.0,5.6216600420355425,374.77733613570285,0.0004623803811093369,0.03082535874062246,0.0,0.0,2.8731541890596217,191.5436126039748,1.5,1.0223115694691416,78.63935149762628,3.212118479598222,247.0860368921709,2.4402363904892432,187.71049157609562,0.0013072066125807374,0.10055435481390287,0.0,0.0,1.3,0.0,0.0,0.2,0.0,0.0,291.6515098135324,2430.4292484461034,0.7109631412959693,5.9246928441330775,0.0,0.0,0.5199078726010844,4.332565605009036,12.0,0.0,0.0,0.0,0.0,0.4,0.0,0.0,0.0,0.0,0.0,0.0,0.0,0.0,0.075,0.0,0.0,2.1654249263951817,61.8692836112909,0.7018951211694988,20.054146319128538,2.501300385918272,71.46572531195064,-0.0006097640564655142,-0.017421830184728974,0.0,0.0,3.5,10.638742711870014,0.4815889795833121,0.06567122448863347,11984.167485798627,0.02205095951189078,0.5472602040719455,0.0163853265557437,0.0,0.0,11.441506685365994,0.0,0.5584933146340071,0.0,0.024156285235034908,294.05035877219854,0.0,0.0,0.0,11.441506685365992,0.0,23.660949701305466,0.0,0.33905029869453396,0.0,0.014080161905919182,0.6356357066836695,353.80258529846174,0.0,0.7109631412959693,0.32430393198146407,23.660949701305466,0.0,0.0,31.0
11.225643963264957,62.36468868480532,19.994431448121194,111.08017471178442,2.101485778368173,11.674920990934293,11983.64241908544,66575.79121714133,18.0,1.0223115694691416,51.11557847345708,3.0872198939494346,154.36099469747174,2.4402363904892432,122.01181952446215,0.0013072066125807374,0.06536033062903687,0.0,0.0,2.0,0.0,0.0,0.0,0.0,0.0,0.0,0.0,0.0,0.35,0.0,0.0,0.025,0.0,0.0,0.0,0.0,0.0,0.0,0.3,0.0,0.0,5.584937511235885,372.32916741572564,0.0006654224745666765,0.0443614983044451,0.0,0.0,2.953761245770131,196.91741638467542,1.5,2.1654249263951817,166.57114818424472,0.7018951211694988,53.991932397653756,2.501300385918272,192.40772199371324,0.0,0.0,0.0,0.0,1.3,0.0,0.0,0.2,0.0,0.0,291.2980999810158,2427.484166508465,0.7109549632984304,5.924624694153588,0.0,0.0,0.5198957224397278,4.332464353664398,12.0,0.0,0.0,0.0,0.0,0.4,0.0,0.0,0.0,0.0,0.0,0.0,0.0,0.0,0.075,0.0,0.0,0.9975152489039911,28.500435682971176,1.5655180862571545,44.72908817877584,2.538033481304521,72.51524232298631,-0.0006097640564655142,-0.017421830184728974,0.0,0.0,3.5,11.225643963264957,0.48158887444609827,0.06567121015174067,11983.64241908544,0.02219337141194466,0.5472600845978389,0.020164526680193067,0.0,0.0,11.43438878858684,0.0,0.5656112114131588,0.0,0.024464152742783688,293.841879293865,0.0,0.0,0.0,11.434388788586842,0.0,23.66095619934878,0.0,0.33904380065121975,0.0,0.014079892053622084,0.6356269573902492,353.92429421674495,0.0,0.7109549632984304,0.3242994680562496,23.660956199348778,0.0,0.0,32.0
11.574991205477211,64.30550669709561,19.983475207758495,111.01930670976942,2.1671569741856613,12.03976096769812,11983.117436343846,66572.8746463547,18.0,2.1654249263951817,108.27124631975907,0.5005692915555802,25.02846457777901,2.501300385918272,125.06501929591361,0.0,0.0,0.0,0.0,2.0,0.0,0.0,0.0,0.0,0.0,0.0,0.0,0.0,0.35,0.0,0.0,0.025,0.0,0.0,0.0,0.0,0.0,0.0,0.3,0.0,0.0,5.550757596653111,370.05050644354077,0.0,0.0,0.0,0.0,3.033698418153696,202.2465612102464,1.5,0.9975152489039911,76.73194222338394,1.5655180862571545,120.42446817362726,2.538033481304521,195.2333447157324,0.0,0.0,0.0,0.0,1.3,0.0,0.0,0.2,0.0,0.0,291.0137604763734,2425.114670636445,0.7109457518678556,5.92454793223213,0.0,0.0,0.5198837743881661,4.332364786568051,12.0,0.0,0.0,0.0,0.0,0.4,0.0,0.0,0.0,0.0,0.0,0.0,0.0,0.0,0.075,0.0,0.0,1.1545530965851383,32.987231331003954,3.2695428474229926,93.41550992637121,2.6669627371452442,76.19893534700698,0.0006974425561152233,0.019926930174720664,0.0,0.0,3.5,11.574991205477211,0.48158876932825057,0.0656711958174887,11983.117436343846,0.022277223552117868,0.5472599651457393,0.016131621344154454,0.0,0.0,11.427535448044702,0.0,0.572464551955297,0.0,0.024760577506717,293.6327604115814,0.0,0.0,0.0,11.427535448044702,0.0,23.66096258935453,0.0,0.3390374106454695,0.0,0.01407962668793478,0.6356183534968818,354.04594470728995,0.0,0.7109457518678556,0.3242950783147356,23.660962589354533,0.0,0.0,33.0
11.964052040863692,66.46695578257606,19.95866210867875,110.8814561593264,2.2328281556788254,12.404600864882365,11982.592865455366,66569.96036364093,18.0,0.9975152489039911,49.875762445199555,1.509034351812241,75.45171759061205,2.538033481304521,126.90167406522605,0.0,0.0,0.0,0.0,2.0,0.0,0.0,0.0,0.0,0.0,0.0,0.0,0.0,0.35,0.0,0.0,0.025,0.0,0.0,0.0,0.0,0.0,0.0,0.3,0.0,0.0,5.518572224278906,367.90481495192705,0.0009793877725747524,0.06529251817165016,0.0,0.0,3.1130742112621532,207.53828075081023,1.5,1.1545530965851383,88.81177666039525,3.2695428474229926,251.50329595561482,2.6669627371452442,205.15097978040342,0.0006974425561152233,0.05364942739347871,0.0,0.0,1.3,0.0,0.0,0.2,0.0,0.0,290.59840389017745,2421.6533657514788,0.7109354367239491,5.924461972699576,0.0,0.0,0.5198704841972185,4.332254034976821,12.0,0.0,0.0,0.0,0.0,0.4,0.0,0.0,0.0,0.0,0.0,0.0,0.0,0.0,0.075,0.0,0.0,2.257952755291904,64.51293586548297,0.6828060227952952,19.508743508437007,2.7243699467207594,77.83914133487883,-0.0003253975440470139,-0.00929707268705754,0.0,0.0,3.5,11.964052040863692,0.48158866428320285,0.06567118149316402,11982.592865455366,0.022363559753064154,0.5472598457763669,0.015532855831354187,0.0,0.0,11.420923925815593,0.0,0.579076074184407,0.0,0.025046543001055663,293.42303852754594,0.0,0.0,0.0,11.420923925815593,0.0,23.6609696972193,0.0,0.3390303027807,0.0,0.014079331510826411,0.6356087829561011,354.1675185813137,0.0,0.7109354367239491,0.32429019538576587,23.660969697219297,0.0,0.0,34.0
12.565261951128539,69.807010839603,19.94070504074456,110.78169467080312,2.2984993228398922,12.769440682443845,11982.068111405815,66567.04506336564,18.0,1.1545530965851383,57.72765482925691,3.13701147963849,156.8505739819245,2.6669627371452442,133.3481368572622,0.0006974425561152233,0.03487212780576116,0.0,0.0,2.0,0.0,0.0,0.0,0.0,0.0,0.0,0.0,0.0,0.35,0.0,0.0,0.025,0.0,0.0,0.0,0.0,0.0,0.0,0.3,0.0,0.0,5.488153960138507,365.87693067590044,0.001639396471123003,0.10929309807486685,0.0,0.0,3.1918740089961544,212.79160059974362,1.5,2.257952755291904,173.6886734839926,0.6828060227952952,52.52354021502271,2.7243699467207594,209.56691897851994,0.0,0.0,0.0,0.0,1.3,0.0,0.0,0.2,0.0,0.0,290.25212213276296,2418.7676844396915,0.7109243885037513,5.924369904197928,0.0,0.0,0.5198569984498551,4.332141653748793,12.0,0.0,0.0,0.0,0.0,0.4,0.0,0.0,0.0,0.0,0.0,0.0,0.0,0.0,0.075,0.0,0.0,0.8778938978202986,25.082682794865672,1.691341835795837,48.324052451309626,2.759496153229762,78.84274723513606,-0.0003253975440470139,-0.00929707268705754,0.0,0.0,3.5,12.565261951128539,0.48158855918115573,0.06567116716106669,11982.068111405815,0.02250567678971556,0.5472597263422224,0.016024194330525765,0.0,0.0,11.41454325510248,0.0,0.5854567448975194,0.0,0.02532252356823181,293.21274599272033,0.0,0.0,0.0,11.414543255102481,0.0,23.660976909738135,0.0,0.3390230902618646,0.0,0.014079031987618963,0.6355990714173003,354.2890253005375,0.0,0.7109243885037513,0.3242852405190308,23.660976909738135,0.0,0.0,35.0
12.88219972238181,71.56777623545449,19.92950587732338,110.719477096241,2.3641704756714965,13.134280420397204,11981.543430798029,66564.13017110016,18.0,2.257952755291904,112.8976377645952,0.47988127491124555,23.99406374556228,2.7243699467207594,136.21849733603796,0.0,0.0,0.0,0.0,2.0,0.0,0.0,0.0,0.0,0.0,0.0,0.0,0.0,0.35,0.0,0.0,0.025,0.0,0.0,0.0,0.0,0.0,0.0,0.3,0.0,0.0,5.4599452617924,363.99635078616,0.0014064378095392793,0.09376252063595196,0.0,0.0,3.2701275143435,218.0085009562333,1.5,0.8778938978202986,67.53029983233066,1.691341835795837,130.1032181381413,2.759496153229762,212.26893486382784,0.0,0.0,0.0,0.0,1.3,0.0,0.0,0.2,0.0,0.0,289.96944103021485,2416.4120085851237,0.7109131063861387,5.924275886551156,0.0,0.0,0.5198440855280695,4.332034046067246,12.0,0.0,0.0,0.0,0.0,0.4,0.0,0.0,0.0,0.0,0.0,0.0,0.0,0.0,0.075,0.0,0.0,1.3192037794302989,37.6915365551514,3.3188574668253663,94.82449905215333,2.8874474081985477,82.49849737710136,0.0003720450120682094,0.010629857487663125,0.0,0.0,3.5,12.88219972238181,0.4815884540984305,0.06567115283160416,11981.543430798029,0.022578999143856245,0.5472596069300346,0.012819355464420612,0.0,0.0,11.408379705391503,0.0,0.5916202946084959,0.0,0.025589113088602764,293.0019240762519,0.0,0.0,0.0,11.408379705391503,0.0,23.66098381595815,0.0,0.3390161840418482,0.0,0.014078745184462137,0.6355897722253158,354.41047362679495,0.0,0.7109131063861387,0.3242804960333244,23.660983815958154,0.0,0.0,36.0
13.309798171399388,73.94332317444105,19.904099427479526,110.57833015266404,2.429841614179136,13.499120078772979,11981.01901705077,66561.21676139317,18.0,0.8778938978202986,43.89469489101493,1.636874180348219,81.84370901741094,2.759496153229762,137.97480766148811,0.0,0.0,0.0,0.0,2.0,0.0,0.0,0.0,0.0,0.0,0.0,0.0,0.0,0.35,0.0,0.0,0.025,0.0,0.0,0.0,0.0,0.0,0.0,0.3,0.0,0.0,5.433797222733833,362.25314818225553,0.0028051374802735562,0.18700916535157042,0.0,0.0,3.347862722664538,223.19084817763587,1.5,1.3192037794302989,101.47721380233068,3.3188574668253663,255.29672821733587,2.8874474081985477,222.11133909219598,0.0003720450120682094,0.028618847082169954,0.0,0.0,1.3,0.0,0.0,0.2,0.0,0.0,289.55246981810126,2412.9372484841774,0.7109012793674261,5.924177328061885,0.0,0.0,0.5198300494715563,4.331917078929636,12.0,0.0,0.0,0.0,0.0,0.4,0.0,0.0,0.0,0.0,0.0,0.0,0.0,0.0,0.075,0.0,0.0,2.3119426553303493,66.05550443800998,0.6613580646607469,18.895944704592768,2.9413485884080037,84.03853109737153,-0.00017359947663417134,-0.00495998504669061,0.0,0.0,3.5,13.309798171399388,0.4815883490560234,0.06567113850763955,11981.01901705077,0.022672140827208934,0.5472594875636629,0.01025548437153649,0.0,0.0,11.40242066815847,0.0,0.5975793318415301,0.0,0.02584685691356099,292.79061149946557,0.0,0.0,0.0,11.40242066815847,0.0,23.66099132293417,0.0,0.33900867706583077,0.0,0.014078433432966393,0.6355796640300042,354.5318447943549,0.0,0.7109012793674261,0.3242753387908185,23.66099132293417,0.0,0.0,37.0
13.92351404753556,77.352855819642,19.890248999864873,110.50138333258263,2.495512738359369,13.86395965755205,11980.494572923331,66558.30318290739,18.0,1.3192037794302989,65.96018897151495,3.156140431198594,157.8070215599297,2.8874474081985477,144.37237040992738,0.0003720450120682094,0.018602250603410468,0.0,0.0,2.0,0.0,0.0,0.0,0.0,0.0,0.0,0.0,0.0,0.35,0.0,0.0,0.025,0.0,0.0,0.0,0.0,0.0,0.0,0.3,0.0,0.0,5.410190296056077,360.6793530704051,0.0038293630905408688,0.2552908727027246,0.0,0.0,3.4251122115432913,228.3408141028861,1.5,2.3119426553303493,177.84174271771917,0.6613580646607469,50.873697281595916,2.9413485884080037,226.2575837236926,0.0,0.0,0.0,0.0,1.3,0.0,0.0,0.2,0.0,0.0,289.232070139388,2410.2672511615665,0.7108892264736034,5.9240768872800285,0.0,0.0,0.5198162947905735,4.331802456588112,12.0,0.0,0.0,0.0,0.0,0.4,0.0,0.0,0.0,0.0,0.0,0.0,0.0,0.0,0.075,0.0,0.0,0.7457662656724995,21.307607590642842,1.81740761214782,51.925931775651996,2.9750157332858307,85.0004495224523,-0.00017359947663417134,-0.00495998504669061,0.0,0.0,3.5,13.92351404753556,0.48158824398837347,0.06567112418023274,11980.494572923331,0.02281524072944657,0.5472593681686062,0.008204387497229192,0.006,0.0,11.396654088400616,0.0,0.6033459115993832,0.0,0.02609627645326052,292.5788566949452,0.0,0.0,0.0,11.396654088400616,0.0,23.660998679491083,0.0,0.33900132050891707,0.0,0.014078127928111172,0.6355697582858586,354.65315216830965,0.0,0.7108892264736034,0.32427028483972375,23.660998679491083,0.0,0.0,38.0
14.205860431769427,78.92144684316348,19.888947399547334,110.49415221970742,2.5611838482148586,14.228799156749215,11979.970196517132,66555.38998065074,18.0,2.3119426553303493,115.59713276651746,0.3977511431908374,19.887557159541867,2.9413485884080037,147.06742942040017,0.0,0.0,0.0,0.0,2.0,0.0,0.0,0.0,0.0,0.0,0.0,0.0,0.0,0.35,0.0,0.0,0.025,0.0,0.0,0.0,0.0,0.0,0.0,0.3,0.0,0.0,5.388845138175557,359.2563425450371,0.003977361128294124,0.2651574085529416,0.0,0.0,3.5019055915473145,233.46037276982096,1.5,0.7457662656724995,57.3666358209615,1.81740761214782,139.8005855498323,2.9750157332858307,228.84736409891005,0.0,0.0,0.0,0.0,1.3,0.0,0.0,0.2,0.0,0.0,288.99997664885643,2408.33313874047,0.7108774717200479,5.923978931000399,0.0,0.0,0.5198037448220084,4.331697873516736,12.0,0.0,0.0,0.0,0.0,0.4,0.0,0.0,0.0,0.0,0.0,0.0,0.0,0.0,0.075,0.0,0.0,1.5184455341366891,43.38415811819112,3.3359191766382748,95.31197647537927,3.1020599116513528,88.63028319003865,0.00019844553543403804,0.005669872440972515,0.0,0.0,3.5,14.205860431769427,0.4815881389402569,0.06567110985548957,11979.970196517132,0.022882842594438912,0.5472592487957465,0.006563509997783354,0.0108,0.0,11.391068972185229,0.0,0.6089310278147713,0.0,0.026337847223822288,292.36670296786264,0.0,0.0,0.0,11.391068972185229,0.0,23.661005391780126,0.0,0.3389946082198743,0.0,0.014077849178566209,0.6355607199836444,354.77440803743707,0.0,0.7108774717200479,0.32426567346104307,23.661005391780126,0.0,0.0,39.0
14.684602452232483,81.58112473462491,19.86536859406843,110.36315885593572,2.626854943748781,14.59363857638212,11979.446018046967,66552.47787803871,18.0,0.7457662656724995,37.28831328362497,1.7527709134358906,87.63854567179453,2.9750157332858307,148.75078666429152,0.0,0.0,0.0,0.0,2.0,0.0,0.0,0.0,0.0,0.0,0.0,0.0,0.0,0.35,0.0,0.0,0.025,0.0,0.0,0.0,0.0,0.0,0.0,0.3,0.0,0.0,5.369553513269943,357.97023421799616,0.005704772186495094,0.3803181457663396,0.0,0.0,3.578270193656935,238.55134624379568,1.5,1.5184455341366891,116.80350262589916,3.3359191766382748,256.6091674337134,3.1020599116513528,238.6199932039502,0.00019844553543403804,0.015265041187233696,0.0,0.0,1.3,0.0,0.0,0.2,0.0,0.0,288.5911349767411,2404.9261248061757,0.710865477140023,5.923878976166859,0.0,0.0,0.5197900319964075,4.331583599970062,12.0,0.0,0.0,0.0,0.0,0.4,0.0,0.0,0.0,0.0,0.0,0.0,0.0,0.0,0.075,0.0,0.0,2.3147886687827253,66.13681910807787,0.5769261395425822,16.48360398693092,3.152593448373539,90.07409852495826,-9.42286192992406e-05,-0.0026922462656925887,0.0,0.0,3.5,14.684602452232483,0.48158803391543237,0.06567109553392259,11979.446018046967,0.022986430665094666,0.547259129449355,0.005250807998226683,0.01464,0.0,11.38565523875499,0.0,0.61434476124501,0.0,0.026572005244161333,292.1541898147609,0.0,0.0,0.0,11.385655238754989,0.0,23.661012726083882,0.0,0.33898727391611677,0.0,0.014077544597845382,0.63555084403557,354.8955875920902,0.0,0.710865477140023,0.32426063471202554,23.661012726083886,0.0,0.0,40.0
15.307314474421378,85.04063596900765,19.85969476021272,110.33163755673732,2.6925260249601486,14.958477916445272,11978.921890305892,66549.56605725495,18.0,1.5184455341366891,75.92227670683445,3.1191992215974667,155.95996107987332,3.1020599116513528,155.10299558256764,0.00019844553543403804,0.009922276771701901,0.0,0.0,2.0,0.0,0.0,0.0,0.0,0.0,0.0,0.0,0.0,0.35,0.0,0.0,0.025,0.0,0.0,0.0,0.0,0.0,0.0,0.3,0.0,0.0,5.352121258430595,356.808083895373,0.0070061863413337505,0.46707908942225,0.0,0.0,3.6542311955625255,243.6154130375017,1.5,2.3147886687827253,178.0606668294404,0.5769261395425822,44.37893381096786,3.152593448373539,242.50718833642608,0.0,0.0,0.0,0.0,1.3,0.0,0.0,0.2,0.0,0.0,288.31634053968804,2402.636171164067,0.7108535873398864,5.923779894499052,0.0,0.0,0.5197770101453245,4.331475084544371,12.0,0.0,0.0,0.0,0.0,0.4,0.0,0.0,0.0,0.0,0.0,0.0,0.0,0.0,0.075,0.0,0.0,0.6046421723669637,17.275490639056105,1.9314629105172862,55.184654586208175,3.1849362025013033,90.99817721432295,-9.42286192992406e-05,-0.0026922462656925887,0.0,0.0,3.5,15.307314474421378,0.4815879288833598,0.06567108121136724,11978.921890305892,0.023131269019419948,0.547259010094727,0.0042006463985813465,0.017712,0.0,11.380403628972276,0.0,0.6195963710277237,0.0,0.026799150996008814,291.94135314324416,0.0,0.0,0.0,11.380403628972276,0.0,23.661019690884103,0.0,0.3389803091158984,0.0,0.014077255361955912,0.6355414655582803,355.01670955123274,0.0,0.7108535873398864,0.3242558497746328,23.661019690884103,0.0,0.0,41.0
15.54783402603308,86.37685570018377,19.86663222248244,110.37017901379133,2.758197091851674,15.323317176953745,11978.397822308583,66546.65456838101,18.0,2.3147886687827253,115.73943343913626,0.2630299418843607,13.151497094218035,3.152593448373539,157.62967241867696,0.0,0.0,0.0,0.0,2.0,0.0,0.0,0.0,0.0,0.0,0.0,0.0,0.0,0.35,0.0,0.0,0.025,0.0,0.0,0.0,0.0,0.0,0.0,0.3,0.0,0.0,5.336379186491469,355.7586124327646,0.007446998125899204,0.4964665417266136,0.0,0.0,3.7298118635761712,248.6541242384114,1.5,0.6046421723669637,46.510936335920285,1.9314629105172862,148.57407003979125,3.1849362025013033,244.99509250010027,0.0,0.0,0.0,0.0,1.3,0.0,0.0,0.2,0.0,0.0,288.1260803975172,2401.0506699793104,0.7108422876223126,5.923685730185938,0.0,0.0,0.5197654524011909,4.331378770009923,12.0,0.0,0.0,0.0,0.0,0.4,0.0,0.0,0.0,0.0,0.0,0.0,0.0,0.0,0.075,0.0,0.0,1.759513806396172,50.27182303989063,3.297504819262583,94.21442340750238,3.3111363618314593,94.60389605232741,0.00010421691613479744,0.002977626175279927,0.0,0.0,3.5,15.54783402603308,0.4815878238711836,0.06567106689152503,11978.397822308583,0.02319089345533744,0.5472588907627086,0.003360517118865077,0.0201696,0.0,11.375305616112007,0.0,0.6246943838879933,0.0,0.02701965328235265,291.728225716343,0.0,0.0,0.0,11.375305616112007,0.0,23.661025872651948,0.0,0.33897412734805127,0.0,0.014076998644022063,0.6355331414097981,355.13778576439586,0.0,0.7108422876223126,0.32425160276010107,23.661025872651948,0.0,0.0,42.0
16.079138615036154,89.32854786131196,19.84145209573538,110.23028942075211,2.8238681444251066,15.688156357917258,11977.87391638467,66543.74397991483,18.0,0.6046421723669637,30.232108618348185,1.8804941563185291,94.02470781592646,3.1849362025013033,159.24681012506517,0.0,0.0,0.0,0.0,2.0,0.0,0.0,0.0,0.0,0.0,0.0,0.0,0.0,0.35,0.0,0.0,0.025,0.0,0.0,0.0,0.0,0.0,0.0,0.3,0.0,0.0,5.32220676070629,354.813784047086,0.009417440101581118,0.6278293401054078,0.0,0.0,3.8050340407310372,253.66893604873582,1.5,1.759513806396172,135.3472158766286,3.297504819262583,253.65421686635256,3.3111363618314593,254.70279706395843,0.00010421691613479744,0.00801668585652288,0.0,0.0,1.3,0.0,0.0,0.2,0.0,0.0,287.7049462162991,2397.541218469159,0.7108307620444589,5.923589683703825,0.0,0.0,0.519752283950006,4.331269032916717,12.0,0.0,0.0,0.0,0.0,0.4,0.0,0.0,0.0,0.0,0.0,0.0,0.0,0.0,0.075,0.0,0.0,2.265071798651491,64.71633710432832,0.441026420016454,12.600754857612971,3.3584296002498673,95.9551314357105,-4.992469740503855e-05,-0.0014264199258582442,0.0,0.0,3.5,16.079138615036154,0.4815877188718391,0.0656710525734326,11977.87391638467,0.023302922833344078,0.5472587714452717,0.0026884136950920618,0.022135679999999998,0.0,11.370353310525678,0.0,0.6296466894743218,0.0,0.027233853350965478,291.5148380742143,0.0,0.0,0.0,11.370353310525678,0.0,23.66103291598155,0.0,0.33896708401844927,0.0,0.014076706146945568,0.6355236570369328,355.25878366942476,0.0,0.7108307620444589,0.32424676379435347,23.66103291598155,0.0,0.0,43.0
16.69856389560135,92.7697994200075,19.840744647311602,110.22635915173113,2.8895391826809007,16.052995459338337,11977.350102662549,66540.83390368082,18.0,1.759513806396172,87.97569031980859,3.0460255721307705,152.30127860653852,3.3111363618314593,165.55681809157298,0.00010421691613479744,0.005210845806739872,0.0,0.0,2.0,0.0,0.0,0.0,0.0,0.0,0.0,0.0,0.0,0.35,0.0,0.0,0.025,0.0,0.0,0.0,0.0,0.0,0.0,0.3,0.0,0.0,5.309481464801827,353.9654309867885,0.01091405654191352,0.7276037694609012,0.0,0.0,3.8799181256513022,258.66120837675345,1.5,2.265071798651491,174.23629220396086,0.441026420016454,33.92510923203492,3.3584296002498673,258.340738480759,0.0,0.0,0.0,0.0,1.3,0.0,0.0,0.2,0.0,0.0,287.45971809714285,2395.4976508095237,0.7108194109021545,5.923495090851287,0.0,0.0,0.5197399765592307,4.331166471326922,12.0,0.0,0.0,0.0,0.0,0.4,0.0,0.0,0.0,0.0,0.0,0.0,0.0,0.0,0.075,0.0,0.0,0.46680450567759113,13.337271590788317,2.058243338824204,58.8069525378344,3.3895708941675746,96.84488269050213,-4.992469740503855e-05,-0.0014264199258582442,0.0,0.0,3.5,16.69856389560135,0.48158761387582283,0.06567103825579401,11977.350102662549,0.02344493001098528,0.5472586521316168,0.0021507309560736495,0.023708543999999998,0.0,11.365539407551607,0.0,0.6344605924483937,0.0,0.02744206714742187,291.3012184664152,0.0,0.0,0.0,11.365539407551607,0.0,23.661039498818756,0.0,0.33896050118124454,0.0,0.014076432773307498,0.6355147926785163,355.3797279993481,0.0,0.7108194109021545,0.3242422411625083,23.661039498818756,0.0,0.0,44.0
16.89272128840323,93.84845160224017,19.85126783550304,110.28482130835022,2.955210206621694,16.417834481231633,11976.826337988523,66537.92409993624,18.0,2.265071798651491,113.25358993257456,0.10460179844841955,5.230089922420977,3.3584296002498673,167.92148001249336,0.0,0.0,0.0,0.0,2.0,0.0,0.0,0.0,0.0,0.0,0.0,0.0,0.0,0.35,0.0,0.0,0.025,0.0,0.0,0.0,0.0,0.0,0.0,0.3,0.0,0.0,5.298093066093643,353.2062044062429,0.011565347053174066,0.7710231368782711,0.0,0.0,3.954483197863195,263.63221319087967,1.5,0.46680450567759113,35.90803889827624,2.058243338824204,158.32641067878492,3.3895708941675746,260.73622262827496,0.0,0.0,0.0,0.0,1.3,0.0,0.0,0.2,0.0,0.0,287.28818547287483,2394.068212273957,0.7108086930042403,5.923405775035336,0.0,0.0,0.5197291369244845,4.3310761410373715,12.0,0.0,0.0,0.0,0.0,0.4,0.0,0.0,0.0,0.0,0.0,0.0,0.0,0.0,0.075,0.0,0.0,2.0469439224934427,58.48411207124122,3.2235769181353104,92.10219766100886,3.5149830380527787,100.42808680150796,5.429221872975889e-05,0.0015512062494216826,0.0,0.0,3.5,16.89272128840323,0.4815875088991507,0.06567102394079327,11976.826337988523,0.02349385881529632,0.547258532839944,0.0017205847648589195,0.0249668352,0.0,11.360857131402922,0.0,0.639142868597079,0.0,0.027644587742088198,291.0873930696564,0.0,0.0,0.0,11.360857131402922,0.0,23.66104529664553,0.0,0.33895470335446953,0.0,0.014076191999770329,0.6355069853458238,355.5006291464011,0.0,0.7108086930042403,0.32423825782950194,23.66104529664553,0.0,0.0,45.0
17.47823210001564,97.10128944453132,19.822451748211687,110.12473193450937,3.0208812162482954,16.78267342360164,11976.302718919429,66535.01510510794,18.0,0.46680450567759113,23.340225283879555,2.0355698341524935,101.77849170762468,3.3895708941675746,169.47854470837873,0.0,0.0,0.0,0.0,2.0,0.0,0.0,0.0,0.0,0.0,0.0,0.0,0.0,0.35,0.0,0.0,0.025,0.0,0.0,0.0,0.0,0.0,0.0,0.3,0.0,0.0,5.287967770443468,352.5311846962312,0.013699403052373563,0.9132935368249042,0.0,0.0,4.028747392154396,268.58315947695974,1.5,2.0469439224934427,157.45722480718788,3.2235769181353104,247.9674552411777,3.5149830380527787,270.3833106194445,5.429221872975889e-05,0.004176324517673761,0.0,0.0,1.3,0.0,0.0,0.2,0.0,0.0,286.8421712857197,2390.351427380998,0.7107975886510349,5.923313238758625,0.0,0.0,0.5197161687757763,4.330968073131469,12.0,0.0,0.0,0.0,0.0,0.4,0.0,0.0,0.0,0.0,0.0,0.0,0.0,0.0,0.075,0.0,0.0,2.1611483909674893,61.747096884785414,0.28199487525205136,8.056996435772897,3.5591533189181996,101.69009482623427,-2.6125583966666593e-05,-0.000746445256190474,0.0,0.0,3.5,17.47823210001564,0.4815874039284092,0.06567100962660126,11976.302718919429,0.02361321887657874,0.5472584135550105,0.0013764678118871356,0.02597346816,0.0,11.356300169673869,0.0,0.6436998303261319,0.0,0.02784168816289498,290.87338668856853,0.0,0.0,0.0,11.356300169673869,0.0,23.6610522330136,0.0,0.33894776698639995,0.0,0.01407590394461794,0.6354976447854443,355.6214481969151,0.0,0.7107975886510349,0.3242334922374716,23.6610522330136,0.0,0.0,46.0
18.083297765576898,100.46276536431611,19.825189455578666,110.13994141988148,3.0865522115620108,17.147512286455616,11975.77920996255,66532.10672201416,18.0,2.0469439224934427,102.34719612467214,2.946222625379913,147.31113126899564,3.5149830380527787,175.74915190263894,5.429221872975889e-05,0.0027146109364879446,0.0,0.0,2.0,0.0,0.0,0.0,0.0,0.0,0.0,0.0,0.0,0.35,0.0,0.0,0.025,0.0,0.0,0.0,0.0,0.0,0.0,0.3,0.0,0.0,5.279021822107454,351.934788140497,0.015315639803873543,1.0210426535915695,0.0,0.0,4.102727800360561,273.51518669070407,1.5,2.1611483909674893,166.2421839205761,0.28199487525205136,21.691913480927028,3.5591533189181996,273.7810245321692,0.0,0.0,0.0,0.0,1.3,0.0,0.0,0.2,0.0,0.0,286.6191568238238,2388.492973531865,0.7107866291179314,5.923221909316095,0.0,0.0,0.5197042470980746,4.330868725817288,12.0,0.0,0.0,0.0,0.0,0.4,0.0,0.0,0.0,0.0,0.0,0.0,0.0,0.0,0.075,0.0,0.0,0.3433261390835769,9.809318259530768,2.212836295595399,63.22389415986854,3.5892055121033186,102.54872891723767,-2.6125583966666593e-05,-0.000746445256190474,0.0,0.0,3.5,18.083297765576898,0.48158729896724556,0.0656709953137153,11975.77920996255,0.02374933740123488,0.5472582942809608,0.0011011742495097084,0.026778774528,0.0,11.351862642959626,0.0,0.6481373570403739,0.0,0.028033622709358736,290.65922254242656,0.0,0.0,0.0,11.351862642959626,0.0,23.66105860970277,0.0,0.3389413902972276,0.0,0.014075639131944668,0.6354890578232005,355.74221669713194,0.0,0.7107866291179314,0.324229111134286,23.661058609702774,0.0,0.0,47.0
18.231794648420713,101.28774804678174,19.836822171679774,110.20456762044319,3.152223192565319,17.512351069807327,11975.255739028617,66529.19855015898,18.0,2.1611483909674893,108.05741954837447,-0.06201378191499618,-3.100689095749809,3.5591533189181996,177.95766594590998,0.0,0.0,0.0,0.0,2.0,0.0,0.0,0.0,0.0,0.0,0.0,0.0,0.0,0.35,0.0,0.0,0.025,0.0,0.0,0.0,0.0,0.0,0.0,0.3,0.0,0.0,5.271177465732798,351.4118310488532,0.016101897812648994,1.0734598541765996,0.0,0.0,4.1764405366085136,278.42936910723427,1.5,0.3433261390835769,26.40970300642899,2.212836295595399,170.21817658426147,3.5892055121033186,276.0927317002553,0.0,0.0,0.0,0.0,1.3,0.0,0.0,0.2,0.0,0.0,286.4538962663623,2387.1158022196855,0.7107762683305764,5.92313556942147,0.0,0.0,0.5196937466736108,4.33078122228009,12.0,0.0,0.0,0.0,0.0,0.4,0.0,0.0,0.0,0.0,0.0,0.0,0.0,0.0,0.075,0.0,0.0,2.380034233673888,68.00097810496823,3.123387794534237,89.23965127240679,3.7138793330379505,106.11083808679858,2.8166634763092296e-05,0.0008047609932312085,0.0,0.0,3.5,18.231794648420713,0.48158719402426037,0.06567098100330823,11975.255739028617,0.02378724109412499,0.5472581750275686,0.0008809393996077667,0.0274230196224,0.0,11.347539067549386,0.0,0.6524609324506137,0.0,0.028220628566203016,290.4449223695906,0.0,0.0,0.0,11.347539067549386,0.0,23.661064226232742,0.0,0.3389357737672589,0.0,0.01407540588734464,0.6354814944497982,355.86294283569737,0.0,0.7107762683305764,0.3242252522703052,23.661064226232742,0.0,0.0,48.0
18.86743506192853,104.81908367738072,19.804938401880605,110.02743556600336,3.2178941592583836,17.877189773657687,11974.732407290534,66526.29115161407,18.0,0.3433261390835769,17.166306954178843,2.150822513680403,107.54112568402016,3.5892055121033186,179.46027560516592,0.0,0.0,0.0,0.0,2.0,0.0,0.0,0.0,0.0,0.0,0.0,0.0,0.0,0.35,0.0,0.0,0.025,0.0,0.0,0.0,0.0,0.0,0.0,0.3,0.0,0.0,5.263376567622686,350.8917711748457,0.01832703899805771,1.221802599870514,0.0,0.0,4.249890663707107,283.32604424714043,1.5,2.380034233673888,183.07955643645295,3.123387794534237,240.26059957955673,3.7138793330379505,285.6830256183039,2.8166634763092296e-05,0.0021666642125455614,0.0,0.0,1.3,0.0,0.0,0.2,0.0,0.0,285.98806899022287,2383.2339082518574,0.7107653721627354,5.923044768022795,0.0,0.0,0.5196807618340238,4.330673015283532,12.0,0.0,0.0,0.0,0.0,0.4,0.0,0.0,0.0,0.0,0.0,0.0,0.0,0.0,0.075,0.0,0.0,2.007095066542147,57.345573329775625,0.17812472702905469,5.089277915115848,3.7550350090842906,107.28671454526545,-1.3490344444068111e-05,-0.0003854384126876603,0.0,0.0,3.5,18.86743506192853,0.48158708908247316,0.06567096669306452,11974.732407290534,0.02391282734937551,0.5472580557755377,0.0034310828085435665,0.02193841569792,0.0,11.343324897025816,0.0,0.6566751029741835,0.0,0.028402902377776106,290.2304869457051,0.0,0.0,0.0,11.343324897025816,0.0,23.661071171697742,0.0,0.3389288283022576,0.0,0.014075117454412693,0.6354721414248118,355.9835837721086,0.0,0.7107653721627354,0.32422048031878153,23.661071171697742,0.0,0.0,49.0
19.444484969736912,108.0249164985384,19.80604004312415,110.03355579513416,3.2835651116430276,18.24202839801682,11974.209187617345,66523.38437565192,18.0,2.380034233673888,119.00171168369441,2.8514039364690826,142.57019682345413,3.7138793330379505,185.6939666518975,2.8166634763092296e-05,0.0014083317381546148,0.0,0.0,2.0,0.0,0.0,0.0,0.0,0.0,0.0,0.0,0.0,0.35,0.0,0.0,0.025,0.0,0.0,0.0,0.0,0.0,0.0,0.3,0.0,0.0,5.256798709315748,350.4532472877165,0.019994273846905483,1.3329515897936988,0.0,0.0,4.323095203440735,288.20634689604896,1.5,2.007095066542147,154.39192819554975,0.17812472702905469,13.701902079158053,3.7550350090842906,288.84884685263773,0.0,0.0,0.0,0.0,1.3,0.0,0.0,0.2,0.0,0.0,285.7611278978011,2381.3427324816757,0.7107545111491291,5.922954259576076,0.0,0.0,0.5196687671475192,4.330573059562661,12.0,0.0,0.0,0.0,0.0,0.4,0.0,0.0,0.0,0.0,0.0,0.0,0.0,0.0,0.075,0.0,0.0,0.24786321542924838,7.081806155121383,2.328674295303647,66.53355129438991,3.7841010534609736,108.11717295602782,-1.3490344444068111e-05,-0.0003854384126876603,0.0,0.0,3.5,19.444484969736912,0.48158698415405654,0.06567095238464407,11974.209187617345,0.024038263350360887,0.5472579365387006,0.0027448662468348532,0.023550732558336,0.0,11.339215155875479,0.0,0.6607848441245205,0.0,0.028580659347946392,290.0159404921165,0.0,0.0,0.0,11.33921515587548,0.0,23.661077587594644,0.0,0.33892241240535514,0.0,0.014074851013511426,0.6354635014662352,356.1041734834458,0.0,0.7107545111491291,0.3242160721766506,23.661077587594644,0.0,0.0,50.0
19.55451178136611,108.63617656314506,19.81421440505469,110.0789689169705,3.3492360497214397,18.60686694289689,11973.6859951769,66520.47775098278,18.0,2.007095066542147,100.35475332710735,-0.14650963808289097,-7.3254819041445485,3.7550350090842906,187.75175045421454,0.0,0.0,0.0,0.0,2.0,0.0,0.0,0.0,0.0,0.0,0.0,0.0,0.0,0.35,0.0,0.0,0.025,0.0,0.0,0.0,0.0,0.0,0.0,0.3,0.0,0.0,5.25133755885912,350.08917059060803,0.020847469557461612,1.3898313038307741,0.0,0.0,4.396069924932027,293.07132832880177,1.5,0.24786321542924838,19.06640118686526,2.328674295303647,179.12879194643438,3.7841010534609736,291.0846964200749,0.0,0.0,0.0,0.0,1.3,0.0,0.0,0.2,0.0,0.0,285.57977618134,2379.8314681778334,0.7107441185598857,5.922867654665714,0.0,0.0,0.5196580145997446,4.3304834549978715,12.0,0.0,0.0,0.0,0.0,0.4,0.0,0.0,0.0,0.0,0.0,0.0,0.0,0.0,0.075,0.0,0.0,2.7515943012863793,78.61698003675369,3.029037361767678,86.54392462193366,3.908080677534508,111.65944792955737,1.4676290319024185e-05,0.00041932258054354815,0.0,0.0,3.5,19.55451178136611,0.4815868792416903,0.0656709380784123,11973.6859951769,0.024065376874382264,0.5472578173201026,0.0021958929974678827,0.0248405860466688,0.0,11.335205212692253,0.0,0.6647947873077459,0.0,0.028754099797047836,289.801305162814,0.0,0.0,0.0,11.335205212692253,0.0,23.66108333912291,0.0,0.3389166608770892,0.0,0.014074612162669819,0.635455756121644,356.22471846240705,0.0,0.7107441185598857,0.3242121204702265,23.66108333912291,0.0,0.0,51.0
20.240251290109907,112.4458405006106,19.78195041111117,109.89972450617316,3.414906973493313,18.97170540829618,11973.162942486486,66517.5719027027,18.0,0.24786321542924838,12.39316077146242,2.182164657220756,109.1082328610378,3.7841010534609736,189.20505267304867,0.0,0.0,0.0,0.0,2.0,0.0,0.0,0.0,0.0,0.0,0.0,0.0,0.0,0.35,0.0,0.0,0.025,0.0,0.0,0.0,0.0,0.0,0.0,0.3,0.0,0.0,5.245461749476792,349.6974499651195,0.02309900426475714,1.5399336176504759,0.0,0.0,4.4688146475482595,297.92097650321733,1.5,2.7515943012863793,211.66110009895223,3.029037361767678,233.00287398212907,3.908080677534508,300.62159057957757,1.4676290319024185e-05,0.0011289454091557066,0.0,0.0,1.3,0.0,0.0,0.2,0.0,0.0,285.1141448608543,2375.951207173786,0.7107331268644372,5.922776057203644,0.0,0.0,0.5196448180473764,4.3303734837281365,12.0,0.0,0.0,0.0,0.0,0.4,0.0,0.0,0.0,0.0,0.0,0.0,0.0,0.0,0.075,0.0,0.0,1.8029423321254159,51.51263806072617,0.17896311019612687,5.113231719889339,3.9463220376056265,112.75205821730361,-7.012227483705426e-06,-0.00020034935667729792,0.0,0.0,3.5,20.240251290109907,0.48158677432706826,0.06567092377187295,11973.162942486486,0.02419799545764066,0.5472576980989412,0.007703727989995015,0.01987246883733504,0.0,11.331291536858755,0.0,0.6687084631412448,0.0,0.028923376433444843,289.58657268055555,0.0,0.0,0.0,11.331291536858755,0.0,23.661090398005292,0.0,0.3389096019947068,0.0,0.014074319019713738,0.6354462501436866,356.34517795335313,0.0,0.7107331268644372,0.32420727048147274,23.661090398005292,0.0,0.0,52.0
20.77959702911104,115.44220571728357,19.781715920510322,109.8984217806129,3.4805778829608407,19.33654379422689,11972.639996369784,66514.66664649881,18.0,2.7515943012863793,137.57971506431895,2.762274258357314,138.1137129178657,3.908080677534508,195.4040338767254,1.4676290319024185e-05,0.0007338145159512092,0.0,0.0,2.0,0.0,0.0,0.0,0.0,0.0,0.0,0.0,0.0,0.35,0.0,0.0,0.025,0.0,0.0,0.0,0.0,0.0,0.0,0.3,0.0,0.0,5.2408868059422735,349.39245372948494,0.024756411217872865,1.6504274145248579,0.0,0.0,4.541346747631446,302.7564498420964,1.5,1.8029423321254159,138.6878717019551,0.17896311019612687,13.76639309200976,3.9463220376056265,303.56323366197125,0.0,0.0,0.0,0.0,1.3,0.0,0.0,0.2,0.0,0.0,284.88315163088555,2374.026263590713,0.710722130591539,5.922684421596158,0.0,0.0,0.5196326075008704,4.330271729173919,12.0,0.0,0.0,0.0,0.0,0.4,0.0,0.0,0.0,0.0,0.0,0.0,0.0,0.0,0.075,0.0,0.0,0.19010414585665192,5.431547024475769,2.3606871453776574,67.44820415364735,3.9744964938958938,113.55704268273982,-7.012227483705426e-06,-0.00020034935667729792,0.0,0.0,3.5,20.77959702911104,0.48158666942853834,0.06567090946752796,11972.639996369784,0.02431146219313315,0.5472575788960663,0.006162982391996012,0.02189797506986803,0.0,11.327469847529102,0.0,0.6725301524708973,0.0,0.029088674414831203,289.37176890608896,0.0,0.0,0.0,11.327469847529104,0.0,23.66109692952682,0.0,0.338903070473178,0.0,0.014074047777125332,0.6354374542737922,356.46558551479325,0.0,0.710722130591539,0.3242027827927511,23.661096929526824,0.0,0.0,53.0
20.863337779588672,115.90743210882596,19.78766571923243,109.93147621795794,3.5462487781258867,19.70138210069937,11972.1170703417,66511.76150189832,18.0,1.8029423321254159,90.1471166062708,-0.13346912447852777,-6.673456223926388,3.9463220376056265,197.31610188028134,0.0,0.0,0.0,0.0,2.0,0.0,0.0,0.0,0.0,0.0,0.0,0.0,0.0,0.35,0.0,0.0,0.025,0.0,0.0,0.0,0.0,0.0,0.0,0.3,0.0,0.0,5.237472607222064,349.1648404814709,0.02561636595479222,1.7077577303194813,0.0,0.0,4.613682013038681,307.5788008692454,1.5,0.19010414585665192,14.62339583512707,2.3606871453776574,181.59131887520442,3.9744964938958938,305.73049953045336,0.0,0.0,0.0,0.0,1.3,0.0,0.0,0.2,0.0,0.0,284.69166608949746,2372.430550745812,0.7107115531379646,5.922596276149705,0.0,0.0,0.5196215675366062,4.330179729471718,12.0,0.0,0.0,0.0,0.0,0.4,0.0,0.0,0.0,0.0,0.0,0.0,0.0,0.0,0.075,0.0,0.0,3.1494401153524203,89.98400329578344,2.940444248882835,84.01269282522385,4.097821185473511,117.08060529924317,7.664062835318759e-06,0.00021897322386625024,0.0,0.0,3.5,20.863337779588672,0.48158656454367105,0.06567089516504605,11972.1170703417,0.024331431623853185,0.5472574597087171,0.00493038591359681,0.023518380055894426,0.0,11.323736174848495,0.0,0.6762638251515056,0.0,0.029250165447729484,289.15691694413664,0.0,0.0,0.0,11.323736174848493,0.0,23.661102834941595,0.0,0.3388971650584041,0.0,0.014073802535648012,0.6354295015094491,356.58594679980075,0.0,0.7107115531379646,0.324198725259923,23.661102834941595,0.0,0.0,54.0
21.57792954104359,119.87738633913106,19.75504392562463,109.75024403124793,3.611919658987855,20.066220327710305,11971.594282922943,66508.85712734968,18.0,0.19010414585665192,9.505207292832596,2.2272180208991297,111.36090104495649,3.9744964938958938,198.72482469479468,0.0,0.0,0.0,0.0,2.0,0.0,0.0,0.0,0.0,0.0,0.0,0.0,0.0,0.35,0.0,0.0,0.025,0.0,0.0,0.0,0.0,0.0,0.0,0.3,0.0,0.0,5.231328251462019,348.75521676413456,0.027837144432626332,1.8558096288417554,0.0,0.0,4.685795856556881,312.38639043712544,1.5,3.1494401153524203,242.2646242578785,2.940444248882835,226.18801914483345,4.097821185473511,315.2170142671931,7.664062835318759e-06,0.0005895432950245199,0.0,0.0,1.3,0.0,0.0,0.2,0.0,0.0,284.22623358949704,2368.551946579142,0.7107003646002097,5.922503038335081,0.0,0.0,0.5196081331182822,4.330067775985685,12.0,0.0,0.0,0.0,0.0,0.4,0.0,0.0,0.0,0.0,0.0,0.0,0.0,0.0,0.075,0.0,0.0,1.5699370303249294,44.85534372356941,0.1817957302637141,5.194163721820402,4.133241398563548,118.09261138752996,-3.5765535183129354e-06,-0.00010218724338036957,0.0,0.0,3.5,21.57792954104359,0.48158645965443353,0.0656708808619682,11971.594282922943,0.02446634520584932,0.5472573405164017,0.012470349053569375,0.0,0.0,11.32008877890392,0.0,0.6799112210960816,0.0,0.029407924787892805,288.9419624089839,0.0,0.0,0.0,11.320088778903918,0.0,23.661110021240333,0.0,0.33888997875966737,0.0,0.01407350410131509,0.6354198237144124,356.706222302564,0.0,0.7107003646002097,0.3241937876093941,23.661110021240333,0.0,0.0,55.0
22.056804483729174,122.5378026873843,19.74251986239554,109.68066590219745,3.677590525549098,20.431058475272767,11971.071585188029,66505.9532510446,18.0,3.1494401153524203,157.47200576762103,2.7438248168839237,137.1912408441962,4.097821185473511,204.89105927367555,7.664062835318759e-06,0.00038320314176593795,0.0,0.0,2.0,0.0,0.0,0.0,0.0,0.0,0.0,0.0,0.0,0.35,0.0,0.0,0.025,0.0,0.0,0.0,0.0,0.0,0.0,0.3,0.0,0.0,5.227016004201832,348.46773361345544,0.02943141255713322,1.962094170475548,0.0,0.0,4.757710775554107,317.1807183702738,1.5,1.5699370303249294,120.76438694807149,0.1817957302637141,13.984286943362623,4.133241398563548,317.94164604334986,0.0,0.0,0.0,0.0,1.3,0.0,0.0,0.2,0.0,0.0,283.93726388805743,2366.143865733812,0.7106889351895771,5.922407793246476,0.0,0.0,0.5195950486011409,4.329958738342841,12.0,0.0,0.0,0.0,0.0,0.4,0.0,0.0,0.0,0.0,0.0,0.0,0.0,0.0,0.075,0.0,0.0,0.19281555795352157,5.509015941529188,2.408006605110101,68.80018871743147,4.160611419759947,118.87461199314134,-3.5765535183129354e-06,-0.00010218724338036957,0.0,0.0,3.5,22.056804483729174,0.4815863547824499,0.06567086656124316,11971.071585188029,0.0245594864298895,0.547257221343693,0.0099762792428555,0.006,0.0,11.316523644246688,0.0,0.6834763557533124,0.0,0.0295621261138976,288.72694178398166,0.0,0.0,0.0,11.316523644246688,0.0,23.66111702043491,0.0,0.3388829795650896,0.0,0.014073213437088438,0.6354103978116831,356.82643736692177,0.0,0.7106889351895771,0.3241889784753485,23.66111702043491,0.0,0.0,56.0
22.13491092194309,122.97172734412828,19.73682557885955,109.64903099366416,3.7432613778109247,20.795896543394026,11970.548901210921,66503.04945117178,18.0,1.5699370303249294,78.49685151624647,-0.06367856919525083,-3.1839284597625417,4.133241398563548,206.66206992817743,0.0,0.0,0.0,0.0,2.0,0.0,0.0,0.0,0.0,0.0,0.0,0.0,0.0,0.35,0.0,0.0,0.025,0.0,0.0,0.0,0.0,0.0,0.0,0.3,0.0,0.0,5.224270940157718,348.28472934384786,0.030245983874007037,2.0163989249338026,0.0,0.0,4.829446404582022,321.96309363880147,1.5,0.19281555795352157,14.831965996424735,2.408006605110101,185.23127731616162,4.160611419759947,320.0470322892267,0.0,0.0,0.0,0.0,1.3,0.0,0.0,0.2,0.0,0.0,283.6903596438841,2364.086330365701,0.7106776290823591,5.922313575686326,0.0,0.0,0.519582708016138,4.329855900134484,12.0,0.0,0.0,0.0,0.0,0.4,0.0,0.0,0.0,0.0,0.0,0.0,0.0,0.0,0.075,0.0,0.0,3.552919927058568,101.51199791595907,2.9238076842527008,83.53736240722002,4.283316133935364,122.38046096958185,4.087509317005823e-06,0.00011678598048588067,0.0,0.0,3.5,22.13491092194309,0.4815862499200625,0.0656708522618267,11970.548901210921,0.024573125073455764,0.5472571021818892,0.0079810233942844,0.0108,0.0,11.313037109214527,0.0,0.6869628907854735,0.0,0.029712927802139858,288.5118863151994,0.0,0.0,0.0,11.313037109214527,0.0,23.661123621741716,0.0,0.3388763782582834,0.0,0.014072939296440339,0.6354015076761064,356.9465980258934,0.0,0.7106776290823591,0.324184442691891,23.66112362174172,0.0,0.0,57.0
22.886120098258107,127.14511165698949,19.703876268799984,109.46597927111102,3.808932215772521,21.16073453206956,11970.026358117955,66500.14643398864,18.0,0.19281555795352157,9.640777897676077,2.34432803591485,117.21640179574251,4.160611419759947,208.03057098799735,0.0,0.0,0.0,0.0,2.0,0.0,0.0,0.0,0.0,0.0,0.0,0.0,0.0,0.35,0.0,0.0,0.025,0.0,0.0,0.0,0.0,0.0,0.0,0.3,0.0,0.0,5.220128845437694,348.00858969584624,0.03238742360259478,2.1591615735063185,0.0,0.0,4.9009915302617,326.73276868411335,1.5,3.552919927058568,273.30153285065904,2.9238076842527008,224.9082834040539,4.283316133935364,329.4858564565665,4.087509317005823e-06,0.00031442379361583254,0.0,0.0,1.3,0.0,0.0,0.2,0.0,0.0,283.2251449441606,2360.209541201338,0.7106656530629254,5.922213775524378,0.0,0.0,0.5195683023139477,4.32973585261623,12.0,0.0,0.0,0.0,0.0,0.4,0.0,0.0,0.0,0.0,0.0,0.0,0.0,0.0,0.075,0.0,0.0,1.3003139990616188,37.151828544617686,0.1821880526471662,5.205372932776177,4.316001827541602,123.31433792976007,-1.907501748323161e-06,-5.450004995209031e-05,0.0,0.0,3.5,22.886120098258107,0.4815861450517063,0.06567083796159631,11970.026358117955,0.024711982544674275,0.5472569830133026,0.015194810049765101,0.0,0.0,11.30962715962588,0.0,0.6903728403741196,0.0,0.02986041697119895,288.29676814981934,0.0,0.0,0.0,11.30962715962588,0.0,23.66113132780557,0.0,0.33886867219443095,0.0,0.014072619277177368,0.6353911296481698,357.0666725609693,0.0,0.7106656530629254,0.3241791477796785,23.66113132780557,0.0,0.0,58.0
23.298613673579368,129.4367426309965,19.686870997088853,109.37150553938251,3.874603039436395,21.525572441313308,11969.503889070558,66497.24382816977,18.0,3.552919927058568,177.6459963529284,2.7498459377391278,137.49229688695638,4.283316133935364,214.16580669676824,4.087509317005823e-06,0.00020437546585029114,0.0,0.0,2.0,0.0,0.0,0.0,0.0,0.0,0.0,0.0,0.0,0.35,0.0,0.0,0.025,0.0,0.0,0.0,0.0,0.0,0.0,0.3,0.0,0.0,5.217181864749877,347.81212431665847,0.03387336981065478,2.258224654043652,0.0,0.0,4.972361717999804,331.4907811999869,1.5,1.3003139990616188,100.02415377397068,0.1821880526471662,14.014465588243553,4.316001827541602,332.00014058012323,0.0,0.0,0.0,0.0,1.3,0.0,0.0,0.2,0.0,0.0,282.9179153339159,2357.6492944492993,0.7106534120510443,5.922111767092035,0.0,0.0,0.519554277594997,4.329618979958308,12.0,0.0,0.0,0.0,0.0,0.4,0.0,0.0,0.0,0.0,0.0,0.0,0.0,0.0,0.075,0.0,0.0,0.2619080228340005,7.483086366685729,2.526078478032583,72.17367080093095,4.342647746341686,124.07564989547674,-1.907501748323161e-06,-5.450004995209031e-05,0.0,0.0,3.5,23.298613673579368,0.4815860402017419,0.06567082366387389,11969.503889070558,0.024787816467512384,0.5472568638656158,0.012155848039812081,0.0,0.0,11.306290609987617,0.0,0.6937093900123839,0.0,0.030004731401919716,288.0816111339328,0.0,0.0,0.0,11.306290609987615,0.0,23.661138830142953,0.0,0.33886116985704595,0.0,0.01407230771831586,0.635381025892721,357.1866837921741,0.0,0.7106534120510443,0.3241739928024087,23.661138830142953,0.0,0.0,59.0
23.399431267921692,129.99684037734275,19.676678426207527,109.31488014559737,3.940273848803383,21.890410271129905,11968.981436215623,66494.34131230901,18.0,1.3003139990616188,65.01569995308094,-0.038685441952768684,-1.9342720976384342,4.316001827541602,215.80009137708012,0.0,0.0,0.0,0.0,2.0,0.0,0.0,0.0,0.0,0.0,0.0,0.0,0.0,0.35,0.0,0.0,0.025,0.0,0.0,0.0,0.0,0.0,0.0,0.3,0.0,0.0,5.215924175772548,347.7282783848365,0.03459780852337632,2.306520568225088,9.474166495331094e-05,0.006316110996887395,5.043442205684364,336.2294803789576,1.5,0.2619080228340005,20.14677098723081,2.526078478032583,194.31372907942946,4.342647746341686,334.0498266416681,0.0,0.0,0.0,0.0,1.3,0.0,0.0,0.2,0.0,0.0,282.6508253812463,2355.423544843719,0.7106412805873208,5.922010671561007,0.0,0.0,0.5195409988004939,4.329508323337449,12.0,0.0,0.0,0.0,0.0,0.4,0.0,0.0,0.0,0.0,0.0,0.0,0.0,0.0,0.075,0.0,0.0,3.9336882680741536,112.39109337354725,2.930598291433314,83.73137975523754,4.4647635955443965,127.56467415841134,2.1800075686826626e-06,6.228593053379035e-05,0.0,0.0,3.5,23.399431267921692,0.48158593535791067,0.06567080936698781,11968.981436215623,0.024803889789812565,0.5472567447248985,0.009724678431849664,0.006,0.0,11.303024205958828,0.0,0.696975794041173,0.0,0.030146011852991917,287.866448995773,0.0,9.474166495331094e-05,9.474166495331094e-05,11.303024205958826,0.0,23.661145933524754,0.0,0.33885406647524624,0.0,0.014072012727377336,0.6353714593450948,357.3066375023294,0.0,0.7106412805873208,0.32416911191076264,23.661145933524754,0.0,0.0,60.0
24.180914795082412,134.33841552823563,19.643418032248864,109.13010017916037,4.005944643872714,22.255248021515076,11968.45912590285,66491.43958834917,18.0,0.2619080228340005,13.095401141700027,2.487393036079814,124.3696518039907,4.342647746341686,217.1323873170843,0.0,0.0,0.0,0.0,2.0,0.0,0.0,0.0,0.0,0.0,0.0,0.0,0.0,0.35,0.0,0.0,0.025,0.0,0.0,0.0,0.0,0.0,0.0,0.3,1.8001628507492003e-06,0.00012001085671661335,5.21396797332273,347.597864888182,0.0366198845761489,2.4413256384099267,0.0003403382924862619,0.022689219499084128,5.114144983335206,340.94299888901367,1.5,3.9336882680741536,302.59140523647335,2.930598291433314,225.43063780256261,4.4647635955443965,343.4433535034151,2.1800075686826626e-06,0.00016769288989866633,0.0,0.0,1.3,0.0,0.0,0.2,0.0,0.0,282.1858355905038,2351.548629920865,0.7106285523049316,5.921904602541097,0.0,0.0,0.5195258808640658,4.329382340533882,12.0,0.0,0.0,0.0,0.0,0.4,0.0,0.0,0.0,0.0,0.0,0.0,0.0,0.0,0.075,0.0,0.0,1.0004163024093238,28.583322925980678,0.1821662308090901,5.204749451688289,4.494795672377783,128.42273349650807,-1.0173361257793123e-06,-2.9066746450837494e-05,0.0,0.0,3.5,24.180914795082412,0.4815858305084257,0.06567079506933077,11968.45912590285,0.024945295468996237,0.5472566255777565,0.015043269507570282,0.0,1.8569014475265555e-06,11.299830082498618,0.0,0.7001699175013815,2.652716353609365e-06,0.03028414006668683,287.6512678161757,8.3560565138695e-07,0.0003403382924862619,0.00024824934388656037,11.29983008249862,0.0,23.661154020819488,0.0,0.3388459791805114,0.0,0.014071676876267087,0.6353605676029989,357.42650472792974,0.0,0.7106285523049316,0.3241635548994892,23.661154020819488,0.0,0.0,61.0
24.515416709630173,136.1967594979454,19.626696593542555,109.03720329745863,4.071615424646991,22.620085692483283,11967.93687362769,66488.5381868205,18.0,3.9336882680741536,196.68441340370768,2.7507955254223466,137.53977627111732,4.4647635955443965,223.23817977721984,2.1800075686826626e-06,0.00010900037843413312,0.0,0.0,2.0,0.0,0.0,0.0,0.0,0.0,0.0,0.0,0.0,0.35,0.0,0.0,0.025,0.0,0.0,0.0,0.0,0.0,0.0,0.3,8.211524652055065e-06,0.000547434976803671,5.213111293819412,347.54075292129414,0.03796630924536226,2.5310872830241506,0.0007309464219914751,0.04872976146609834,5.184487031923032,345.6324687948688,1.5,1.0004163024093238,76.9551001853326,0.1821662308090901,14.012786985314623,4.494795672377783,345.75351325982945,0.0,0.0,0.0,0.0,1.3,0.0,0.0,0.2,0.0,0.0,281.88409890123336,2349.034157510278,0.710615689142904,5.9217974095242,0.0,0.0,0.5195113832883639,4.329261527403032,12.0,0.0,0.0,0.0,0.0,0.4,0.0,0.0,0.0,0.0,0.0,0.0,0.0,0.0,0.075,0.0,0.0,0.4089918339642733,11.68548097040781,2.669126020727086,76.26074344934531,4.520791927091014,129.1654836311718,-1.0173361257793123e-06,-2.9066746450837494e-05,0.0,0.0,3.5,24.515416709630173,0.4815857256780343,0.0656707807742774,11967.93687362769,0.02500423129320759,0.5472565064523117,0.012034615606056226,0.0,8.47033935884923e-06,11.29670586549371,0.0,0.7032941345062904,9.528823583000042e-06,0.03041917826223991,287.4360895662111,3.001579428645013e-06,0.0007309464219914751,0.00040013695308821327,11.29670586549371,0.0,23.661161776333227,0.0,0.33883822366677185,0.0,0.014071354803437368,0.6353501225939595,357.54630921518543,0.0,0.710615689142904,0.32415822581324466,23.661161776333227,0.0,0.0,62.0
24.667817664395926,137.04343146886626,19.61620715184776,108.97892862137645,4.13728619112659,22.98492328403661,11967.414647101159,66485.63692833977,18.0,1.0004163024093238,50.02081512046619,-0.038747355144614026,-1.9373677572307013,4.494795672377783,224.73978361888913,0.0,0.0,0.0,0.0,2.0,0.0,0.0,0.0,0.0,0.0,0.0,0.0,0.0,0.35,0.0,0.0,0.025,0.0,0.0,0.0,0.0,0.0,0.0,0.3,2.1847389657533093e-05,0.0014564926438355396,5.21385117569765,347.59007837984336,0.038579249494675866,2.5719499663117245,0.001260953972312523,0.0840635981541682,5.25449026433339,350.29935095555936,1.5,0.4089918339642733,31.4609103049441,2.669126020727086,205.31738620977586,4.520791927091014,347.7532251608472,0.0,0.0,0.0,0.0,1.3,0.0,0.0,0.2,0.0,0.0,281.61726909272886,2346.8105757727403,0.7106030543249765,5.921692119374804,0.0,0.0,0.5194977445563461,4.329147871302884,12.0,0.0,0.0,0.0,0.0,0.4,0.0,0.0,0.0,0.0,0.0,0.0,0.0,0.0,0.075,0.0,0.0,4.2628729341587945,121.79636954739412,2.9315339131401643,83.7581118040047,4.6423468317227,132.63848090636287,1.1626714429033503e-06,3.321918408295287e-05,0.0,0.0,3.5,24.667817664395926,0.4815856208503925,0.06567076647959898,11967.414647101159,0.02502986079859515,0.5472563873299915,0.00962769248484498,0.006,2.25359804382823e-05,11.29364535278422,0.0,0.7063546472157813,2.046350826603891e-05,0.030551357080325983,287.2209461425802,6.4460051038022564e-06,0.001260953972312523,0.0005504710585870869,11.29364535278422,0.0,23.66116907247714,0.0,0.3388309275228598,0.0,0.014071051807427733,0.6353402961676351,357.66605602053977,0.0,0.7106030543249765,0.3241532123304261,23.66116907247714,0.0,0.0,63.0
25.47223929484539,141.51244052691885,19.58264415842988,108.79246754683267,4.202956943310989,23.349760796172163,11966.892563620599,66482.73646455888,18.0,0.4089918339642733,20.449591698213666,2.630378665582472,131.5189332791236,4.520791927091014,226.03959635455067,0.0,0.0,0.0,0.0,2.0,0.0,0.0,0.0,0.0,0.0,0.0,0.0,0.0,0.35,0.0,0.0,0.025,0.0,0.0,0.0,0.0,0.0,0.0,0.3,4.513335300257424e-05,0.0030088902001716156,5.214153746978113,347.61024979854085,0.040470752683741285,2.6980501789160853,0.001924927690168738,0.12832851267791587,5.324155307937914,354.9436871958609,1.5,4.2628729341587945,327.91330262759953,2.9315339131401643,225.50260870308955,4.6423468317227,357.10360244020774,1.1626714429033503e-06,8.943626483871926e-05,0.0,0.0,1.3,0.0,0.0,0.2,0.0,0.0,281.15250419438854,2342.9375349532374,0.71058991688673,5.92158264072275,0.0,0.0,0.5194823303291608,4.329019419409674,12.0,0.0,0.0,0.0,0.0,0.4,0.0,0.0,0.0,0.0,0.0,0.0,0.0,0.0,0.075,0.0,0.0,0.6775801879787817,19.359433942250906,0.18179342103026386,5.194097743721825,4.669801188687372,133.42289110535347,-5.425797962266919e-07,-1.55022798921912e-05,0.0,0.0,3.5,25.47223929484539,0.4815855160189251,0.06567075218439887,11966.892563620599,0.02517224506340996,0.547256268203324,0.012454312710164141,0.0,4.6555856262093894e-05,11.290643620315171,0.0,0.7093563796848295,3.529780943508686e-05,0.030680854586955405,287.00582883843816,1.111880997205236e-05,0.001924927690168738,0.0006992715272913019,11.290643620315171,0.0,23.66117731851828,0.0,0.33882268148171957,0.0,0.014070709363858788,0.6353291903177426,357.7857159788626,0.0,0.71058991688673,0.3241475460804809,23.66117731851828,0.0,0.0,64.0
25.71207685662889,142.84487142571606,19.571337550148026,108.72965305637793,4.268627681202832,23.714598228904627,11966.37052126644,66479.836229258,18.0,4.2628729341587945,213.1436467079397,2.7158111993404725,135.79055996702363,4.6423468317227,232.11734158613504,1.1626714429033503e-06,5.813357214516752e-05,0.0,0.0,2.0,0.0,0.0,0.0,0.0,0.0,0.0,0.0,0.0,0.35,0.0,0.0,0.025,0.0,0.0,0.0,0.0,0.0,0.0,0.3,8.031608402972316e-05,0.005354405601981543,5.216018401210692,347.7345600807128,0.04167240818961587,2.7781605459743917,0.0027176519118418895,0.18117679412279264,5.393503357253096,359.5668904835398,1.5,0.6775801879787817,52.121552921444746,0.18179342103026386,13.984109310020298,4.669801188687372,359.21547605287475,0.0,0.0,0.0,0.0,1.3,0.0,0.0,0.2,0.0,0.0,280.8812133570233,2340.6767779751945,0.7105768543609174,5.921473786340979,0.0,0.0,0.5194679618065596,4.32889968172133,12.0,0.0,0.0,0.0,0.0,0.4,0.0,0.0,0.0,0.0,0.0,0.0,0.0,0.0,0.075,0.0,0.0,0.6507396833876298,18.592562382503708,2.811165402406683,80.3190114973338,4.695217031910916,134.14905805459762,-5.425797962266919e-07,-1.55022798921912e-05,0.0,0.0,3.5,25.71207685662889,0.48158541120685466,0.06567073789184381,11966.37052126644,0.025213794940946218,0.5472561490986985,0.009963450168131313,0.006,8.284741635336814e-05,11.287695181296925,0.0,0.7123048187030749,5.387723335827701e-05,0.030807875771355415,286.7907688544289,1.6971328507857256e-05,0.0027176519118418895,0.0008466014550314285,11.287695181296924,0.0,23.661185005225022,0.0,0.33881499477497923,0.0,0.014070390148462592,0.6353188376849798,357.90531745347226,0.0,0.7105768543609174,0.3241422641249897,23.661185005225022,0.0,0.0,65.0
25.944125962256486,144.13403312364716,19.564577962904355,108.69209979391307,4.334298404802021,24.079435582233447,11965.848520623222,66476.93622568456,18.0,0.6775801879787817,33.87900939893909,-0.06235490200042282,-3.117745100021141,4.669801188687372,233.4900594343686,0.0,0.0,0.0,0.0,2.0,0.0,0.0,0.0,0.0,0.0,0.0,0.0,0.0,0.35,0.0,0.0,0.025,0.0,0.0,0.0,0.0,0.0,0.0,0.3,0.0001294726383533741,0.008631509223558272,5.219189673002464,347.94597820016423,0.042167988238727805,2.811199215915187,0.0036341156121991428,0.24227437414660952,5.462552733521818,364.17018223478783,1.5,0.6507396833876298,50.05689872212536,2.811165402406683,216.24349249282176,4.695217031910916,361.17054091622435,0.0,0.0,0.0,0.0,1.3,0.0,0.0,0.2,0.0,0.0,280.6338049065273,2338.6150408877274,0.7105642098081165,5.921368415067637,0.0,0.0,0.5194546288668548,4.328788573890457,12.0,0.0,0.0,0.0,0.0,0.4,0.0,0.0,0.0,0.0,0.0,0.0,0.0,0.0,0.075,0.0,0.0,4.512409134925253,128.92597528357865,2.895792588799841,82.73693110856688,4.816236176860573,137.6067479103021,6.200916466766584e-07,1.771690419076167e-05,0.0,0.0,3.5,25.944125962256486,0.4815853063940505,0.0656707235991887,11965.848520623222,0.025255386774793498,0.5472560299932392,0.00797076013450505,0.0108,0.00013355312554164765,11.284795003586412,0.0,0.7152049964135876,7.605291644560642e-05,0.030932608411283716,286.57579227380546,2.395666868036602e-05,0.0036341156121991428,0.0009925166168028598,11.284795003586414,0.0,23.66119213799561,0.0,0.33880786200438945,0.0,0.014070093937059363,0.635309231019822,358.02486392055386,0.0,0.7105642098081165,0.32413736276521526,23.661192137995613,0.0,0.0,66.0
26.77230382575299,148.73502125418327,19.530712969434745,108.50396094130414,4.399969114108464,24.44427285615813,11965.326663749813,66474.03702083229,18.0,0.6507396833876298,32.53698416938148,2.74881050040626,137.440525020313,4.695217031910916,234.76085159554583,0.0,0.0,0.0,0.0,2.0,0.0,0.0,0.0,0.0,0.0,0.0,0.0,0.0,0.35,0.0,0.0,0.025,0.0,0.0,0.0,0.0,0.0,0.0,0.3,0.00019451929553201977,0.012967953035467985,5.222502662397615,348.16684415984105,0.04392262616039186,2.928175077359457,0.004669480271545042,0.31129868476966943,5.531309502439147,368.7539668292765,1.5,4.512409134925253,347.10839499425026,2.895792588799841,222.7532760615262,4.816236176860573,370.4797059123518,6.200916466766584e-07,4.769935743666603e-05,0.0,0.0,1.3,0.0,0.0,0.2,0.0,0.0,280.16925758247066,2334.7438131872555,0.7105511326291903,5.921259438576586,0.0,0.0,0.5194393988474492,4.328661657062076,12.0,0.0,0.0,0.0,0.0,0.4,0.0,0.0,0.0,0.0,0.0,0.0,0.0,0.0,0.075,0.0,0.0,0.3309875260628621,9.456786458938916,0.18033941225276573,5.152554635793306,4.841184254937677,138.3195501410765,-2.923762926748965e-07,-8.3536083621399e-06,0.0,0.0,3.5,26.77230382575299,0.4815852015805808,0.06567070930644284,11965.326663749813,0.025398745102207593,0.5472559108870236,0.008837029533094535,0.00864,0.0002006495712975937,11.281938857968658,0.0,0.7180611420313414,0.00010168133277745658,0.03105520788578101,286.3609019209914,3.202961982489882e-05,0.004669480271545042,0.001137045992123355,11.28193885796866,0.0,23.661200285733898,0.0,0.3387997142661024,0.0,0.014069755575834817,0.6352982572589889,358.144323194137,0.0,0.7105511326291903,0.3241317639076474,23.661200285733898,0.0,0.0,67.0
26.889578909365575,149.38654949647542,19.52577675715966,108.4765375397759,4.46563980912484,24.80911005069356,11964.80482677461,66471.13792652561,18.0,4.512409134925253,225.62045674626265,2.6391368021464543,131.9568401073227,4.816236176860573,240.81180884302867,6.200916466766584e-07,3.100458233383292e-05,0.0,0.0,2.0,0.0,0.0,0.0,0.0,0.0,0.0,0.0,0.0,0.35,0.0,0.0,0.025,0.0,0.0,0.0,0.0,0.0,0.0,0.3,0.0002772195688010499,0.01848130458673666,5.2269820257238715,348.46546838159145,0.04497299764168752,2.998199842779168,0.005819096631203653,0.3879397754135769,5.5997901787551605,373.31934525034404,1.5,0.3309875260628621,25.460578927912465,0.18033941225276573,13.872262480981979,4.841184254937677,372.39878884135976,0.0,0.0,0.0,0.0,1.3,0.0,0.0,0.2,0.0,0.0,279.93246814639934,2332.7705678866614,0.7105382970450516,5.92115247537543,0.0,0.0,0.5194255604868413,4.328546337390344,12.0,0.0,0.0,0.0,0.0,0.4,0.0,0.0,0.0,0.0,0.0,0.0,0.0,0.0,0.075,0.0,0.0,1.015049696561808,29.001419901765946,2.928434030208473,83.66954372024209,4.86608431522322,139.03098043494916,-2.923762926748965e-07,-8.3536083621399e-06,0.0,0.0,3.5,26.889578909365575,0.48158509678676575,0.06567069501637714,11964.80482677461,0.02541881660110964,0.5472557918031429,0.007069623626475628,0.012912,0.00028595571672304485,11.27912236300973,0.0,0.7208776369902692,0.00013062345884432157,0.03117583837665281,286.14612104428824,4.1146389535961296e-05,0.005819096631203653,0.0012802398185029333,11.279122363009732,0.0,23.66120768903829,0.0,0.33879231096171203,0.0,0.014069448129639202,0.6352882860430829,358.2637289080343,0.0,0.7105382970450516,0.3241266765525933,23.661207689038285,0.0,0.0,68.0
27.226109812975,151.2561656276389,19.52303822058562,108.46132344769788,4.531310489850465,25.173947165835912,11964.283051453545,66468.23917474192,18.0,0.3309875260628621,16.549376303143102,-0.08815799656528789,-4.407899828264394,4.841184254937677,242.05921274688384,0.0,0.0,0.0,0.0,2.0,0.0,0.0,0.0,0.0,0.0,0.0,0.0,0.0,0.35,0.0,0.0,0.025,0.0,0.0,0.0,0.0,0.0,0.0,0.3,0.0003791923359186836,0.02527948906124557,5.232441690662751,348.8294460441833,0.04534253001534019,3.022835334356013,0.007078494287545235,0.47189961916968237,5.668009154368806,377.8672769579204,1.5,1.015049696561808,78.08074588936985,2.928434030208473,225.26415616988254,4.86608431522322,374.31417809409385,0.0,0.0,0.0,0.0,1.3,0.0,0.0,0.2,0.0,0.0,279.70529670164353,2330.8774725136964,0.7105260077166409,5.92105006430534,0.0,0.0,0.5194128359789818,4.328440299824848,12.0,0.0,0.0,0.0,0.0,0.4,0.0,0.0,0.0,0.0,0.0,0.0,0.0,0.0,0.075,0.0,0.0,4.657463223303736,133.0703778086782,2.8181876259882244,80.51964645680641,4.986590465128883,142.47401328939665,3.277153540017619e-07,9.363295828621768e-06,0.0,0.0,3.5,27.226109812975,0.48158499198790977,0.06567068072562406,11964.283051453545,0.02548035164684093,0.5472556727135338,0.005655698901180502,0.0163296,0.0003911412784624749,11.276341494277307,0.0,0.7236585057226919,0.00016274529951632133,0.03129465073051166,285.9314691505962,5.126476934764122e-05,0.007078494287545235,0.0014221429558579038,11.27634149427731,0.0,23.661214496511334,0.0,0.3387855034886643,0.0,0.014069165427270113,0.6352791172497045,358.3830824556637,0.0,0.7105260077166409,0.32412199859678803,23.661214496511334,0.0,0.0,69.0
28.071782024582465,155.9543445810137,19.488873708701146,108.27152060389525,4.596981156285788,25.538784201587713,11963.761419440265,66465.34121911258,18.0,1.015049696561808,50.7524848280904,2.840276033643185,142.01380168215923,4.86608431522322,243.304215761161,0.0,0.0,0.0,0.0,2.0,0.0,0.0,0.0,0.0,0.0,0.0,0.0,0.0,0.35,0.0,0.0,0.025,0.0,0.0,0.0,0.0,0.0,0.0,0.3,0.0005019195675199629,0.033461304501330856,5.238586103697509,349.2390735798339,0.046951231410083616,3.1300820940055742,0.008443369372120986,0.5628912914747324,5.73597758717739,382.398505811826,1.5,4.657463223303736,358.2664017925951,2.8181876259882244,216.7836635375557,4.986590465128883,383.583881932991,3.277153540017619e-07,2.5208873384750914e-05,0.0,0.0,1.3,0.0,0.0,0.2,0.0,0.0,279.24095867801634,2327.007988983469,0.7105132889605019,5.920944074670849,0.0,0.0,0.5193980096288674,4.328316746907229,12.0,0.0,0.0,0.0,0.0,0.4,0.0,0.0,0.0,0.0,0.0,0.0,0.0,0.0,0.075,0.0,0.0,-0.03309979835222876,-0.9457085243493931,0.17875597641866392,5.1073136119618265,5.009099621246118,143.11713203560336,-1.5643239268518716e-07,-4.46949693386249e-06,0.0,0.0,3.5,28.071782024582465,0.4815848871923725,0.06567066643532353,11963.761419440265,0.025623383913355776,0.5472555536276961,0.005658707351832944,0.01906368,0.0005177346896749323,11.273592605168039,0.0,0.7264073948319609,0.0001979176482232126,0.03141178145077874,285.71695982757257,6.234405919031197e-05,0.008443369372120986,0.0015627927327989631,11.273592605168037,0.0,23.661222428522365,0.0,0.3387775714776369,0.0,0.014068836024818808,0.6352684337523914,358.50234848183425,0.0,0.7105132889605019,0.32411654783285276,23.66122242852236,0.0,0.0,70.0
28.044078580506607,155.80043655837005,19.4916732553407,108.28707364078167,4.662651808433488,25.90362115796382,11963.239783344146,66462.44324080081,18.0,4.657463223303736,232.87316116518681,2.513137815517438,125.6568907758719,4.986590465128883,249.32952325644413,3.277153540017619e-07,1.6385767700088094e-05,0.0,0.0,2.0,0.0,0.0,0.0,0.0,0.0,0.0,0.0,0.0,0.35,0.0,0.0,0.025,0.0,0.0,0.0,0.0,0.0,0.0,0.3,0.0006467536251817922,0.043116908345452815,5.245483915773111,349.6989277182074,0.047841194524491676,3.189412968299445,0.009909580483180752,0.6606386988787168,5.803707179944534,386.9138119963023,1.5,0.0,0.0,0.17875597641866392,13.75045972451261,5.009099621246118,385.3153554804706,0.0,0.0,0.0,0.0,1.3,0.0,0.0,0.2,0.0,0.0,279.04476286059054,2325.3730238382545,0.7105009454258276,5.920841211881897,0.0,0.0,0.5193849403926387,4.328207836605322,12.0,0.0,0.0,0.0,0.0,0.4,0.0,0.0,0.0,0.0,0.0,0.0,0.0,0.0,0.075,0.0,0.0,1.4912381247018993,42.60680356291141,3.0186328147781163,86.24665185080333,5.033544284786051,143.81555099388714,-1.5643239268518716e-07,-4.46949693386249e-06,0.0,0.0,3.5,28.044078580506607,0.48158478241646335,0.06567065214769954,11963.239783344146,0.025619338444418605,0.5472554345641629,0.004526965881466355,0.021250944,0.0006671306195930899,11.27087226128857,0.0,0.729127738711429,0.00023601578867589584,0.03152735975996738,285.50260800175533,7.434497343290719e-05,0.009909580483180752,0.001702226899735662,11.270872261288572,0.0,23.661229420554875,0.0,0.3387705794451258,0.0,0.014068545658020175,0.6352590162117314,358.62156685395416,0.0,0.7105009454258276,0.3241117429651691,23.661229420554875,0.0,0.0,71.0
28.494127092412537,158.30070606895853,19.49334791773408,108.2963773207449,4.728322446292216,26.26845803495676,11962.718229710354,66459.54572061308,18.0,0.0,0.0,-0.11565496323667412,-5.782748161833706,5.009099621246118,250.45498106230588,0.0,0.0,0.0,0.0,2.0,0.0,0.0,0.0,0.0,0.0,0.0,0.0,0.0,0.35,0.0,0.0,0.025,0.0,0.0,0.0,0.0,0.0,0.0,0.3,0.0008149242950196729,0.05432828633464486,5.253023885793754,350.20159238625024,0.04807370740750519,3.2049138271670126,0.01147314089261566,0.7648760595077106,5.871208327019953,391.41388846799686,1.5,1.4912381247018993,114.71062497706917,3.0186328147781163,232.20252421370125,5.033544284786051,387.1957142143116,0.0,0.0,0.0,0.0,1.3,0.0,0.0,0.2,0.0,0.0,278.83899594752336,2323.6582995626945,0.7104892390893458,5.920743659077882,0.0,0.0,0.519373014708309,4.3281084559025755,12.0,0.0,0.0,0.0,0.0,0.4,0.0,0.0,0.0,0.0,0.0,0.0,0.0,0.0,0.075,0.0,0.0,4.688999389028482,133.9714111150995,2.691175240425383,76.89072115501094,5.153557994002979,147.24451411437082,1.7128296131657473e-07,4.893798894759279e-06,0.0,0.0,3.5,28.494127092412537,0.48158467763067403,0.06567063785872827,11962.718229710354,0.02570168169656979,0.5472553154894023,0.003621572705173084,0.0230007552,0.0008405972208708403,11.268177298355345,0.0,0.7318227016446543,0.0002769194224129258,0.031641504997736415,285.288426354909,8.722961806007163e-05,0.01147314089261566,0.0018404798318478342,11.268177298355345,0.0,23.661235800842828,0.0,0.3387641991571707,0.0,0.014068280695895795,0.6352504225577046,358.7407361216205,0.0,0.7104892390893458,0.32410735844780847,23.66123580084283,0.0,0.0,72.0
29.344043542171388,163.0224641231744,19.45889194411842,108.10495524510233,4.793993069862995,26.633294832572194,11962.196816576416,66456.64898098008,18.0,1.4912381247018993,74.56190623509497,2.902977851541442,145.1488925770721,5.033544284786051,251.67721423930251,0.0,0.0,0.0,0.0,2.0,0.0,0.0,0.0,0.0,0.0,0.0,0.0,0.0,0.35,0.0,0.0,0.025,0.0,0.0,0.0,0.0,0.0,0.0,0.3,0.001007545490642351,0.06716969937615674,5.260940199105616,350.7293466070411,0.04952532897713369,3.3016885984755793,0.013130207822891763,0.8753471881927841,5.938488541838087,395.89923612253915,1.5,4.688999389028482,360.69226069449866,2.691175240425383,207.01348003272176,5.153557994002979,396.4275380002291,1.7128296131657473e-07,1.3175612408967288e-05,0.0,0.0,1.3,0.0,0.0,0.2,0.0,0.0,278.3748575821424,2319.790479851187,0.7104770655930404,5.920642213275337,0.0,0.0,0.5193587310455084,4.327989425379237,12.0,0.0,0.0,0.0,0.0,0.4,0.0,0.0,0.0,0.0,0.0,0.0,0.0,0.0,0.075,0.0,0.0,-0.36833187690647495,-10.52376791161357,0.1779759561042038,5.085027317262966,5.173691821133757,147.81976631810736,-8.227251222320966e-08,-2.350643206377419e-06,0.0,0.0,3.5,29.344043542171388,0.48158457285237555,0.06567062357077848,11962.196816576416,0.025841980211744532,0.547255196423154,0.004244592732527653,0.02440060416,0.0010392830365795868,11.265504863855583,0.0,0.7344951361444179,0.0003205124879427341,0.03175432472574916,285.0744222577271,0.00010096143370196122,0.013130207822891763,0.0019775794182188373,11.265504863855583,0.0,23.66124344272752,0.0,0.33875655727247933,0.0,0.01406796334188037,0.6352401295628,358.85981756190057,0.0,0.7104770655930404,0.3241021069197959,23.66124344272752,0.0,0.0,73.0
29.31297940197909,162.8498855665505,19.46571624147142,108.14286800817455,4.8596636791484285,26.998131550824606,11961.675400345826,66453.75222414348,18.0,4.688999389028482,234.44996945142412,2.3599030385962343,117.99515192981171,5.153557994002979,257.67789970014894,1.7128296131657473e-07,8.564148065828737e-06,0.0,0.0,2.0,0.0,0.0,0.0,0.0,0.0,0.0,0.0,0.0,0.35,0.0,0.0,0.025,0.0,0.0,0.0,0.0,0.0,0.0,0.3,0.0012256215768085105,0.08170810512056738,5.269386455623267,351.2924303748845,0.050243997038430854,3.349599802562057,0.014877080909704712,0.9918053939803141,6.005556786773806,400.3704524515871,1.5,0.0,0.0,0.1779759561042038,13.690458161861832,5.173691821133757,397.9762939333659,0.0,0.0,0.0,0.0,1.3,0.0,0.0,0.2,0.0,0.0,278.20076281108834,2318.339690092403,0.7104652827612725,5.920544023010605,0.0,0.0,0.5193463101037823,4.327885917531519,12.0,0.0,0.0,0.0,0.0,0.4,0.0,0.0,0.0,0.0,0.0,0.0,0.0,0.0,0.075,0.0,0.0,1.635554856080907,46.73013874516877,3.0807106164248053,88.020303326423,5.197737585238244,148.50678814966412,-8.227251222320966e-08,-2.350643206377419e-06,0.0,0.0,3.5,29.31297940197909,0.4815844680931824,0.06567060928543396,11961.675400345826,0.02583884678993402,0.5472550773786163,0.0033956741860221226,0.025520483328,0.0012642235167544097,11.262852242889355,0.0,0.7371477571106448,0.00036668289444579825,0.03186592217235364,284.86060611075885,0.00011550511175042643,0.014877080909704712,0.0021135559812587475,11.262852242889355,0.0,23.661250088101255,0.0,0.3387499118987457,0.0,0.01406768737121037,0.6352311787092858,358.9788545574381,0.0,0.7104652827612725,0.3240975401577989,23.661250088101255,0.0,0.0,74.0
29.791612185661386,165.5089565870077,19.468535659042473,108.15853143912486,4.925334274147196,27.362968189706645,11961.154070069477,66450.85594483043,18.0,0.0,0.0,-0.12259097507406524,-6.129548753703262,5.173691821133757,258.68459105668785,0.0,0.0,0.0,0.0,2.0,0.0,0.0,0.0,0.0,0.0,0.0,0.0,0.0,0.35,0.0,0.0,0.025,0.0,0.0,0.0,0.0,0.0,0.0,0.3,0.001470053495960661,0.09800356639737741,5.278289253549701,351.88595023664675,0.05032729767658334,3.355153178438889,0.016710195915499694,1.1140130610333128,6.072421136803295,404.8280757868863,1.5,1.635554856080907,125.81191200622362,3.0807106164248053,236.977739724985,5.197737585238244,399.82596809524955,0.0,0.0,0.0,0.0,1.3,0.0,0.0,0.2,0.0,0.0,277.9999051943332,2316.6658766194437,0.7104540973537361,5.920450811281134,0.0,0.0,0.5193348965309843,4.327790804424869,12.0,0.0,0.0,0.0,0.0,0.4,0.0,0.0,0.0,0.0,0.0,0.0,0.0,0.0,0.075,0.0,0.0,4.691950968670481,134.05574196201374,2.537441250502925,72.4983214429407,5.31727735977431,151.92221027926598,8.901044909336507e-08,2.543155688381859e-06,0.0,0.0,3.5,29.791612185661386,0.48158436332429616,0.06567059499876765,11961.154070069477,0.025924681972631827,0.5472549583230638,0.0027165393488176983,0.0264163866624,0.0015163473324626973,11.260216934675162,0.0,0.7397830653248383,0.0004153225080774096,0.03197639283786232,284.6469868308583,0.00013082659004438402,0.016710195915499694,0.002248437513872393,11.260216934675162,0.0,23.661256194568967,0.0,0.3387438054310328,0.0,0.014067433780358504,0.6352229536608932,359.0978430738314,0.0,0.7104540973537361,0.32409334370453735,23.66125619456897,0.0,0.0,75.0
30.635055370940766,170.19475206078204,19.433788501525015,107.96549167513896,4.991004854860415,27.727804749224525,11960.63287564093,66447.96042022738,18.0,1.635554856080907,81.77774280404535,2.95811964135074,147.905982067537,5.197737585238244,259.8868792619122,0.0,0.0,0.0,0.0,2.0,0.0,0.0,0.0,0.0,0.0,0.0,0.0,0.0,0.35,0.0,0.0,0.025,0.0,0.0,0.0,0.0,0.0,0.0,0.3,0.0017416446106051694,0.11610964070701128,5.286572823588934,352.43818823926233,0.05160997682745608,3.4406651218304054,0.018626098169704022,1.2417398779802682,6.139078550340611,409.2719033560407,1.5,4.691950968670481,360.91930528234474,2.537441250502925,195.187788500225,5.31727735977431,409.0213353672546,8.901044909336507e-08,6.8469576225665436e-06,0.0,0.0,1.3,0.0,0.0,0.2,0.0,0.0,277.535962565075,2312.799688042292,0.7104423578254687,5.920352981878906,0.0,0.0,0.5193209500153194,4.327674583460995,12.0,0.0,0.0,0.0,0.0,0.4,0.0,0.0,0.0,0.0,0.0,0.0,0.0,0.0,0.075,0.0,0.0,-0.36185892671577413,-10.338826477593548,0.17844190700275497,5.098340200078714,5.335095904738765,152.43131156396473,-4.259160612823657e-08,-1.2169030322353307e-06,0.0,0.0,3.5,30.635055370940766,0.4815842585636031,0.0656705807132186,11960.63287564093,0.026060368138093086,0.5472548392768217,0.005029741738794776,0.021133109329919998,0.0017964823976591964,11.257596995626656,0.0,0.7424030043733433,0.0004663270024264792,0.0320858095736182,284.4335519965753,0.00014689300576434095,0.018626098169704022,0.0023822292566308047,11.257596995626656,0.0,23.661263656272073,0.0,0.33873634372792616,0.0,0.014067123908967034,0.6352129031084491,359.21674346506416,0.0,0.7104423578254687,0.3240882158716577,23.661263656272073,0.0,0.0,76.0
30.60082628887063,170.00459049372571,19.43835352940843,107.99085294115795,5.056675421290565,28.09264122939203,11960.111676904788,66445.06487169326,18.0,4.691950968670481,234.59754843352408,2.217045515537829,110.85227577689145,5.31727735977431,265.86386798871547,8.901044909336507e-08,4.4505224546682534e-06,0.0,0.0,2.0,0.0,0.0,0.0,0.0,0.0,0.0,0.0,0.0,0.35,0.0,0.0,0.025,0.0,0.0,0.0,0.0,0.0,0.0,0.3,0.0020411058849729934,0.13607372566486622,5.2954477916235545,353.02985277490365,0.05214623428267495,3.476415618844997,0.020621463991004934,1.3747642660669956,6.205538311840027,413.7025541226685,1.5,0.0,0.0,0.17844190700275497,13.72630053867346,5.335095904738765,410.3919926722127,0.0,0.0,0.0,0.0,1.3,0.0,0.0,0.2,0.0,0.0,277.35315838829956,2311.2763199024967,0.7104308792779037,5.9202573273158645,0.0,0.0,0.5193086510793009,4.327572092327508,12.0,0.0,0.0,0.0,0.0,0.4,0.0,0.0,0.0,0.0,0.0,0.0,0.0,0.0,0.075,0.0,0.0,1.7895091652563782,51.12883329303937,3.136225166952944,89.60643334151268,5.358795612990351,153.10844608543857,-4.259160612823657e-08,-1.2169030322353307e-06,0.0,0.0,3.5,30.60082628887063,0.4815841538211079,0.06567056643015108,11960.111676904788,0.02605598410996322,0.547254720251259,0.004023793391035821,0.022906487463935997,0.0021053612104397312,11.254990199862364,0.0,0.7450098001376357,0.0005195951426208024,0.03219425881923473,284.2203131846731,0.00016367246992555275,0.020621463991004934,0.002514960963921714,11.254990199862364,0.0,23.661270236542087,0.0,0.3387297634579145,0.0,0.014066850641939972,0.6352040397282072,359.3355980108106,0.0,0.7104308792779037,0.3240836937388812,23.661270236542084,0.0,0.0,77.0
31.10503038852502,172.80572438069456,19.437874342302543,107.98819079056969,5.1223459734362935,28.45747763020163,11959.590565369237,66442.16980760687,18.0,0.0,0.0,-0.10195811470094363,-5.097905735047181,5.335095904738765,266.75479523693826,0.0,0.0,0.0,0.0,2.0,0.0,0.0,0.0,0.0,0.0,0.0,0.0,0.0,0.35,0.0,0.0,0.025,0.0,0.0,0.0,0.0,0.0,0.0,0.3,0.0023690613295841278,0.1579374219722752,5.304821607807249,353.6547738538166,0.05206852392734321,3.471234928489547,0.022693094320424406,1.5128729546949604,6.271808630432592,418.1205753621728,1.5,1.7895091652563782,137.65455117356754,3.136225166952944,241.2480897656111,5.358795612990351,412.2150471531039,0.0,0.0,0.0,0.0,1.3,0.0,0.0,0.2,0.0,0.0,277.13534159006934,2309.4611799172444,0.7104198268053097,5.92016522337758,0.0,0.0,0.5192970999754741,4.327475833128951,12.0,0.0,0.0,0.0,0.0,0.4,0.0,0.0,0.0,0.0,0.0,0.0,0.0,0.0,0.075,0.0,0.0,4.6693309180847615,133.40945480242178,2.3948819360195923,68.42519817198834,5.477877993492508,156.51079981407165,4.64188429651285e-08,1.3262526561465286e-06,0.0,0.0,3.5,31.10503038852502,0.48158404906867225,0.06567055214572803,11959.590565369237,0.02614306566485581,0.5472546012144003,0.003219034712828657,0.024325189971148797,0.0024436264663811567,11.252394515016011,0.0,0.7476054849839889,0.0005750294020116618,0.03230181994547631,284.0072801088247,0.00018113426163367347,0.022693094320424406,0.0026466597314311327,11.252394515016011,0.0,23.661276416752024,0.0,0.33872358324797763,0.0,0.01406659398870339,0.6351957151496809,359.454401403709,0.0,0.7104198268053097,0.32407944650493925,23.66127641675202,0.0,0.0,78.0
31.941974034745407,177.45541130414114,19.402841935266924,107.79356630703846,5.18801651129875,28.822313951659726,11959.069585214495,66439.27547341386,18.0,1.7895091652563782,89.4754582628189,3.0342670522520003,151.7133526126,5.358795612990351,267.9397806495175,0.0,0.0,0.0,0.0,2.0,0.0,0.0,0.0,0.0,0.0,0.0,0.0,0.0,0.35,0.0,0.0,0.025,0.0,0.0,0.0,0.0,0.0,0.0,0.3,0.0027260531725742214,0.18173687817161477,5.3133454334885375,354.2230288992358,0.05317131886826712,3.5447545912178082,0.024837883409057494,1.6558588939371661,6.337883880452911,422.5255920301941,1.5,4.6693309180847615,359.17930139113554,2.3948819360195923,184.22168738612248,5.477877993492508,421.37523026865443,4.64188429651285e-08,3.570680228086808e-06,0.0,0.0,1.3,0.0,0.0,0.2,0.0,0.0,276.67159962020196,2305.596663501683,0.7104081194735428,5.920067662279523,0.0,0.0,0.5192830219437944,4.327358516198287,12.0,0.0,0.0,0.0,0.0,0.4,0.0,0.0,0.0,0.0,0.0,0.0,0.0,0.0,0.075,0.0,0.0,-0.355359701895706,-10.153134339877314,0.17894560146265492,5.112731470361569,5.493437925605351,156.95536930301003,-2.216798430033529e-08,-6.333709800095796e-07,0.0,0.0,3.5,31.941974034745407,0.4815839443246846,0.06567053786245698,11959.069585214495,0.02627430527671425,0.5472544821871416,0.007272901917794342,0.019460151976919037,0.0028118363909299207,11.24980851424283,0.0,0.7501914857571699,0.0006325358019225615,0.03240854736035181,283.79443580431155,0.00019924877760560685,0.024837883409057494,0.0027773248905556495,11.24980851424283,0.0,23.66128394901567,0.0,0.33871605098433155,0.0,0.014066281187056958,0.6351855693063924,359.5731163600972,0.0,0.7104081194735428,0.3240742700542818,23.661283949015665,0.0,0.0,79.0
31.904766312140957,177.24870173411642,19.406421683540962,107.81345379744978,5.253687034880298,29.18715019377943,11958.548600040775,66436.38111133764,18.0,4.6693309180847615,233.4665459042381,2.0776467217791446,103.88233608895723,5.477877993492508,273.8938996746254,4.64188429651285e-08,2.320942148256425e-06,0.0,0.0,2.0,0.0,0.0,0.0,0.0,0.0,0.0,0.0,0.0,0.35,0.0,0.0,0.025,0.0,0.0,0.0,0.0,0.0,0.0,0.3,0.0031125462944884023,0.2075030862992268,5.322534388585366,354.835625905691,0.05351522958725363,3.5676819724835753,0.027052846399671582,1.803523093311439,6.4037738230875165,426.9182548725011,1.5,0.0,0.0,0.17894560146265492,13.765046266358071,5.493437925605351,422.57214812348855,0.0,0.0,0.0,0.0,1.3,0.0,0.0,0.2,0.0,0.0,276.4865370895328,2304.054475746107,0.7103966108666457,5.919971757222047,0.0,0.0,0.5192705864504674,4.327254887087228,12.0,0.0,0.0,0.0,0.0,0.4,0.0,0.0,0.0,0.0,0.0,0.0,0.0,0.0,0.075,0.0,0.0,1.9529410255631365,55.79831501608961,3.2127755334221244,91.79358666920355,5.516840968702447,157.62402767721278,-2.216798430033529e-08,-6.333709800095796e-07,0.0,0.0,3.5,31.904766312140957,0.4815838395980164,0.0656705235815477,11958.548600040775,0.02626918945995194,0.5472543631795641,0.005818321534235474,0.02156812158153523,0.003210469312971534,11.247230379955491,0.0,0.7527696200445084,0.0006920230577104469,0.03251451353673558,283.581793262974,0.00021798726317879077,0.027052846399671582,0.002906986048324537,11.247230379955493,0.0,23.66129060252178,0.0,0.3387093974782203,0.0,0.014066004878663635,0.6351766070589041,359.6917850290878,0.0,0.7103966108666457,0.3240696974790327,23.66129060252178,0.0,0.0,80.0
32.435063644849336,180.19479802694076,19.40350214374538,107.79723413191877,5.319357544179561,29.551986356553115,11958.027703591426,66433.4872421746,18.0,0.0,0.0,-0.08621808538244036,-4.310904269122018,5.493437925605351,274.67189628026756,0.0,0.0,0.0,0.0,2.0,0.0,0.0,0.0,0.0,0.0,0.0,0.0,0.0,0.35,0.0,0.0,0.025,0.0,0.0,0.0,0.0,0.0,0.0,0.3,0.003528933056546202,0.2352622037697468,5.332274895915669,355.4849930610446,0.05326607809115658,3.551071872743772,0.029335112829162305,1.9556741886108204,6.469486936957053,431.29912913047025,1.5,1.9529410255631365,150.22623273562587,3.2127755334221244,247.13657949400957,5.516840968702447,424.3723822078806,0.0,0.0,0.0,0.0,1.3,0.0,0.0,0.2,0.0,0.0,276.2558415047233,2302.132012539361,0.7103854408450194,5.919878673708495,0.0,0.0,0.5192587596752019,4.327156330626682,12.0,0.0,0.0,0.0,0.0,0.4,0.0,0.0,0.0,0.0,0.0,0.0,0.0,0.0,0.075,0.0,0.0,4.620617320237652,132.01763772107574,2.255805506715244,64.45158590614983,5.635480688634701,161.01373396099143,2.425085866479321e-08,6.928816761369488e-07,0.0,0.0,3.5,32.435063644849336,0.4815837348612641,0.06567050929926328,11958.027703591426,0.02635779481105927,0.5472542441605274,0.004654657227388379,0.023254497265228182,0.0036399286450716434,11.244658471331345,0.0,0.7553415286686558,0.0007534033579760591,0.03261978439679183,283.36936319881806,0.0002373220577624586,0.029335112829162305,0.003035669787466782,11.244658471331345,0.0,23.6612969303913,0.0,0.33870306960870034,0.0,0.014065742093384565,0.6351680833755802,359.81040045700166,0.0,0.7103854408450194,0.3240653486610103,23.661296930391302,0.0,0.0,81.0
33.245649593017745,184.69805329454306,19.368193544236057,107.60107524575587,5.385028039197735,29.916822439987417,11957.506930927224,66430.5940607068,18.0,1.9529410255631365,97.64705127815682,3.126557448039684,156.3278724019842,5.516840968702447,275.84204843512236,0.0,0.0,0.0,0.0,2.0,0.0,0.0,0.0,0.0,0.0,0.0,0.0,0.0,0.35,0.0,0.0,0.025,0.0,0.0,0.0,0.0,0.0,0.0,0.3,0.0039755378652096525,0.26503585768064347,5.338992194371968,355.93281295813114,0.05417938291943622,3.611958861295748,0.03168185232186539,2.1121234881243596,6.534995413313094,435.6663608875396,1.5,4.620617320237652,355.4321015567424,2.255805506715244,173.52350051655725,5.635480688634701,433.4985145103616,2.425085866479321e-08,1.8654506665225545e-06,0.0,0.0,1.3,0.0,0.0,0.2,0.0,0.0,275.79230340445827,2298.2691950371523,0.7103735792171972,5.919779826809977,0.0,0.0,0.5192444498757817,4.3270370822981805,12.0,0.0,0.0,0.0,0.0,0.4,0.0,0.0,0.0,0.0,0.0,0.0,0.0,0.0,0.075,0.0,0.0,-0.3290023180351396,-9.400066229575417,0.18147860514965286,5.1851030042757955,5.648835621666965,161.39530347619902,-1.1317067281648275e-08,-3.2334477947566496e-07,0.0,0.0,3.5,33.245649593017745,0.4815836301332725,0.06567049501817351,11957.506930927224,0.026481449631993507,0.547254125151446,0.010268091317034904,0.0,0.0041005475925020496,11.242092424600472,0.0,0.757907575399528,0.0008165921942226393,0.03272437165567994,283.15708585832715,0.00025722654118013135,0.03168185232186539,0.0031633316869257235,11.242092424600472,0.0,23.661304586862048,0.0,0.33869541313795126,0.0,0.014065424133635849,0.6351577699699062,359.9289271276202,0.0,0.7103735792171972,0.32406008671933995,23.661304586862048,0.0,0.0,82.0
33.20567341249699,184.4759634027611,19.357433237597604,107.54129576443114,5.450698519936974,30.281658444094305,11956.986148219985,66427.70082344435,18.0,4.620617320237652,231.03086601188255,2.0199947102756037,100.99973551378018,5.635480688634701,281.774034431735,2.425085866479321e-08,1.2125429332396604e-06,0.0,0.0,2.0,0.0,0.0,0.0,0.0,0.0,0.0,0.0,0.0,0.35,0.0,0.0,0.025,0.0,0.0,0.0,0.0,0.0,0.0,0.3,0.004452620206938158,0.2968413471292105,5.346902949509649,356.4601966339766,0.05432258627403275,3.621505751602183,0.03409035705584247,2.2726904703894983,6.60031424782636,440.0209498550907,1.5,0.0,0.0,0.18147860514965286,13.95989270381945,5.648835621666965,434.525817051305,0.0,0.0,0.0,0.0,1.3,0.0,0.0,0.2,0.0,0.0,275.54010247581044,2296.1675206317536,0.7103616088053977,5.919680073378314,0.0,0.0,0.519230990427302,4.326924920227516,12.0,0.0,0.0,0.0,0.0,0.4,0.0,0.0,0.0,0.0,0.0,0.0,0.0,0.0,0.075,0.0,0.0,2.1454984134698396,61.29995467056685,3.3070923321594066,94.4883523474116,5.671988304752634,162.0568087072181,-1.1317067281648275e-08,-3.2334477947566496e-07,0.0,0.0,3.5,33.20567341249699,0.4815835254210882,0.0656704807392393,11956.986148219985,0.026471298921690756,0.5472540061603275,0.008214473053627923,0.006,0.004592592285193109,11.239530590933564,0.0,0.7604694090664369,0.0008815063142620811,0.03282834359515851,282.9449846643215,0.00027767448899255554,0.03409035705584247,0.00329001104823916,11.239530590933562,0.0,23.661311788420672,0.0,0.33868821157932916,0.0,0.014065125065586758,0.6351480692517661,360.0473971522902,0.0,0.7103616088053977,0.32405513737335007,23.661311788420672,0.0,0.0,83.0
33.757097177442155,187.53942876356754,19.344564369706895,107.4698020539272,5.516368986395767,30.646494368865373,11956.46545247741,66424.80806931894,18.0,0.0,0.0,-0.025036006825139623,-1.2518003412569811,5.648835621666965,282.44178108334825,0.0,0.0,0.0,0.0,2.0,0.0,0.0,0.0,0.0,0.0,0.0,0.0,0.0,0.35,0.0,0.0,0.025,0.0,0.0,0.0,0.0,0.0,0.0,0.3,0.004960379144506745,0.33069194296711635,5.355780240892846,357.0520160595231,0.053893696962222154,3.59291313081481,0.0365580327853396,2.437202185689307,6.665455980367537,444.3637320245025,1.5,2.1454984134698396,165.03833949767997,3.3070923321594066,254.3917178584159,5.671988304752634,436.3067926732795,0.0,0.0,0.0,0.0,1.3,0.0,0.0,0.2,0.0,0.0,275.26066397158587,2293.8388664298823,0.7103496679712051,5.919580566426709,0.0,0.0,0.5192177944425954,4.326814953688295,12.0,0.0,0.0,0.0,0.0,0.4,0.0,0.0,0.0,0.0,0.0,0.0,0.0,0.0,0.075,0.0,0.0,4.550776975990296,130.02219931400845,2.1997746175713817,62.85070335918234,5.790198416908811,165.43424048310888,1.2933791383144936e-08,3.695368966612839e-07,0.0,0.0,3.5,33.757097177442155,0.48158342069781096,0.0656704664587924,11956.46545247741,0.026558144582619663,0.5472538871566034,0.006571578442902339,0.0108,0.005116266417842246,11.236971523948744,0.0,0.7630284760512558,0.0009480660155772683,0.03293176065937859,282.7330785163541,0.0002986407949068395,0.0365580327853396,0.0034157417450743992,11.236971523948744,0.0,23.661318849076256,0.0,0.33868115092374473,0.0,0.014064831848992721,0.6351385582520457,360.1658063170524,0.0,0.7103496679712051,0.3240502848224723,23.661318849076256,0.0,0.0,84.0
34.55985152290983,191.99917512727686,19.308994152756558,107.27218973753642,5.58203943857526,31.011330214306998,11955.944876377996,66421.91597987775,18.0,2.1454984134698396,107.27492067349199,3.282056325334267,164.10281626671335,5.671988304752634,283.59941523763166,0.0,0.0,0.0,0.0,2.0,0.0,0.0,0.0,0.0,0.0,0.0,0.0,0.0,0.35,0.0,0.0,0.025,0.0,0.0,0.0,0.0,0.0,0.0,0.3,0.005498957507170546,0.36659716714470303,5.363009694572421,357.5339796381614,0.0546106699717932,3.64071133145288,0.03908234418313378,2.6054896122089186,6.730406662930125,448.693777528675,1.5,4.550776975990296,350.0597673838689,2.1997746175713817,169.21343212087552,5.790198416908811,445.3998782237547,1.2933791383144936e-08,9.949070294726873e-07,0.0,0.0,1.3,0.0,0.0,0.2,0.0,0.0,274.797350259492,2289.9779188291,0.7103369746175101,5.919474788479251,0.0,0.0,0.5192024612792382,4.326687177326985,12.0,0.0,0.0,0.0,0.0,0.4,0.0,0.0,0.0,0.0,0.0,0.0,0.0,0.0,0.075,0.0,0.0,-0.32117102948473164,-9.17631512813519,0.18169241219162124,5.191211776903464,5.801398987541772,165.75425678690777,-6.0357692841005856e-09,-1.7245055097430245e-07,0.0,0.0,3.5,34.55985152290983,0.48158331598294746,0.06567045217949284,11955.944876377996,0.026677662712752858,0.5472537681624403,0.011752862441813092,0.0,0.005671715574848764,11.23441469751012,0.0,0.7655853024898798,0.0010161949004885986,0.033034644346678105,282.52133487277104,0.00032010139365390856,0.03908234418313378,0.0035405062982827697,11.23441469751012,0.0,23.661327053333224,0.0,0.33867294666677583,0.0,0.014064491140646838,0.6351275066709177,360.28412635135237,0.0,0.7103369746175101,0.3240446462606723,23.661327053333224,0.0,0.0,85.0
34.517269194764296,191.7626066375794,19.29860205610799,107.21445586726661,5.647709876477497,31.376165980430535,11955.424290162196,66419.02383423442,18.0,4.550776975990296,227.5388487995148,1.9583161001353904,97.91580500676952,5.790198416908811,289.50992084544055,1.2933791383144936e-08,6.466895691572467e-07,0.0,0.0,2.0,0.0,0.0,0.0,0.0,0.0,0.0,0.0,0.0,0.35,0.0,0.0,0.025,0.0,0.0,0.0,0.0,0.0,0.0,0.3,0.0060684449283201205,0.40456299522134137,5.371443635583142,358.0962423722095,0.05454747919056427,3.6364986127042846,0.04166086831307433,2.7773912208716216,6.795181127739627,453.0120751826418,1.5,0.0,0.0,0.18169241219162124,13.976339399355481,5.801398987541772,446.2614605801363,0.0,0.0,0.0,0.0,1.3,0.0,0.0,0.2,0.0,0.0,274.5503910436228,2287.9199253635234,0.7103242552279447,5.919368793566206,0.0,0.0,0.5191883095046019,4.326569245871682,12.0,0.0,0.0,0.0,0.0,0.4,0.0,0.0,0.0,0.0,0.0,0.0,0.0,0.0,0.075,0.0,0.0,2.3484929234137173,67.0997978118205,3.4627622550875636,98.93606443107325,5.82434458807294,166.40984537351255,-6.0357692841005856e-09,-1.7245055097430245e-07,0.0,0.0,3.5,34.517269194764296,0.48158321128307013,0.06567043790223683,11955.424290162196,0.026667433385986778,0.547253649185307,0.009402289953450474,0.006,0.006259030367184091,11.231858786978611,0.0,0.7681412130213885,0.0010858183714479224,0.03313705150462738,282.3097772992979,0.0003420327870060956,0.04166086831307433,0.0036643425013884743,11.231858786978611,0.0,23.66133462554597,0.0,0.33866537445403055,0.0,0.014064176679984658,0.6351173063902136,360.4023903514774,0.0,0.7103242552279447,0.32403944203582324,23.66133462554597,0.0,0.0,86.0
35.09746746946311,194.98593038590616,19.285027031213346,107.13903906229638,5.713380300100963,31.74100166722757,11954.903793379655,66416.13218544253,18.0,0.0,0.0,-0.02098205489146543,-1.0491027445732715,5.801398987541772,290.0699493770886,0.0,0.0,0.0,0.0,2.0,0.0,0.0,0.0,0.0,0.0,0.0,0.0,0.0,0.35,0.0,0.0,0.025,0.0,0.0,0.0,0.0,0.0,0.0,0.3,0.006668881791289923,0.4445921194193282,5.380847201784722,358.72314678564817,0.053932712989779946,3.595514199318663,0.04429128590065419,2.952752393376946,6.8597916856969885,457.31944571313255,1.5,2.3484929234137173,180.65330180105516,3.4627622550875636,266.36632731442796,5.82434458807294,448.0265067748415,0.0,0.0,0.0,0.0,1.3,0.0,0.0,0.2,0.0,0.0,274.2677782646454,2285.564818872045,0.7103116616745602,5.9192638472880015,0.0,0.0,0.5191745504660629,4.3264545872171905,12.0,0.0,0.0,0.0,0.0,0.4,0.0,0.0,0.0,0.0,0.0,0.0,0.0,0.0,0.075,0.0,0.0,4.452161807863571,127.20462308181632,2.1382328439380283,61.092366969657945,5.942136672162331,169.7753334903523,6.89802209904435e-09,1.9708634568698144e-07,0.0,0.0,3.5,35.09746746946311,0.48158310657208686,0.06567042362346638,11954.903793379655,0.026756747655689368,0.5472535301955532,0.00752183196276038,0.0108,0.006878250506385025,11.229302650038775,0.0,0.7706973499612245,0.0011568651115212926,0.03323903184817562,282.0984246898691,0.00036441251012920715,0.04429128590065419,0.0037872826991011527,11.229302650038775,0.0,23.661341987687567,0.0,0.3386580123124312,0.0,0.014063870943207277,0.6351073889996832,360.52059278129224,0.0,0.7103116616745602,0.32403438214269553,23.66134198768757,0.0,0.0,87.0
35.890273316138895,199.39040731188277,19.249197817071646,106.93998787262026,5.779050709446874,32.105837274704854,11954.383411882265,66413.2411771237,18.0,2.3484929234137173,117.42464617068586,3.4417802001960984,172.08901000980492,5.82434458807294,291.21722940364697,0.0,0.0,0.0,0.0,2.0,0.0,0.0,0.0,0.0,0.0,0.0,0.0,0.0,0.35,0.0,0.0,0.025,0.0,0.0,0.0,0.0,0.0,0.0,0.3,0.007300262886742655,0.48668419244951033,5.3887375541592215,359.24917027728145,0.05444770638247223,3.6298470921648156,0.04697133041901776,3.131422027934517,6.924225604663249,461.6150403108833,1.5,4.452161807863571,342.4739852202747,2.1382328439380283,164.47944953369446,5.942136672162331,457.0874363201793,6.89802209904435e-09,5.306170845418731e-07,0.0,0.0,1.3,0.0,0.0,0.2,0.0,0.0,273.80468950122156,2281.7057458435133,0.7102984163668966,5.919153469724138,0.0,0.0,0.5191587736593324,4.32632311382777,12.0,0.0,0.0,0.0,0.0,0.4,0.0,0.0,0.0,0.0,0.0,0.0,0.0,0.0,0.075,0.0,0.0,-0.31122284480576035,-8.892081280164582,0.18165938268227388,5.190268076636396,5.951231061921988,170.0351731977711,-3.21907697107925e-09,-9.197362774512142e-08,0.0,0.0,3.5,35.890273316138895,0.4815830018700212,0.06567040934591198,11954.383411882265,0.02687191060627406,0.5472534112159332,0.011523490849124487,0.0,0.007529368581483013,11.22674597180091,0.0,0.7732540281990905,0.0012292668431329846,0.03334060000270901,281.88724720722587,0.00038721905558689013,0.04697133041901776,0.003909311361496552,11.22674597180091,0.0,23.661350429575904,0.0,0.33864957042409394,0.0,0.014063520366449086,0.6350960169953979,360.6387057042473,0.0,0.7102984163668966,0.3240285800996928,23.661350429575908,0.0,0.0,88.0
35.845223294468425,199.14012941371345,19.239164251262647,106.88424584034803,5.844721104517157,32.470672802873096,11953.863020220426,66410.3501123357,18.0,4.452161807863571,222.60809039317854,1.8912547489244358,94.56273744622179,5.942136672162331,297.1068336081165,6.89802209904435e-09,3.449011049522175e-07,0.0,0.0,2.0,0.0,0.0,0.0,0.0,0.0,0.0,0.0,0.0,0.35,0.0,0.0,0.025,0.0,0.0,0.0,0.0,0.0,0.0,0.3,0.00796254000304027,0.5308360002026846,5.3977922913715135,359.8528194247676,0.05417302778598057,3.611535185732038,0.04969883736201062,3.3132558241340413,6.988497045460508,465.8998030307005,1.5,0.0,0.0,0.18165938268227388,13.973798667867221,5.951231061921988,457.78700476322985,0.0,0.0,0.0,0.0,1.3,0.0,0.0,0.2,0.0,0.0,273.5628566878808,2279.690472399007,0.7102852659737753,5.919043883114794,0.0,0.0,0.5191443459439523,4.326202882866269,12.0,0.0,0.0,0.0,0.0,0.4,0.0,0.0,0.0,0.0,0.0,0.0,0.0,0.0,0.075,0.0,0.0,2.5639029974605054,73.25437135601445,3.6224597063419175,103.49884875262622,5.974010434560199,170.6860124160057,-3.21907697107925e-09,-9.197362774512142e-08,0.0,0.0,3.5,35.845223294468425,0.4815828971820759,0.06567039507028308,11953.863020220426,0.026861630412291112,0.547253292252359,0.009218792679299589,0.006,0.008212332735922777,11.224187716294264,0.0,0.7758122837057368,0.0013029569274001734,0.033441802441457516,281.6762675471416,0.00041043143213105463,0.04969883736201062,0.004030463870393035,11.224187716294264,0.0,23.661358149669816,0.0,0.33864185033018457,0.0,0.01406319976454255,0.635085617213031,360.75676319554384,0.0,0.7102852659737753,0.32402327408828113,23.661358149669816,0.0,0.0,89.0
36.45374924293901,202.52082912743896,19.224835998558575,106.80464443643652,5.910391485310296,32.835508251723866,11953.34272021881,66407.45955677118,18.0,0.0,0.0,-0.01673108328198958,-0.8365541640994788,5.951231061921988,297.5615530960994,0.0,0.0,0.0,0.0,2.0,0.0,0.0,0.0,0.0,0.0,0.0,0.0,0.0,0.35,0.0,0.0,0.025,0.0,0.0,0.0,0.0,0.0,0.0,0.3,0.008655625353611533,0.5770416902407688,5.407779659019567,360.5186439346378,0.053366612099922245,3.5577741399948164,0.05247173601109923,3.498115734073282,7.05261769717717,470.17451314514466,1.5,2.5639029974605054,197.22330749696195,3.6224597063419175,278.65074664168594,5.974010434560199,459.5392641969384,0.0,0.0,0.0,0.0,1.3,0.0,0.0,0.2,0.0,0.0,273.27667640300933,2277.3056366917444,0.7102723164262923,5.918935970219102,0.0,0.0,0.5191303176313655,4.32608598026138,12.0,0.0,0.0,0.0,0.0,0.4,0.0,0.0,0.0,0.0,0.0,0.0,0.0,0.0,0.075,0.0,0.0,4.325218651876003,123.57767576788582,2.071150353841091,59.17572439545973,6.091394965405283,174.03985615443665,3.6789451279651006e-09,1.0511271794186001e-07,0.0,0.0,3.5,36.45374924293901,0.48158279248301694,0.06567038079313868,11953.34272021881,0.02695317165990923,0.5472531732761556,0.007375034143439671,0.0108,0.008927050207980907,11.221627008106495,0.0,0.7783729918935052,0.0013778717213437678,0.03354267930066456,281.46550380510024,0.00043402959222328685,0.05247173601109923,0.0041507703704323756,11.221627008106495,0.0,23.661365656121763,0.0,0.33863434387823543,0.0,0.014062888034810442,0.6350755051355895,360.87475833627116,0.0,0.7102723164262923,0.3240181148650967,23.661365656121763,0.0,0.0,90.0
37.24291060262485,206.90505890347143,19.18874921158988,106.60416228661043,5.976061851827568,33.20034362126427,11952.822532256461,66404.56962364701,18.0,2.5639029974605054,128.1951498730253,3.605728623059928,180.28643115299639,5.974010434560199,298.70052172800996,0.0,0.0,0.0,0.0,2.0,0.0,0.0,0.0,0.0,0.0,0.0,0.0,0.0,0.35,0.0,0.0,0.025,0.0,0.0,0.0,0.0,0.0,0.0,0.3,0.009379394738616776,0.6252929825744518,5.417341352255615,361.1560901503744,0.05367426938132752,3.578284625421835,0.05528802065041157,3.6858680433607716,7.116585559300972,474.43903728673155,1.5,4.325218651876003,332.7091270673849,2.071150353841091,159.3192579877762,6.091394965405283,468.5688434927141,3.6789451279651006e-09,2.829957790742385e-07,0.0,0.0,1.3,0.0,0.0,0.2,0.0,0.0,272.8138132410391,2273.448443675326,0.7102587733229745,5.918823111024787,0.0,0.0,0.5191143082304915,4.32595256858743,12.0,0.0,0.0,0.0,0.0,0.4,0.0,0.0,0.0,0.0,0.0,0.0,0.0,0.0,0.075,0.0,0.0,-0.30757867189250465,-8.787962054071562,0.18048651701327767,5.156757628950791,6.098429160106308,174.2408331458945,-1.7346412651187623e-09,-4.9561179003393204e-08,0.0,0.0,3.5,37.24291060262485,0.4815826877933315,0.06567036651727248,11952.822532256461,0.027065090226521895,0.547253054310604,0.00985859036998421,0.00864,0.009673390597386993,11.219063436180708,0.0,0.780936563819292,0.0014539503482506578,0.03364325119163835,281.25494746644597,0.00045799435969895723,0.05528802065041157,0.004270234987563004,11.219063436180708,0.0,23.661374222728845,0.0,0.33862577727115284,0.0,0.014062532278702359,0.6350639647914695,360.99266359026973,0.0,0.7102587733229745,0.3240122269344232,23.66137422272885,0.0,0.0,91.0
37.19551101945021,206.64172788583448,19.186075016259444,106.5893056458858,6.041732204070812,33.56517891150451,11952.30233624947,66401.67964583039,18.0,4.325218651876003,216.2609325938002,1.7774491145419415,88.87245572709708,6.091394965405283,304.56974827026414,3.6789451279651006e-09,1.8394725639825501e-07,0.0,0.0,2.0,0.0,0.0,0.0,0.0,0.0,0.0,0.0,0.0,0.35,0.0,0.0,0.025,0.0,0.0,0.0,0.0,0.0,0.0,0.3,0.01013369006678681,0.6755793377857873,5.427777959634406,361.851863975627,0.053183090762429414,3.545539384161961,0.05814577257489707,3.8763848383264716,7.180411578828589,478.69410525523926,1.5,0.0,0.0,0.18048651701327767,13.88357823179059,6.098429160106308,469.1099353927929,0.0,0.0,0.0,0.0,1.3,0.0,0.0,0.2,0.0,0.0,272.6109408508865,2271.7578404240544,0.7102455558711904,5.9187129655932535,0.0,0.0,0.5191001910816442,4.325834925680368,12.0,0.0,0.0,0.0,0.0,0.4,0.0,0.0,0.0,0.0,0.0,0.0,0.0,0.0,0.075,0.0,0.0,2.7853064918597674,79.58018548170764,3.78546983667055,108.15628104773,6.121080924881579,174.88802642518797,-1.7346412651187623e-09,-4.9561179003393204e-08,0.0,0.0,3.5,37.19551101945021,0.48158258311712304,0.06567035224324405,11952.30233624947,0.02705692836925703,0.5472529353603671,0.007886872295987368,0.012912,0.010451188472333938,11.216496287756408,0.0,0.7835037122435919,0.00153113390531023,0.03374355229589163,281.0446154430333,0.00048230718017272246,0.05814577257489707,0.0043888858297957255,11.216496287756408,0.0,23.66138177687303,0.0,0.3386182231269712,0.0,0.014062218568395814,0.635053788268274,361.1105192948667,0.0,0.7102455558711904,0.32400703483075205,23.66138177687303,0.0,0.0003619950292979013,92.0
37.83542184253002,210.19678801405567,19.174344029280192,106.52413349600107,6.107402542038571,33.9300141224365,11951.782235431137,66398.79019683965,18.0,0.0,0.0,-0.032601921254042265,-1.6300960627021133,6.098429160106308,304.9214580053154,0.0,0.0,0.0,0.0,2.0,0.0,0.0,0.0,0.0,0.0,0.0,0.0,0.0,0.35,0.0,0.0,0.025,0.0,0.0,0.0,0.0,0.0,0.0,0.3,0.010918322202854356,0.727888146856957,5.438912383092778,362.5941588728519,0.05217911572367209,3.478607714911473,0.061043153556745694,4.069543570449713,7.244104813894904,482.94032092632693,1.5,2.7853064918597674,214.25434552767442,3.78546983667055,291.1899874361962,6.121080924881579,470.85237883704457,0.0,0.0,0.0,0.0,1.3,0.0,0.0,0.2,0.0,0.0,272.3368133709719,2269.4734447580995,0.710232693224726,5.918605776872718,0.0,0.0,0.5190865161945214,4.325720968287679,12.0,0.0,0.0,0.0,0.0,0.4,0.0,0.0,0.0,0.0,0.0,0.0,0.0,0.0,0.075,0.0,0.0,4.166890307226424,119.05400877789782,1.9565940854304391,55.9026881551554,6.238067403248928,178.23049723568366,1.9443038628463382e-09,5.555153893846681e-08,0.0,0.0,3.5,37.83542184253002,0.4815824784302301,0.06567033796775865,11951.782235431137,0.027151998064570082,0.5472528163979887,0.006309497836789894,0.0163296,0.011260246312379667,11.213924972538473,0.0,0.7860750274615269,0.0016093660651326528,0.03384361197512715,280.8345211363032,0.0005069503105167856,0.061043153556745694,0.004506747046981269,11.213924972538473,0.0,23.66138909443121,0.0,0.3386109055687887,0.0,0.014061914683089231,0.6350439303716776,361.2283143062605,0.0,0.710232693224726,0.3240020052916723,23.66138909443121,0.0,0.0003619950292979013,93.0
38.61377164776623,214.52095359870125,19.137997875812022,106.32221042117791,6.1730728657322205,34.29484925406789,11951.262242349714,66395.9013463873,18.0,2.7853064918597674,139.26532459298838,3.752867915416508,187.6433957708254,6.121080924881579,306.05404624407896,0.0,0.0,0.0,0.0,2.0,0.0,0.0,0.0,0.0,0.0,0.0,0.0,0.0,0.35,0.0,0.0,0.025,0.0,0.0,0.0,0.0,0.0,0.0,0.3,0.011733073597750429,0.7822049065166953,5.449574789225663,363.3049859483775,0.05227360298819886,3.484906865879924,0.06397838152159908,4.2652254347732725,7.3076626051640785,487.1775070109386,1.5,4.166890307226424,320.53002363280183,1.9565940854304391,150.507237340803,6.238067403248928,479.851338711456,1.9443038628463382e-09,1.4956183560356448e-07,0.0,0.0,1.3,0.0,0.0,0.2,0.0,0.0,271.87416782411816,2265.618065200985,0.7102192802516871,5.918494002097392,0.0,0.0,0.5190707238717766,4.3255893655981374,12.0,0.0,0.0,0.0,0.0,0.4,0.0,0.0,0.0,0.0,0.0,0.0,0.0,0.0,0.075,0.0,0.0,-0.29676743148278817,-8.479069470936805,0.17973653176248705,5.135329478928202,6.243085420759801,178.37386916456575,-9.215656693098817e-10,-2.6330447694568047e-08,0.0,0.0,3.5,38.61377164776623,0.4815823737534286,0.06567032369364935,11951.262242349714,0.02725961510112606,0.5472526974470779,0.007968119461715474,0.01306368,0.012100337227400221,11.211349279370879,0.0,0.7886507206291216,0.00168859289220838,0.03394344362889359,280.62465510654323,0.0005319067610456397,0.06397838152159908,0.004623820857061772,11.211349279370879,0.0,23.661397545134506,0.0,0.3386024548654939,0.0,0.014061563740261374,0.6350325458423248,361.3460190691593,0.0,0.7102192802516871,0.323996196858329,23.661397545134506,0.0,0.0003619950292979013,94.0
38.56413952945417,214.24521960807868,19.13938297842289,106.32990543568273,6.238743175153481,34.65968430640823,11950.742242286333,66393.0124571463,18.0,4.166890307226424,208.34451536132119,1.615741366099587,80.78706830497934,6.238067403248928,311.9033701624464,1.9443038628463382e-09,9.721519314231691e-08,0.0,0.0,2.0,0.0,0.0,0.0,0.0,0.0,0.0,0.0,0.0,0.35,0.0,0.0,0.025,0.0,0.0,0.0,0.0,0.0,0.0,0.3,0.012577700378591641,0.8385133585727761,5.460922587815973,364.0615058543982,0.05156032227228968,3.4373548181526457,0.06694974980066352,4.463316653377569,7.371093757678184,491.40625051187897,1.5,0.0,0.0,0.17973653176248705,13.825887058652851,6.243085420759801,480.23734005844625,0.0,0.0,0.0,0.0,1.3,0.0,0.0,0.2,0.0,0.0,271.6939223356836,2264.11601946403,0.7102062959613866,5.918385799678222,0.0,0.0,0.5190570375246254,4.325475312705211,12.0,0.0,0.0,0.0,0.0,0.4,0.0,0.0,0.0,0.0,0.0,0.0,0.0,0.0,0.075,0.0,0.0,3.019753447778284,86.27866993652239,3.932009140826498,112.34311830932852,6.26564621016436,179.01846314755315,-9.215656693098817e-10,-2.6330447694568047e-08,0.0,0.0,3.5,38.56413952945417,0.4815822690892476,0.06567030942126104,11950.742242286333,0.02725251512901285,0.5472525785105087,0.006374495569372379,0.016450944,0.012971207119559548,11.208768736112063,0.0,0.7912312638879364,0.0017687621740130263,0.034043072348759314,280.41503047380513,0.0005571600848141032,0.06694974980066352,0.0047401304530774605,11.208768736112063,0.0,23.661404868973783,0.0,0.33859513102621885,0.0,0.014061259594112079,0.6350226792953654,361.46367768962307,0.0,0.7102062959613866,0.32399116290579866,23.66140486897378,0.0,0.021142307011206365,95.0
39.23303052883084,217.96128071572687,19.127653493793268,106.26474163218481,6.3044134703009265,35.02451927944959,11950.222339574426,66390.12410874681,18.0,0.0,0.0,-0.03138344198716991,-1.5691720993584957,6.243085420759801,312.15427103799004,0.0,0.0,0.0,0.0,2.0,0.0,0.0,0.0,0.0,0.0,0.0,0.0,0.0,0.35,0.0,0.0,0.025,0.0,0.0,0.0,0.0,0.0,0.0,0.3,0.013451934723900109,0.8967956482600072,5.472813886864751,364.85425912431674,0.05035242708826004,3.3568284725506694,0.0699556217571986,4.663708117146573,7.434405566797402,495.6270377864934,1.5,3.019753447778284,232.28872675217568,3.932009140826498,302.4622416020383,6.26564621016436,481.97278539725846,0.0,0.0,0.0,0.0,1.3,0.0,0.0,0.2,0.0,0.0,271.41777563427735,2261.814796952311,0.7101936669899938,5.918280558249948,0.0,0.0,0.5190436232612615,4.325363527177179,12.0,0.0,0.0,0.0,0.0,0.4,0.0,0.0,0.0,0.0,0.0,0.0,0.0,0.0,0.075,0.0,0.0,3.97958147226435,113.70232777898143,1.7944063464275786,51.26875275507368,6.382243236352676,182.3498067529336,1.0227381935364566e-09,2.922109124389876e-08,0.0,0.0,3.5,39.23303052883084,0.4815821644145988,0.06567029514744528,11950.222339574426,0.027349747654800752,0.547252459562044,0.005099596455497903,0.019160755199999997,0.01387257713939399,11.206182966259483,0.0,0.7938170337405169,0.001849823944003354,0.034142519456440375,280.20565755275703,0.0005826945423610565,0.0699556217571986,0.004855695900538436,11.206182966259483,0.0,23.661412047282575,0.0,0.3385879527174242,0.0,0.014060961491587384,0.6350130087194413,361.5812750945423,0.0,0.7101936669899938,0.3239862289384905,23.661412047282575,0.0,0.021142307011206365,96.0
39.99536310126084,222.19646167367137,19.091050270853533,106.06139039363073,6.370083751175993,35.38935417319996,11949.702539651491,66387.23633139717,18.0,3.019753447778284,150.98767238891418,3.900625698839328,195.0312849419664,6.26564621016436,313.282310508218,0.0,0.0,0.0,0.0,2.0,0.0,0.0,0.0,0.0,0.0,0.0,0.0,0.0,0.35,0.0,0.0,0.025,0.0,0.0,0.0,0.0,0.0,0.0,0.3,0.014355487057229641,0.9570324704819761,5.484132980846471,365.6088653897648,0.0502276738446972,3.34851158964648,0.07299440825832641,4.866293883888428,7.497594234085166,499.83961560567775,1.5,3.97958147226435,306.1216517126423,1.7944063464275786,138.03125741750605,6.382243236352676,490.9417874117443,1.0227381935364566e-09,7.867216873357358e-08,0.0,0.0,1.3,0.0,0.0,0.2,0.0,0.0,270.95534490781364,2257.961207565114,0.7101804483693426,5.918170403077855,0.0,0.0,0.5190279817376169,4.325233181146808,12.0,0.0,0.0,0.0,0.0,0.4,0.0,0.0,0.0,0.0,0.0,0.0,0.0,0.0,0.075,0.0,0.0,-0.2807505126795151,-8.021443219414717,0.17932537905124613,5.1235822586070325,6.385287161846628,182.4367760527608,-4.860570267223234e-10,-1.3887343620637811e-08,0.0,0.0,3.5,39.99536310126084,0.4815820597504851,0.06567028087506616,11949.702539651491,0.027452417204800343,0.5472523406255513,0.00681158542032087,0.015328604159999999,0.014804145954592726,11.203591930968102,0.0,0.7964080690318981,0.001931730329560881,0.03424179200154602,279.9965249560114,0.0006084950538116775,0.07299440825832641,0.004970516830688691,11.203591930968102,0.0,23.661420417538,0.0,0.3385795824620008,0.0,0.014060613889617976,0.6350017322535989,361.69878189446973,0.0,0.7101804483693426,0.32398047563959126,23.661420417538,0.0,0.021142307011206365,97.0
39.943618593224905,221.90899218458281,19.09479000488025,106.08216669377916,6.435754017780266,35.75418898766815,11949.182733284837,66384.3485182491,18.0,3.97958147226435,198.9790736132175,1.416386256589309,70.81931282946546,6.382243236352676,319.1121618176338,1.0227381935364566e-09,5.113690967682283e-08,0.0,0.0,2.0,0.0,0.0,0.0,0.0,0.0,0.0,0.0,0.0,0.35,0.0,0.0,0.025,0.0,0.0,0.0,0.0,0.0,0.0,0.3,0.015288047748151927,1.0192031832101285,5.496027578781272,366.4018385854181,0.04928662274398135,3.285774849598757,0.07606458666234511,5.07097244415634,7.560667273166352,504.0444848777568,1.5,0.0,0.0,0.17932537905124613,13.794259927018933,6.385287161846628,491.1759355266637,0.0,0.0,0.0,0.0,1.3,0.0,0.0,0.2,0.0,0.0,270.7893626737159,2256.578022280966,0.7101676809112782,5.918064007593985,0.0,0.0,0.5190145738966859,4.325121449139049,12.0,0.0,0.0,0.0,0.0,0.4,0.0,0.0,0.0,0.0,0.0,0.0,0.0,0.0,0.075,0.0,0.0,3.272329398232716,93.4951256637919,4.079438002080325,116.55537148800929,6.407791637687221,183.07976107677774,-4.860570267223234e-10,-1.3887343620637811e-08,0.0,0.0,3.5,39.943618593224905,0.481581955098005,0.0656702666042734,11949.182733284837,0.027445855047666144,0.5472522217022784,0.005449268336256696,0.018262883328,0.015765591510776996,11.200995334774776,0.0,0.7990046652252245,0.002014434933639076,0.034340908438231135,279.7876435963301,0.000634547004096309,0.07606458666234511,0.005084613337657776,11.200995334774776,0.0,23.661427592553615,0.0,0.3385724074463834,0.0,0.014060315923853131,0.634992065931928,361.8162446855822,0.0,0.7101676809112782,0.3239755438428204,23.66142759255362,0.0,0.06242676309917013,98.0
40.64040738428677,225.78004102381536,19.081463283347162,106.00812935192867,6.501424270112334,36.1190237228463,11948.663025662141,66381.46125367856,18.0,0.0,0.0,-0.019019722962805963,-0.9509861481402982,6.385287161846628,319.2643580923314,0.0,0.0,0.0,0.0,2.0,0.0,0.0,0.0,0.0,0.0,0.0,0.0,0.0,0.35,0.0,0.0,0.025,0.0,0.0,0.0,0.0,0.0,0.0,0.3,0.01624928910383209,1.0832859402554726,5.508375431435727,367.22502876238184,0.04786858979223199,3.191239319482133,0.07916469618489022,5.277646412326015,7.623630903759814,508.2420602506543,1.5,3.272329398232716,251.71764601790125,4.079438002080325,313.80292323694806,6.407791637687221,492.90704905286316,0.0,0.0,0.0,0.0,1.3,0.0,0.0,0.2,0.0,0.0,270.5019933604755,2254.1832780039626,0.7101551930388181,5.9179599419901505,0.0,0.0,0.5190011906016189,4.325009921680158,12.0,0.0,0.0,0.0,0.0,0.4,0.0,0.0,0.0,0.0,0.0,0.0,0.0,0.0,0.075,0.0,0.0,3.764374531637655,107.55355804679014,1.5947880991821064,45.5653742623459,6.524006875844785,186.40019645270814,5.366811668141332e-10,1.5333747623260947e-08,0.0,0.0,3.5,40.64040738428677,0.481581850435168,0.06567025233206836,11948.663025662141,0.027544480072674866,0.5472521027672363,0.004359414669005357,0.020610306662399998,0.016756573091786832,11.198392959453003,0.0,0.8016070405469968,0.0020978933480498654,0.03443988415372815,279.57902197751616,0.0006608364046357076,0.07916469618489022,0.005198002870594981,11.198392959453003,0.0,23.661434754499968,0.0,0.3385652455000323,0.0,0.014060018500831906,0.6349824171335234,361.93364428139637,0.0,0.7101551930388181,0.32397062098649154,23.661434754499968,0.0,0.06242676309917013,99.0
41.3822355698821,229.9013087215672,19.044607637656792,105.80337576475995,6.567094508173674,36.48385837874263,11948.14341541282,66378.57453007123,18.0,3.272329398232716,163.61646991163582,4.060418279117519,203.02091395587593,6.407791637687221,320.38958188436106,0.0,0.0,0.0,0.0,2.0,0.0,0.0,0.0,0.0,0.0,0.0,0.0,0.0,0.35,0.0,0.0,0.025,0.0,0.0,0.0,0.0,0.0,0.0,0.3,0.017238867204524343,1.1492578136349563,5.519986721887891,367.99911479252603,0.04751880356042523,3.1679202373616824,0.08229331477356495,5.486220984904331,7.686479608542903,512.4319739028601,1.5,3.764374531637655,289.567271664435,1.5947880991821064,122.6760076293928,6.524006875844785,501.84668275729115,5.366811668141332e-10,4.128316667801024e-08,0.0,0.0,1.3,0.0,0.0,0.2,0.0,0.0,270.03977771176966,2250.331480931414,0.7101420535724712,5.917850446437259,0.0,0.0,0.5189855344428527,4.324879453690439,12.0,0.0,0.0,0.0,0.0,0.4,0.0,0.0,0.0,0.0,0.0,0.0,0.0,0.0,0.075,0.0,0.0,-0.26024643981218,-7.435612566062285,0.1792069086178354,5.120197389081011,6.525116907425302,186.43191164072292,-2.5540661226483494e-10,-7.297331778995284e-09,0.0,0.0,3.5,41.3822355698821,0.48158174578315477,0.06567023806133929,11948.14341541282,0.027641734267778526,0.547251983844494,0.006858604954629911,0.01648824532992,0.017776733218888875,11.195784919437813,0.0,0.8042150805621869,0.002182063021509694,0.0345387203914575,279.37064555171696,0.0006873498517755536,0.08229331477356495,0.005310681610184428,11.195784919437813,0.0,23.66144313283209,0.0,0.3385568671679106,0.0,0.014059670563451438,0.6349711294757203,362.0509529133858,0.0,0.7101420535724712,0.3239648619774083,23.66144313283209,0.0,0.06242676309917013,100.0
41.32849714642741,229.6027619245967,19.049855963691552,105.83253313161974,6.632764731965723,36.848692955365124,11947.623799011608,66375.68777228672,18.0,3.764374531637655,188.21872658188275,1.1828713618897244,59.14356809448621,6.524006875844785,326.20034379223927,5.366811668141332e-10,2.683405834070666e-08,0.0,0.0,2.0,0.0,0.0,0.0,0.0,0.0,0.0,0.0,0.0,0.35,0.0,0.0,0.025,0.0,0.0,0.0,0.0,0.0,0.0,0.3,0.018256423247803095,1.217094883186873,5.532131725988748,368.8087817325832,0.0463446959425165,3.0896463961677667,0.08544908017426787,5.696605344951192,7.74922032758983,516.6146885059886,1.5,0.0,0.0,0.1792069086178354,13.785146816756567,6.525116907425302,501.93206980194634,0.0,0.0,0.0,0.0,1.3,0.0,0.0,0.2,0.0,0.0,269.88396992326557,2249.03308269388,0.7101293724764708,5.917744770637256,0.0,0.0,0.5189722349667946,4.324768624723288,12.0,0.0,0.0,0.0,0.0,0.4,0.0,0.0,0.0,0.0,0.0,0.0,0.0,0.0,0.075,0.0,0.0,3.547403023016919,101.35437208619769,4.239135806011786,121.11816588605105,6.5475978373986745,187.07422392567642,-2.5540661226483494e-10,-7.297331778995284e-09,0.0,0.0,3.5,41.32849714642741,0.4815816411416933,0.06567022379204908,11947.623799011608,0.02763546372016748,0.5472518649337423,0.005486883963703929,0.019190596263936,0.018825699043367523,11.193171045067592,0.0,0.8068289549324084,0.002266902626918828,0.0346374309053308,279.1625243710522,0.0007140743274794308,0.08544908017426787,0.00542266802762174,11.19317104506759,0.0,23.661450250065677,0.0,0.33854974993432196,0.0,0.014059374997272509,0.6349615407352431,362.1682190479677,0.0,0.7101293724764708,0.32395996976287916,23.66145025006568,0.0,0.12588541547787502,101.0
42.05279358065425,233.62663100363474,19.033766848304147,105.74314915724526,6.698434941487077,37.21352745270599,11947.104282265005,66372.80156813892,18.0,0.0,0.0,0.0021675957201652274,0.10837978600826137,6.525116907425302,326.2558453712651,0.0,0.0,0.0,0.0,2.0,0.0,0.0,0.0,0.0,0.0,0.0,0.0,0.0,0.35,0.0,0.0,0.025,0.0,0.0,0.0,0.0,0.0,0.0,0.3,0.019301585231435745,1.286772348762383,5.544694431439501,369.64629542930004,0.04471083721993152,2.980722481328768,0.08863068569084628,5.908712379389752,7.8118587831845065,520.7905855456337,1.5,3.547403023016919,272.8771556166861,4.239135806011786,326.0873696932143,6.5475978373986745,503.66137210759035,0.0,0.0,0.0,0.0,1.3,0.0,0.0,0.2,0.0,0.0,269.57802014201434,2246.4835011834525,0.7101168677043022,5.917640564202518,0.0,0.0,0.5189586615988441,4.324655513323701,12.0,0.0,0.0,0.0,0.0,0.4,0.0,0.0,0.0,0.0,0.0,0.0,0.0,0.0,0.075,0.0,0.0,3.521659633900742,100.61884668287836,1.361197383405139,38.8913538115754,6.663438052411887,190.38394435462533,2.8127455454929826e-10,8.036415844265664e-09,0.0,0.0,3.5,42.05279358065425,0.4815815364899364,0.06567020952135495,11947.104282265005,0.027734999407675143,0.5472517460112913,0.004389507170963143,0.0213524770111488,0.019903084088057667,11.190551232090687,0.0,0.8094487679093119,0.0023523726289351003,0.03473602681589033,278.95466621019875,0.0007409973781145567,0.08863068569084628,0.005533978145513509,11.190551232090689,0.0,23.661457513940153,0.0,0.33854248605984605,0.0,0.014059073341355732,0.6349517543464828,362.2854188127011,0.0,0.7101168677043022,0.32395497670738915,23.661457513940153,0.0,0.12588541547787502,102.0
42.76962194482718,237.60901080459544,18.996710838486425,105.5372824360357,6.76410513673924,37.578361870773556,11946.584857072114,66369.91587262285,18.0,3.547403023016919,177.37015115084597,4.238718979755893,211.93594898779466,6.5475978373986745,327.3798918699337,0.0,0.0,0.0,0.0,2.0,0.0,0.0,0.0,0.0,0.0,0.0,0.0,0.0,0.35,0.0,0.0,0.025,0.0,0.0,0.0,0.0,0.0,0.0,0.3,0.020373969497271632,1.358264633151442,5.556304877917878,370.4203251945252,0.04413083984780322,2.9420559898535483,0.09183685459900308,6.122456973266872,7.874387289439106,524.9591526292737,1.5,3.521659633900742,270.89689491544175,1.361197383405139,104.70749103116454,6.663438052411887,512.5721578778374,2.8127455454929826e-10,2.1636504196099864e-08,0.0,0.0,1.3,0.0,0.0,0.2,0.0,0.0,269.1163927242306,2242.6366060352548,0.7101036567363723,5.917530472803103,0.0,0.0,0.5189428359757341,4.324523633131117,12.0,0.0,0.0,0.0,0.0,0.4,0.0,0.0,0.0,0.0,0.0,0.0,0.0,0.0,0.075,0.0,0.0,-0.23524693232373206,-6.721340923535202,0.1815039678280077,5.185827652228792,6.662652604018434,190.36150297195525,-1.3395210572246876e-10,-3.827203020641964e-09,0.0,0.0,3.5,42.76962194482718,0.48158143184919494,0.06567019525216294,11946.584857072114,0.027826434075781763,0.5472516271013579,0.008202959177817713,0.01708198160891904,0.02100848984536664,11.187925730456335,0.0,0.8120742695436654,0.002438435162758419,0.03483450409462725,278.7470524068156,0.0007681070762689019,0.09183685459900308,0.00564460407091521,11.187925730456334,0.0,23.661465983209133,0.0,0.33853401679086736,0.0,0.014058721627527715,0.6349403438588673,362.40252730646307,0.0,0.7101036567363723,0.32394915503003435,23.661465983209133,0.0,0.12588541547787502,103.0
42.71400469015132,237.30002605639623,19.003069004518686,105.57260558065937,6.829775317723492,37.94319620957496,11946.065425912373,66367.03014395763,18.0,3.521659633900742,176.08298169503712,0.9151031132973961,45.755155664869804,6.663438052411887,333.1719026205943,2.8127455454929826e-10,1.4063727727464913e-08,0.0,0.0,2.0,0.0,0.0,0.0,0.0,0.0,0.0,0.0,0.0,0.35,0.0,0.0,0.025,0.0,0.0,0.0,0.0,0.0,0.0,0.3,0.021473181749445767,1.431545449963051,5.568464374317076,371.23095828780504,0.04271906375622428,2.847937583748285,0.09506636508438587,6.337757672292392,7.936812804675369,529.1208536450246,1.5,0.0,0.0,0.1815039678280077,13.961843679077516,6.662652604018434,512.5117387706488,0.0,0.0,0.0,0.0,1.3,0.0,0.0,0.2,0.0,0.0,268.96887951582664,2241.4073292985554,0.710090923046204,5.917424358718367,0.0,0.0,0.5189295102511016,4.324412585425846,12.0,0.0,0.0,0.0,0.0,0.4,0.0,0.0,0.0,0.0,0.0,0.0,0.0,0.0,0.075,0.0,0.0,3.849354672586882,109.98156207391092,4.417540077442167,126.21543078406191,6.685140982402026,191.0040280686293,-1.3395210572246876e-10,-3.827203020641964e-09,0.0,0.0,3.5,42.71400469015132,0.4815813272178411,0.06567018098425105,11946.065425912373,0.02782034846044344,0.5472515082020921,0.006562367342254171,0.01966558528713523,0.022141506833195084,11.185294456260022,0.0,0.8147055437399772,0.002525053337033501,0.03493287330690244,278.53969327196916,0.0007953918011655528,0.09506636508438587,0.005754563822416294,11.185294456260024,0.0,23.66147311469956,0.0,0.3385268853004387,0.0,0.01405842546928732,0.6349307356443331,362.519594531439,0.0,0.710090923046204,0.3239442528797618,23.66147311469956,0.0,0.21408661051937977,104.0
43.46578309972538,241.47657277625208,18.983141248264214,105.46189582369009,6.895445484438432,38.3080304691024,11945.54609495625,66364.14497197916,18.0,0.0,0.0,0.03434221315192232,1.7171106575961157,6.662652604018434,333.13263020092165,0.0,0.0,0.0,0.0,2.0,0.0,0.0,0.0,0.0,0.0,0.0,0.0,0.0,0.35,0.0,0.0,0.025,0.0,0.0,0.0,0.0,0.0,0.0,0.3,0.022598818491287604,1.5065878994191737,5.581051823205429,372.0701215470286,0.04086446776532818,2.7242978510218787,0.09831804611815825,6.554536407877217,7.999141029335847,533.2760686223899,1.5,3.849354672586882,296.10420558360636,4.417540077442167,339.810775187859,6.685140982402026,514.241614030925,0.0,0.0,0.0,0.0,1.3,0.0,0.0,0.2,0.0,0.0,268.63686445637046,2238.640537136421,0.7100782460603831,5.917318717169859,0.0,0.0,0.51891554738429,4.324296228202416,12.0,0.0,0.0,0.0,0.0,0.4,0.0,0.0,0.0,0.0,0.0,0.0,0.0,0.0,0.075,0.0,0.0,3.2514624469029165,92.89892705436904,1.0935119914464155,31.243199755611872,6.800612110794662,194.3032031655618,1.473224488268295e-10,4.2092128236237e-09,0.0,0.0,3.5,43.46578309972538,0.48158122257623176,0.06567016671494069,11945.54609495625,0.02792043316717764,0.5472513892911725,0.005249893873803336,0.021732468229708184,0.023301716082243802,11.182657384208664,0.0,0.8173426157913362,0.0026121919039971916,0.03503114261379061,278.33259674875933,0.0008228404497591154,0.09831804611815825,0.005863872937769575,11.182657384208664,0.0,23.661480587237826,0.0,0.3385194127621751,0.0,0.01405811514793086,0.6349206678488944,362.6365909713472,0.0,0.7100782460603831,0.32393911624943594,23.661480587237826,0.0,0.21408661051937977,105.0
44.137420763351464,245.20789312973037,18.94619180063944,105.25662111466356,6.961115636885581,38.672864649364335,11945.02684727324,66361.2602626291,18.0,3.849354672586882,192.4677336293441,4.413076984650395,220.65384923251978,6.685140982402026,334.25704912010127,0.0,0.0,0.0,0.0,2.0,0.0,0.0,0.0,0.0,0.0,0.0,0.0,0.0,0.35,0.0,0.0,0.025,0.0,0.0,0.0,0.0,0.0,0.0,0.3,0.02375046833350926,1.5833645555672837,5.5906149526641125,372.7076635109408,0.04004990410568332,2.6699936070455546,0.10159071739025793,6.772714492683862,8.061344200373581,537.4229466915721,1.5,3.2514624469029165,250.11249591560895,1.0935119914464155,84.11630703433966,6.800612110794662,523.1240085226664,1.473224488268295e-10,1.1332496063602269e-08,0.0,0.0,1.3,0.0,0.0,0.2,0.0,0.0,268.1791611915567,2234.826343262973,0.7100648341771042,5.917206951475868,0.0,0.0,0.5188994519462568,4.324162099552139,12.0,0.0,0.0,0.0,0.0,0.4,0.0,0.0,0.0,0.0,0.0,0.0,0.0,0.0,0.075,0.0,0.0,-0.1900565456803247,-5.430187019437849,0.21588318274016072,6.168090935433163,6.797967930780384,194.22765516515383,-6.87504760928941e-11,-1.9642993169398315e-09,0.0,0.0,3.5,44.137420763351464,0.4815811179457567,0.06567015244714863,11945.02684727324,0.028003587314106092,0.5472512703929053,0.010701177696100642,0.0,0.02448869049035322,11.180015291084374,0.0,0.8199847089156269,0.002699817141522311,0.03512928559426275,278.1257044429256,0.000850442399579528,0.10159071739025793,0.0059724884136219914,11.180015291084374,0.0,23.661489201158144,0.0,0.3385107988418572,0.0,0.014057757426987425,0.6349090621493431,362.7534963571351,0.0,0.7100648341771042,0.3239331949741546,23.66148920115814,0.0,0.21408661051937977,106.0
44.0800550422699,244.88919467927718,18.93786738538539,105.21037436325216,7.026785775065991,39.037698750366616,11944.507589506216,66358.37549725675,18.0,3.2514624469029165,162.5731223451458,0.7056570435664531,35.282852178322656,6.800612110794662,340.03060553973313,1.473224488268295e-10,7.366122441341475e-09,0.0,0.0,2.0,0.0,0.0,0.0,0.0,0.0,0.0,0.0,0.0,0.35,0.0,0.0,0.025,0.0,0.0,0.0,0.0,0.0,0.0,0.3,0.02492771215619223,1.6618474770794822,5.601203863349051,373.41359088993676,0.038396924236567154,2.559794949104477,0.10488325844417157,6.992217229611438,8.123433902936714,541.5622601957809,1.5,0.0,0.0,0.21588318274016072,16.606398672320054,6.797967930780384,522.9206100600296,0.0,0.0,0.0,0.0,1.3,0.0,0.0,0.2,0.0,0.0,267.9638980345023,2233.0324836208524,0.7100515810605998,5.917096508838331,0.0,0.0,0.518885020612248,4.3240418384354,12.0,0.0,0.0,0.0,0.0,0.4,0.0,0.0,0.0,0.0,0.0,0.0,0.0,0.0,0.075,0.0,0.0,4.198244861311135,119.94985318031816,4.593661760320986,131.24747886631388,6.820493109442731,194.87123169836374,-6.87504760928941e-11,-1.9642993169398315e-09,0.0,0.0,3.5,44.0800550422699,0.4815810133230084,0.06567013818041023,11944.507589506216,0.0279933844795683,0.5472511515034186,0.008560942156880514,0.006,0.025701994995253448,11.177368039082689,0.0,0.822631960917311,0.002787895231063127,0.03522731549034708,277.91903586871797,0.0008781869977848849,0.10488325844417157,0.006080436284976763,11.177368039082689,0.0,23.661496924568244,0.0,0.33850307543175784,0.0,0.014057436687365359,0.6348986561481053,362.8703494931695,0.0,0.7100515810605998,0.3239278857898496,23.66149692456824,0.0,0.3264832257653882,107.0
44.849867166594784,249.16592870330436,18.9107472738667,105.05970707703723,7.092455898978152,39.40253277210084,11943.988430343732,66355.4912796874,18.0,0.0,0.0,0.11848425666335938,5.924212833167969,6.797967930780384,339.89839653901925,0.0,0.0,0.0,0.0,2.0,0.0,0.0,0.0,0.0,0.0,0.0,0.0,0.0,0.35,0.0,0.0,0.025,0.0,0.0,0.0,0.0,0.0,0.0,0.3,0.026130124524200393,1.7420083016133596,5.612598441512505,374.173229434167,0.036318218355542164,2.4212145570361443,0.10819460262480704,7.21297350832047,8.185419480349289,545.694632023286,1.5,4.198244861311135,322.9419124085489,4.593661760320986,353.35859694776815,6.820493109442731,524.6533161109793,0.0,0.0,0.0,0.0,1.3,0.0,0.0,0.2,0.0,0.0,267.58932485777797,2229.9110404814833,0.71003808969304,5.916984080775334,0.0,0.0,0.5188696643827865,4.323913869856554,12.0,0.0,0.0,0.0,0.0,0.4,0.0,0.0,0.0,0.0,0.0,0.0,0.0,0.0,0.075,0.0,0.0,2.9632312312672044,84.66374946477727,0.8854768641029258,25.29933897436931,6.935600194989068,198.16000557111624,7.85719727339354e-11,2.2449135066838685e-09,0.0,0.0,3.5,44.849867166594784,0.48158090868917713,0.06567012391216052,11943.988430343732,0.02809187011787019,0.5472510326013377,0.006848753725504411,0.0108,0.026941188039017405,11.174715570566434,0.0,0.8252844294335651,0.0028763941183216797,0.03532524215904401,277.7126062567898,0.0009060641472713291,0.10819460262480704,0.0061877382989571445,11.174715570566436,0.0,23.661505143051357,0.0,0.338494856948641,0.0,0.0140570953882326,0.6348875830118244,362.9871246812886,0.0,0.71003808969304,0.32392223623052263,23.66150514305136,0.0,0.3264832257653882,108.0
45.487312532999624,252.70729184999792,18.874498606406352,104.8583255911464,7.158126008623538,39.76736671457521,11943.469348255694,66352.60749030941,18.0,4.198244861311135,209.91224306555677,4.578674088284725,228.93370441423622,6.820493109442731,341.02465547213654,0.0,0.0,0.0,0.0,2.0,0.0,0.0,0.0,0.0,0.0,0.0,0.0,0.0,0.35,0.0,0.0,0.025,0.0,0.0,0.0,0.0,0.0,0.0,0.3,0.02735727493926525,1.82381832928435,5.622096407170147,374.8064271446765,0.0352668022261762,2.3511201484117468,0.11152369025993175,7.43491268399545,8.247284179548775,549.8189453032517,1.5,2.9632312312672044,227.9408639436311,0.8854768641029258,68.11360493099428,6.935600194989068,533.5077073068514,7.85719727339354e-11,6.043997902610415e-09,0.0,0.0,1.3,0.0,0.0,0.2,0.0,0.0,267.14146476633715,2226.178873052809,0.7100238579409304,5.916865482841087,0.0,0.0,0.5188526515651514,4.323772096376262,12.0,0.0,0.0,0.0,0.0,0.4,0.0,0.0,0.0,0.0,0.0,0.0,0.0,0.0,0.075,0.0,0.0,-0.1558645623386794,-4.453273209676555,0.3003001654804195,8.580004728011986,6.9311322807050635,198.03235087728754,-3.666692059598722e-11,-1.047626302742492e-09,0.0,0.0,3.5,45.487312532999624,0.48158080406616577,0.06567010964538623,11943.469348255694,0.02816882563712709,0.547250913711552,0.012610477896250423,0.0,0.02820582286382651,11.172058437392643,0.0,0.8279415626073576,0.002965283342323021,0.035423049157612053,277.5063790447837,0.0009340642528317516,0.11152369025993175,0.006294370977447726,11.172058437392643,0.0,23.661514248223575,0.0,0.33848575177642637,0.0,0.01405671726646289,0.634875315070043,363.1038099417928,0.0,0.7100238579409304,0.32391597707655256,23.661514248223572,0.0,0.3264832257653882,109.0
45.4283141017732,252.37952278762893,18.859626549856085,104.77570305475604,7.223796104003034,40.132200577794634,11942.95025432096,66349.72363511645,18.0,2.9632312312672044,148.1615615633602,0.5099352817288425,25.496764086442123,6.935600194989068,346.7800097494534,7.85719727339354e-11,3.9285986366967704e-09,0.0,0.0,2.0,0.0,0.0,0.0,0.0,0.0,0.0,0.0,0.0,0.35,0.0,0.0,0.025,0.0,0.0,0.0,0.0,0.0,0.0,0.3,0.028608728192674727,1.907248546178315,5.6320360965958445,375.4690731063896,0.033371148441096954,2.2247432294064637,0.11486950744902068,7.657967163268045,8.309033837473262,553.9355891648842,1.5,0.0,0.0,0.3003001654804195,23.100012729263035,6.9311322807050635,533.1640215926972,0.0,0.0,0.0,0.0,1.3,0.0,0.0,0.2,0.0,0.0,266.8974833379406,2224.1456944828387,0.7100097283412757,5.916747736177298,0.0,0.0,0.5188371548860862,4.323642957384052,12.0,0.0,0.0,0.0,0.0,0.4,0.0,0.0,0.0,0.0,0.0,0.0,0.0,0.0,0.075,0.0,0.0,4.582959429648509,130.94169798995742,4.760126815338373,136.0036232953821,6.953721887964966,198.67776822757045,-3.666692059598722e-11,-1.047626302742492e-09,0.0,0.0,3.5,45.4283141017732,0.4815806994496386,0.06567009537949617,11942.95025432096,0.028156860094223277,0.5472507948291347,0.010088382317000339,0.0,0.029495447880566704,11.169396687421948,0.0,0.8306033125780523,0.003054532773287791,0.03552074189766059,277.30036251555083,0.0009621778235856541,0.11486950744902068,0.006400349962376724,11.169396687421948,0.0,23.661522542059146,0.0,0.3384774579408554,0.0,0.014056372838075388,0.6348641401725728,363.2204381177014,0.0,0.7100097283412757,0.3239102755982514,23.661522542059146,0.0,0.4618595230139845,110.0
46.22160373299172,256.78668740550955,18.828565348576166,104.60314082542314,7.289466185115081,40.497034361750444,11942.43125909635,66346.84032831305,18.0,0.0,0.0,0.23354010995177843,11.67700549758892,6.9311322807050635,346.5566140352532,0.0,0.0,0.0,0.0,2.0,0.0,0.0,0.0,0.0,0.0,0.0,0.0,0.0,0.35,0.0,0.0,0.025,0.0,0.0,0.0,0.0,0.0,0.0,0.3,0.029884045407820362,1.9922696938546909,5.6429591666875245,376.1972777791683,0.031066751418064142,2.071116761204276,0.11823109320300379,7.882072880200253,8.370679418595389,558.0452945730259,1.5,4.582959429648509,352.535340742193,4.760126815338373,366.1636011798749,6.953721887964966,534.9016836896128,0.0,0.0,0.0,0.0,1.3,0.0,0.0,0.2,0.0,0.0,266.49624464673025,2220.802038722752,0.7099952913665906,5.916627428054921,0.0,0.0,0.5188206359437474,4.323505299531228,12.0,0.0,0.0,0.0,0.0,0.4,0.0,0.0,0.0,0.0,0.0,0.0,0.0,0.0,0.075,0.0,0.0,2.6515221948703642,75.75777699629612,0.6904494633717606,19.72712752490745,7.0684691886767475,201.95626253362136,4.190505213794819e-11,1.197287203941377e-09,0.0,0.0,3.5,46.22160373299172,0.481580594821675,0.06567008111204659,11942.43125909635,0.028255451323027186,0.5472506759337216,0.008070705853600271,0.006,0.030809607748137235,11.166730274667003,0.0,0.8332697253329964,0.0031441136506607285,0.03561832988837587,277.09457527668627,0.0009903957999581295,0.11823109320300379,0.00650569940464384,11.166730274667003,0.0,23.661531383108393,0.0,0.33846861689160557,0.0,0.01405600568486734,0.6348522278498465,363.33698363610756,0.0,0.7099952913665906,0.32390419788257474,23.661531383108397,0.0,0.4618595230139845,111.0
46.818590647320626,260.1032813740035,18.793299788898477,104.40722104943598,7.355136251961157,40.86186806645087,11941.912334266737,66343.95741259298,18.0,4.582959429648509,229.14797148242548,4.731623997257422,236.5811998628711,6.953721887964966,347.6860943982483,0.0,0.0,0.0,0.0,2.0,0.0,0.0,0.0,0.0,0.0,0.0,0.0,0.0,0.35,0.0,0.0,0.025,0.0,0.0,0.0,0.0,0.0,0.0,0.3,0.03118278517239612,2.078852344826408,5.65261666441217,376.8411109608113,0.029777443056032415,1.9851628704021609,0.12160750078003557,8.107166718669038,8.432210255946343,562.1473503964228,1.5,2.6515221948703642,203.9632457592588,0.6904494633717606,53.11149718244313,7.0684691886767475,543.7283991289806,4.190505213794819e-11,3.223465549072938e-09,0.0,0.0,1.3,0.0,0.0,0.2,0.0,0.0,266.0609560274833,2217.174633562361,0.7099802338245838,5.9165019485381976,0.0,0.0,0.5188029079176444,4.32335756598037,12.0,0.0,0.0,0.0,0.0,0.4,0.0,0.0,0.0,0.0,0.0,0.0,0.0,0.0,0.075,0.0,0.0,-0.11540642412435131,-3.2973264035528946,0.415404913521894,11.868711814911258,7.062211089755088,201.77745970728824,-1.9555690990917423e-11,-5.587340283119264e-10,0.0,0.0,3.5,46.818590647320626,0.48158049020455973,0.06567006684607633,11941.912334266737,0.028325727419456263,0.5472505570506361,0.01295002479246958,0.0,0.03214784454479517,11.164059643320302,0.0,0.8359403566796981,0.0032339987671068647,0.03571580145792233,276.8889929441695,0.0010187096116386623,0.12160750078003557,0.006610406344138646,11.164059643320302,0.0,23.661540871379376,0.0,0.3384591286206221,0.0,0.014055611653680323,0.6348394433262228,363.45344079370284,0.0,0.7099802338245838,0.3238976751664402,23.661540871379376,0.0,0.4618595230139845,112.0
46.75806531299814,259.76702951665635,18.77854044301664,104.32522468342579,7.420806304541964,41.2267016918998,11941.393397653306,66341.07443140725,18.0,2.6515221948703642,132.5761097435182,0.2905421453883523,14.527107269417616,7.0684691886767475,353.42345943383737,4.190505213794819e-11,2.0952526068974093e-09,0.0,0.0,2.0,0.0,0.0,0.0,0.0,0.0,0.0,0.0,0.0,0.35,0.0,0.0,0.025,0.0,0.0,0.0,0.0,0.0,0.0,0.3,0.03250450392639136,2.1669669284260906,5.662711648069202,377.51410987128014,0.027638586190514375,1.8425724127009582,0.12499782506392,8.333188337594667,8.493632030476675,566.2421353651117,1.5,0.0,0.0,0.415404913521894,31.95422411706877,7.062211089755088,543.2470069042375,0.0,0.0,0.0,0.0,1.3,0.0,0.0,0.2,0.0,0.0,265.8200420347495,2215.1670169562462,0.7099654283704324,5.916378569753603,0.0,0.0,0.5187869123108444,4.323224269257037,12.0,0.0,0.0,0.0,0.0,0.4,0.0,0.0,0.0,0.0,0.0,0.0,0.0,0.0,0.075,0.0,0.0,5.009658725439232,143.13310644112093,4.913115840113515,140.3747382889576,7.084891376884051,202.42546791097288,-1.9555690990917423e-11,-5.587340283119264e-10,0.0,0.0,3.5,46.75806531299814,0.4815803855925885,0.06567005258080752,11941.393397653306,0.02831382474305093,0.547250438173396,0.010360019833975664,0.0,0.03350969817232856,11.161384886781875,0.0,0.8386151132181252,0.0033241614284749187,0.035813160120286694,276.6836236886197,0.0010471108499695992,0.12499782506392,0.006714485712359344,11.161384886781875,0.0,23.66154943253641,0.0,0.3384505674635907,0.0,0.014055256123903268,0.6348279078722823,363.56984113621775,0.0,0.7099654283704324,0.3238917897307563,23.661549432536408,0.0,0.6184604684803334,113.0
47.57954522264781,264.3308067924878,18.74464161481861,104.13689786010339,7.486476342855945,41.59153523808858,11940.87456077523,66338.19200430684,18.0,0.0,0.0,0.3748645545848408,18.74322772924204,7.062211089755088,353.1105544877544,0.0,0.0,0.0,0.0,2.0,0.0,0.0,0.0,0.0,0.0,0.0,0.0,0.0,0.35,0.0,0.0,0.025,0.0,0.0,0.0,0.0,0.0,0.0,0.3,0.03384875682922299,2.2565837886148663,5.673784405630759,378.2522937087172,0.025107628104577617,1.673841873638508,0.12840120967020796,8.56008064468053,8.554955512212011,570.3303674808008,1.5,5.009658725439232,385.3583634953256,4.913115840113515,377.93198770103965,7.084891376884051,544.9916443756963,0.0,0.0,0.0,0.0,1.3,0.0,0.0,0.2,0.0,0.0,265.3954637141383,2211.628864284486,0.7099503268962745,5.91625272413562,0.0,0.0,0.5187696764465962,4.323080637054969,12.0,0.0,0.0,0.0,0.0,0.4,0.0,0.0,0.0,0.0,0.0,0.0,0.0,0.0,0.075,0.0,0.0,2.3116225661898966,66.04635903399705,0.4710876196732263,13.459646276377894,7.199282641269369,205.6937897505534,2.2349361147030764e-11,6.385531756294504e-10,0.0,0.0,3.5,47.57954522264781,0.4815802809691948,0.0656700383139811,11940.87456077523,0.028413441206854836,0.5472503192831759,0.008288015867180532,0.006,0.03489470725369154,11.158706004706382,0.0,0.8412939952936193,0.0034145761818573975,0.03591041344339237,276.4784859473002,0.0010755914972850802,0.12840120967020796,0.00681796078814536,11.158706004706382,0.0,23.661558657608754,0.0,0.3384413423912466,0.0,0.014054873022892302,0.6348154777130035,363.6861545812276,0.0,0.7099503268962745,0.3238854478127569,23.66155865760875,0.0,0.6184604684803334,114.0
48.12746297360321,267.3747942977956,18.71054300812098,103.94746115622766,7.5521463669046085,41.956368705025604,11940.3557868085,66335.30992671389,18.0,5.009658725439232,250.48293627196162,4.869258978017678,243.46294890088387,7.084891376884051,354.24456884420255,0.0,0.0,0.0,0.0,2.0,0.0,0.0,0.0,0.0,0.0,0.0,0.0,0.0,0.35,0.0,0.0,0.025,0.0,0.0,0.0,0.0,0.0,0.0,0.3,0.03521509872163469,2.3476732481089795,5.683776505307003,378.9184336871336,0.023579860408687564,1.5719906939125043,0.13181681213226862,8.787787475484574,8.616171773131121,574.4114515420748,1.5,2.3116225661898966,177.8171204761459,0.4710876196732263,36.23750920563279,7.199282641269369,553.7909724053361,2.2349361147030764e-11,1.7191816266946742e-09,0.0,0.0,1.3,0.0,0.0,0.2,0.0,0.0,264.9744125370125,2208.120104475104,0.7099347366989917,5.91612280582493,0.0,0.0,0.5187515783251954,4.322929819376628,12.0,0.0,0.0,0.0,0.0,0.4,0.0,0.0,0.0,0.0,0.0,0.0,0.0,0.0,0.075,0.0,0.0,-0.06633757459853351,-1.8953592742438146,0.5565568214371153,15.901623469631863,7.191266711786156,205.46476319389015,-1.0429701865060087e-11,-2.979914818588596e-10,0.0,0.0,3.5,48.12746297360321,0.48158017635686334,0.06567002404866318,11940.3557868085,0.028476233664509853,0.5472502004055265,0.011751853140794587,0.0,0.03630241012793515,11.156023426565435,0.0,0.8439765734345657,0.003505218998160226,0.03600755038858274,276.2735589247455,0.001104143984420471,0.13181681213226862,0.006920821460220871,11.156023426565433,0.0,23.661568344300953,0.0,0.33843165569904565,0.0,0.014054470751621497,0.6348024254025078,363.80238152671575,0.0,0.7099347366989917,0.3238787884706672,23.661568344300953,0.0,0.6184604684803334,115.0
48.06551101563699,267.0306167535388,18.71101742974405,103.9500968319114,7.617816376688451,42.32120209271362,11939.837005017042,66332.42780565024,18.0,2.3116225661898966,115.58112830949483,-0.038356689893244145,-1.9178344946622072,7.199282641269369,359.96413206346847,2.2349361147030764e-11,1.1174680573515382e-09,0.0,0.0,2.0,0.0,0.0,0.0,0.0,0.0,0.0,0.0,0.0,0.35,0.0,0.0,0.025,0.0,0.0,0.0,0.0,0.0,0.0,0.3,0.036603084421729395,2.4402056281152933,5.695522227249815,379.70148181665434,0.021197514911360404,1.4131676607573602,0.13524384867537018,9.016256578358012,8.677298875650212,578.4865917100142,1.5,0.0,0.0,0.5565568214371153,42.8120631874704,7.191266711786156,553.174362445089,0.0,0.0,0.0,0.0,1.3,0.0,0.0,0.2,0.0,0.0,264.8087338794438,2206.7394489953654,0.7099198742869821,5.915998952391518,0.0,0.0,0.5187363122061058,4.322802601717549,12.0,0.0,0.0,0.0,0.0,0.4,0.0,0.0,0.0,0.0,0.0,0.0,0.0,0.0,0.075,0.0,0.0,5.486853180555084,156.76723373014525,5.049205714532473,144.2630204152135,7.2140627627974645,206.11607893707043,-1.0429701865060087e-11,-2.979914818588596e-10,0.0,0.0,3.5,48.06551101563699,0.48158007174817236,0.06567000978384169,11939.837005017042,0.0284682900720694,0.547250081532014,0.00940148251263567,0.013028490435408786,0.03773234515878443,11.153337020579002,0.0,0.8466629794209981,0.00359606633878534,0.03610458417118067,276.06887577185,0.001132760896717382,0.13524384867537018,0.00702310288188691,11.153337020579002,0.0,23.66157651530906,0.0,0.33842348469093914,0.0,0.014054131424042323,0.6347914152776623,363.9185637895707,0.0,0.7099198742869821,0.3238731710600318,23.66157651530906,0.0,0.7941608306688919,116.0
48.9265792588021,271.8143292155672,18.67292411528901,103.73846730716117,7.683486372206022,42.686035401144565,11939.318325040236,66329.54625022353,18.0,0.0,0.0,0.5182001315438711,25.910006577193553,7.191266711786156,359.56333558930777,0.0,0.0,0.0,0.0,2.0,0.0,0.0,0.0,0.0,0.0,0.0,0.0,0.0,0.35,0.0,0.0,0.025,0.0,0.0,0.0,0.0,0.0,0.0,0.3,0.03801226981531778,2.5341513210211852,5.707891069497821,380.5260712998548,0.01843911416816399,1.2292742778775994,0.13868157386733676,9.245438257822451,8.73834398777834,582.5562658518894,1.5,5.486853180555084,422.065629273468,5.049205714532473,388.40043957942095,7.2140627627974645,554.9279048305742,0.0,0.0,0.0,0.0,1.3,0.0,0.0,0.2,0.0,0.0,264.347845613113,2202.8987134426084,0.7099047337498015,5.915872781248345,0.0,0.0,0.5187190637636405,4.322658864697004,12.0,0.0,0.0,0.0,0.0,0.4,0.0,0.0,0.0,0.0,0.0,0.0,0.0,0.0,0.075,0.0,0.0,1.932134290153651,55.203836861532885,0.17930938921183603,5.123125406052458,7.328101443517316,209.3743269576376,1.1919659281970677e-11,3.405616937705908e-10,0.0,0.0,3.5,48.9265792588021,0.4815799671288585,0.0656699955175716,11939.318325040236,0.028569985841278817,0.5472499626464301,0.0075211860101085356,0.01642279234832703,0.039184051861284215,11.15064689941649,0.0,0.8493531005835109,0.0036870963422211715,0.036201517395246775,275.8644480578352,0.001161435347799669,0.13868157386733676,0.00712482153418775,11.15064689941649,0.0,23.66158574743553,0.0,0.3384142525644701,0.0,0.01405374803008597,0.634778975204532,364.0346527460326,0.0,0.7099047337498015,0.3238668240839449,23.66158574743553,0.0,0.7941608306688919,117.0
49.41223199336144,274.5123999631191,18.6399175042503,103.55509724583499,7.74915635345889,43.050868630327166,11938.799699052122,66326.664994734,18.0,5.486853180555084,274.34265902775417,4.991022330987246,249.55111654936226,7.2140627627974645,360.7031381398732,0.0,0.0,0.0,0.0,2.0,0.0,0.0,0.0,0.0,0.0,0.0,0.0,0.0,0.35,0.0,0.0,0.025,0.0,0.0,0.0,0.0,0.0,0.0,0.3,0.03944221253810916,2.629480835873944,5.718059819200775,381.2039879467183,0.01667197395892031,1.1114649305946875,0.14212923489670223,9.475282326446814,8.79928749613589,586.6191664090594,1.5,1.932134290153651,148.6257146272039,0.17930938921183603,13.793029939372003,7.328101443517316,563.7001110397936,1.1919659281970677e-11,9.168968678438983e-10,0.0,0.0,1.3,0.0,0.0,0.2,0.0,0.0,263.94007483551053,2199.5006236292543,0.7098891659939006,5.915743049949172,0.0,0.0,0.5187010938835602,4.322509115696335,12.0,0.0,0.0,0.0,0.0,0.4,0.0,0.0,0.0,0.0,0.0,0.0,0.0,0.0,0.075,0.0,0.0,-0.004072872038308972,-0.11636777252311349,0.6997621866741449,19.993205333546996,7.31835905733558,209.09597306673083,-5.562507663043378e-12,-1.5892879037266792e-10,0.0,0.0,3.5,49.41223199336144,0.48157986252103335,0.06566998125286817,11938.799699052122,0.02862385565435485,0.5472498437739015,0.010847605071345703,0.0,0.04065707160756541,11.147953728532018,0.0,0.8520462714679824,0.0037782882746394708,0.03629832870651057,275.66023377180056,0.0011901608065114334,0.14212923489670223,0.007225949304004929,11.147953728532016,0.0,23.661595365823914,0.0,0.3384046341760848,0.0,0.01405334859535236,0.6347660145043131,364.1506569587781,0.0,0.7098891659939006,0.32386021148179245,23.661595365823914,0.0,0.7941608306688919,118.0
49.34894641292593,274.1608134051441,18.644246589492763,103.57914771940423,7.814826320447306,43.41570178026281,11938.281066191466,66323.7837010637,18.0,1.932134290153651,96.60671450768254,-0.3713413484035586,-18.567067420177928,7.328101443517316,366.4050721758658,1.1919659281970677e-11,5.959829640985339e-10,0.0,0.0,2.0,0.0,0.0,0.0,0.0,0.0,0.0,0.0,0.0,0.35,0.0,0.0,0.025,0.0,0.0,0.0,0.0,0.0,0.0,0.3,0.04089247180837007,2.7261647872246715,5.73027069239618,382.0180461597454,0.014045217616237948,0.9363478410825299,0.14558613847752097,9.705742565168064,8.860150006389278,590.6766670926186,1.5,0.0,0.0,0.6997621866741449,53.82786051339576,7.31835905733558,562.9506967181215,0.0,0.0,0.0,0.0,1.3,0.0,0.0,0.2,0.0,0.0,263.79489198259694,2198.290766521641,0.7098744449813706,5.915620374844755,0.0,0.0,0.5186861832975375,4.322384860812813,12.0,0.0,0.0,0.0,0.0,0.4,300.0,80000.0,0.0,0.0,0.0,0.0,0.0,0.0,0.375,0.0,0.0,6.027645646867334,172.21844705335238,5.170528972194616,147.72939920556047,7.3412949742668205,209.75128497905203,-5.562507663043378e-12,-1.5892879037266792e-10,0.0,0.0,3.5,49.34894641292593,0.4815797579150541,0.06566996698841647,11938.281066191466,0.028616864247614757,0.5472497249034706,0.008678084057076563,0.016138915711557955,0.04215094745722441,11.145257352807832,0.0,0.8547426471921689,0.0038696213130217875,0.03639503219464823,275.4562714084877,0.001218930713601863,0.14558613847752097,0.007326524893840523,11.14525735280783,0.0,23.66160334681386,0.0,0.33839665318614154,0.0,0.01405301715889292,0.6347552600703442,364.2666197469245,0.0,0.7098744449813706,0.3238547245256858,23.66160334681386,0.0,0.9867581256503586,119.0
50.24170024908248,279.12055693934707,18.605952490040558,103.36640272244755,7.8804962731698485,43.7805348509436,11937.762537160035,66320.90298422241,18.0,0.0,0.0,0.3284208382705863,16.421041913529315,7.31835905733558,365.917952866779,0.0,0.0,0.0,0.0,2.0,0.0,0.0,0.0,0.0,0.0,0.0,0.0,0.0,0.35,0.0,0.0,0.025,0.0,0.0,0.0,0.0,0.0,0.0,0.3,0.042362609465066,2.8241739643377333,5.742998709313998,382.8665806209332,0.011057925246724304,0.7371950164482869,0.1490516246299291,9.936774975328607,8.92093755461075,594.7291703073835,1.5,6.027645646867334,463.66504975902564,5.170528972194616,397.7329978611243,7.3412949742668205,564.7149980205247,0.0,0.0,0.0,0.0,1.3,0.0,0.0,0.2,0.0,0.0,263.33424328448035,2194.45202737067,0.7098594653919112,5.915495544932594,0.0,0.0,0.5186691467450926,4.322242889542438,12.0,0.0,0.0,0.0,0.0,0.4,600.0,88888.8888888889,0.0,0.0,0.0,0.0,0.0,0.0,0.6749999999999999,0.0,0.0,1.5209601072957524,43.456003065592924,0.17895731296589634,5.113066084739895,7.454984100529016,212.99954572940044,6.3571516189272995e-12,1.8163290339792283e-10,0.0,0.0,3.5,50.24170024908248,0.48157965329864544,0.06566995272254256,11937.762537160035,0.028720574589154765,0.547249606021188,0.006942467245661251,0.018911132569246362,0.043665225229274955,11.14255792609179,0.0,0.8574420739082094,0.003961076315578407,0.03649162852241188,275.25257046996023,0.0012477390394071983,0.1490516246299291,0.007426562467986528,11.14255792609179,0.0,23.66161246584179,0.0,0.3383875341582093,0.0,0.014052638461719655,0.6347429719955445,364.38248879503186,0.0,0.7098594653919112,0.3238484550997676,23.66161246584179,0.0,0.9867581256503586,120.0
50.64858039156061,281.38100217533673,18.571033142739086,103.17240634855047,7.94616621162814,44.145367842378555,11937.244050731455,66318.02250406364,18.0,6.027645646867334,301.3822823433667,5.131575774014206,256.57878870071033,7.3412949742668205,367.06474871334103,0.0,0.0,0.0,0.0,2.0,0.0,0.0,0.0,0.0,0.0,0.0,0.0,0.0,0.35,0.0,0.0,0.025,0.0,0.0,0.0,0.0,0.0,0.0,0.3,0.0438521904960665,2.9234793664044334,5.752448205455096,383.4965470303397,0.009050208339960869,0.6033472226640579,0.15252500702579083,10.16833380171939,8.981620428406421,598.7746952270948,1.5,1.5209601072957524,116.9969313304425,0.17895731296589634,13.765947151222795,7.454984100529016,573.4603154253089,6.3571516189272995e-12,4.890116629944077e-10,0.0,0.0,1.3,0.0,0.0,0.2,0.0,0.0,262.90921270609437,2190.9101058841197,0.7098439480644216,5.91536623387018,0.0,0.0,0.5186510498146509,4.322092081788758,12.0,0.0,0.0,0.0,0.0,0.4,600.0,88888.8888888889,0.0,0.0,0.0,0.0,0.0,0.0,0.6749999999999999,0.0,0.0,0.07469940621600646,2.134268749028756,0.5107217690085373,14.592050543101065,7.4435455552066845,212.6727301487624,-2.966670754504229e-12,-8.476202155726369e-11,0.0,0.0,3.5,50.64858039156061,0.4815795486941388,0.06566993845829165,11937.244050731455,0.028763058568585336,0.5472494871524305,0.015978685680215148,0.0,0.04519945404845004,11.13985631022189,0.0,0.8601436897781083,0.004052635119120058,0.036588087658518086,275.0490686955569,0.0012765800625228183,0.15252500702579083,0.007526017514981764,11.139856310221893,0.0,23.66162215256758,0.0,0.3383778474324196,0.0,0.014052236189053971,0.6347299187874245,364.4982698123474,0.0,0.7098439480644216,0.32384179529970636,23.66162215256758,0.0,0.9867581256503586,121.0
50.61808237730635,281.21156876281304,18.556472785465917,103.09151547481065,8.01183613582212,44.510200754567336,11936.725556992506,66315.14198329169,18.0,1.5209601072957524,76.04800536478761,-0.28410928572628613,-14.205464286314307,7.454984100529016,372.7492050264508,6.3571516189272995e-12,3.17857580946365e-10,0.0,0.0,2.0,0.0,0.0,0.0,0.0,0.0,0.0,0.0,0.0,0.35,0.0,0.0,0.025,0.0,0.0,0.0,0.0,0.0,0.0,0.3,0.045360782476069186,3.0240521650712795,5.762401285341104,384.1600856894069,0.0061781729040227,0.4118781936015133,0.1560056325669047,10.400375504460312,9.042204661026329,602.8136440684218,1.5,0.07469940621600646,5.746108170462035,0.5107217690085373,39.286289923733634,7.4435455552066845,572.580427323591,0.0,0.0,0.0,0.0,1.3,0.0,0.0,0.2,0.0,0.0,262.6759055276221,2188.9658793968506,0.7098287804578556,5.915239837148797,0.0,0.0,0.5186348178009743,4.32195681500812,12.0,0.0,0.0,0.0,0.0,0.4,600.0,88888.8888888889,0.0,0.0,0.0,0.0,0.0,0.0,0.6749999999999999,0.0,0.0,6.539723105210775,186.8492315774507,5.3134165186045665,151.81190053155905,7.466644323671482,213.33269496204235,-2.966670754504229e-12,-8.476202155726369e-11,0.0,0.0,3.5,50.61808237730635,0.48157944408918557,0.06566992419397985,11936.725556992506,0.028755629334203846,0.5472493682831654,0.012782948544172118,0.0,0.0467531857683349,11.13715264922248,0.0,0.8628473507775194,0.004144278960383424,0.03668441055411737,274.8457754315376,0.0013054478725207784,0.1560056325669047,0.007624904501497281,11.13715264922248,0.0,23.661630841164015,0.0,0.33836915883598284,0.0,0.014051875366942808,0.6347182104636098,364.6139946039406,0.0,0.7098287804578556,0.32383582166510705,23.661630841164015,0.0,1.1988598283433312,122.0
51.513336658115485,286.18520365619713,18.517995788767898,102.87775438204388,8.077506045750354,44.87503358750197,11936.207165490627,66312.26203050348,18.0,0.07469940621600646,3.7349703108003225,0.22661248328225114,11.330624164112557,7.4435455552066845,372.1772777603342,0.0,0.0,0.0,0.0,2.0,0.0,0.0,0.0,0.0,0.0,0.0,0.0,0.0,0.35,0.0,0.0,0.025,0.0,0.0,0.0,0.0,0.0,0.0,0.3,0.04688795608840549,3.125863739227033,5.77275044655363,384.850029770242,0.002961122736981847,0.19740818246545647,0.15949287846828042,10.632858564552029,9.102695217468915,606.8463478312609,1.5,6.539723105210775,503.0556234777519,5.3134165186045665,408.72434758496667,7.466644323671482,574.3572556670371,0.0,0.0,0.0,0.0,1.3,0.0,0.0,0.2,0.0,0.0,262.21551718730353,2185.129309894196,0.7098131719806546,5.915109766505455,0.0,0.0,0.5186167817090398,4.321806514241998,12.0,0.0,0.0,0.0,0.0,0.4,600.0,88888.8888888889,0.0,0.0,0.0,0.0,0.0,0.0,0.6749999999999999,0.0,0.0,1.1072851659603353,31.63671902743815,0.18147259567228868,5.184931304922534,7.579986226633695,216.571035046677,3.3904808644230705e-12,9.687088184065915e-11,0.0,0.0,3.5,51.513336658115485,0.4815793394737154,0.06566990992823392,11936.207165490627,0.028857747523515713,0.5472492494019493,0.010226358835337694,0.0,0.04832597551077503,11.134447113578453,0.0,0.8655528864215463,0.004235990049579773,0.036780596942963845,274.64269796740587,0.0013343368656176283,0.15949287846828042,0.007723235950955511,11.134447113578453,0.0,23.66164049555303,0.0,0.3383595044469717,0.0,0.0140514744371666,0.6347052005405583,364.72962516640763,0.0,0.7098131719806546,0.32382918394926447,23.661640495553026,0.0,1.1988598283433312,123.0
51.82542744311674,287.9190413506485,18.481911478894204,102.6772859938567,8.143175941414423,45.239866341191245,11935.688803869783,66309.38224372102,18.0,6.539723105210775,326.98615526053874,5.285700513384525,264.28502566922623,7.466644323671482,373.33221618357413,0.0,0.0,0.0,0.0,2.0,0.0,0.0,0.0,0.0,0.0,0.0,0.0,0.0,0.35,0.0,0.0,0.025,0.0,0.0,0.0,0.0,0.0,0.0,0.3,0.048433285573909156,3.228885704927277,5.7816309325614625,385.4420621707642,0.0007128786940710785,0.04752524627140523,0.16298612292187267,10.865741528124845,9.163079567293936,610.8719711529291,1.5,1.1072851659603353,85.17578199694887,0.18147259567228868,13.9594304363299,7.579986226633695,583.0758635872073,3.3904808644230705e-12,2.608062203402362e-10,0.0,0.0,1.3,0.0,0.0,0.2,0.0,0.0,261.7805112303665,2181.5042602530543,0.7097969499737637,5.914974583114698,0.0,0.0,0.5185977785657767,4.321648154714806,12.0,0.0,0.0,0.0,0.0,0.4,600.0,88888.8888888889,0.0,0.0,0.0,0.0,0.0,0.0,0.6749999999999999,0.0,0.0,0.24418785608458715,6.976795888131061,0.40962682332258116,11.70362352350232,7.566880420375521,216.1965834393006,-1.5822244028682365e-12,-4.5206411510521044e-11,0.0,0.0,3.5,51.82542744311674,0.4815792348698328,0.06566989566406811,11935.688803869783,0.028887509688497976,0.5472491305339009,0.020932916946736324,0.0,0.049917382129885425,11.13174021085269,0.0,0.8682597891473094,0.004327751487828472,0.03687663189948962,274.4398084307801,0.0013632417186659688,0.16298612292187267,0.00782099594142072,11.13174021085269,0.0,23.66165066771669,0.0,0.3383493322833112,0.0,0.014051052005120898,0.6346914927172367,364.84516553536014,0.0,0.7097969499737637,0.3238221901618555,23.66165066771669,0.0,1.1988598283433312,124.0
51.86517690721413,288.1398717067451,18.467457969859755,102.59698872144308,8.208845822813915,45.60469901563286,11935.170443751647,66306.50246528693,18.0,1.1072851659603353,55.364258298016765,-0.3057367562323936,-15.28683781161968,7.579986226633695,378.99931133168474,3.3904808644230705e-12,1.6952404322115352e-10,0.0,0.0,2.0,0.0,0.0,0.0,0.0,0.0,0.0,0.0,0.0,0.35,0.0,0.0,0.025,0.0,0.0,0.0,0.0,0.0,0.0,0.3,0.04999634863798518,3.333089909199012,5.791161657247544,386.0774438165029,0.0,0.0,0.1664810696414129,11.098737976094194,9.221061155282303,614.7374103521536,1.5,0.24418785608458715,18.783681237275935,0.40962682332258116,31.509755640198552,7.566880420375521,582.0677246442709,0.0,0.0,0.0,0.0,1.3,0.0,0.0,0.2,0.0,0.0,261.54993714858153,2179.582809571513,0.7097811279699976,5.914842733083313,0.0,0.0,0.518580905761108,4.321507548009234,12.0,0.0,0.0,0.0,0.0,0.4,600.0,88888.8888888889,0.0,0.0,0.0,0.0,0.0,0.0,0.6749999999999999,0.0,0.0,6.981552771376317,199.47293632503764,5.4681119854167894,156.23177101190825,7.59016367222538,216.86181920643943,-1.5822244028682365e-12,-4.5206411510521044e-11,0.0,0.0,3.5,51.86517690721413,0.4815791302629397,0.06566988139949177,11935.170443751647,0.0288888935270403,0.5472490116624315,0.01674633355738906,0.0,0.05152696811788053,11.129075463275699,0.0,0.8709245367243015,0.004419546491387677,0.036970639922863605,274.23711892333216,0.001392157144787118,0.1664810696414129,0.007914493210927923,11.129075463275699,0.0,23.661659699646293,0.0,0.33834030035370805,0.0,0.014050676924987876,0.6346793213108034,364.9606498949349,0.0,0.7097811279699976,0.323815980260614,23.66165969964629,0.0,1.432349208850298,125.0
52.778736081763455,293.2152004542414,18.4288027387678,102.38223743759889,8.27451568994764,45.96953161082021,11934.652186282185,66303.62325712324,18.0,0.24418785608458715,12.209392804229356,0.10389006709018755,5.1945033545093775,7.566880420375521,378.34402101877606,0.0,0.0,0.0,0.0,2.0,0.0,0.0,0.0,0.0,0.0,0.0,0.0,0.0,0.35,0.0,0.0,0.025,0.0,0.0,0.0,0.0,0.0,0.0,0.3,0.05157666083285721,3.438444055523814,5.801203582587886,386.74690550585905,0.0,0.0,0.16997569557040404,11.331713038026937,9.277957712941458,618.5305141960972,1.5,6.981552771376317,537.0425208751013,5.4681119854167894,420.62399887821454,7.59016367222538,583.8587440173369,0.0,0.0,0.0,0.0,1.3,0.0,0.0,0.2,0.0,0.0,261.0898119333309,2175.7484327777574,0.7097649420953724,5.914707850794771,0.0,0.0,0.5185623588445201,4.321352990371,12.0,0.0,0.0,0.0,0.0,0.4,600.0,88888.8888888889,0.0,0.0,0.0,0.0,0.0,0.0,0.6749999999999999,0.0,0.0,0.6753050170583155,19.294429058809012,0.18192917762581118,5.197976503594605,7.703160177613149,220.0902907889471,1.808256461554834e-12,5.166447033013812e-11,0.0,0.0,3.5,52.778736081763455,0.4815790256473088,0.06566986713372393,11934.652186282185,0.028991423318966373,0.5472488927810327,0.013397066845911248,0.0,0.053154232040978654,11.126427334677649,0.0,0.8735726653223513,0.00451126200427639,0.03706373327701509,274.03463889573004,0.0014210475313470629,0.16997569557040404,0.008005887933267527,11.126427334677649,0.0,23.661669627840965,0.0,0.3383303721590349,0.0,0.014050264624544638,0.6346659419457785,365.076039526755,0.0,0.7097649420953724,0.32380915405396865,23.661669627840965,0.0,1.432349208850298,126.0
52.969474922429846,294.2748606801658,18.39128169109548,102.17378717275265,8.340185542817188,46.33436412676216,11934.133943110086,66300.74412838937,18.0,6.981552771376317,349.07763856881587,5.45490936486758,272.74546824337904,7.59016367222538,379.508183611269,0.0,0.0,0.0,0.0,2.0,0.0,0.0,0.0,0.0,0.0,0.0,0.0,0.0,0.35,0.0,0.0,0.025,0.0,0.0,0.0,0.0,0.0,0.0,0.3,0.05317371815047516,3.5449145433650107,5.809603798191167,387.3069198794111,0.0,0.0,0.1734710977359596,11.564739849063974,9.335675853384195,622.378390225613,1.5,0.6753050170583155,51.94653977371657,0.18192917762581118,13.994552125062398,7.703160177613149,592.5507828933191,1.808256461554834e-12,1.390966508888334e-10,0.0,0.0,1.3,0.0,0.0,0.2,0.0,0.0,260.641838034097,2172.0153169508085,0.7097481567639612,5.9145679730330105,0.0,0.0,0.51854275585188,4.321189632099001,12.0,0.0,0.0,0.0,0.0,0.4,600.0,88888.8888888889,0.0,0.0,0.0,0.0,0.0,0.0,0.6749999999999999,0.0,0.0,0.5350279364615528,15.28651247033008,0.2875397304326488,8.215420869504252,7.688415010343299,219.6690002955228,-8.438530151104629e-13,-2.4110086146013226e-11,0.0,0.0,3.5,52.969474922429846,0.4815789210433552,0.06566985286954843,11934.133943110086,0.029005601815169632,0.5472487739129036,0.025344884322647462,0.0,0.05479865241338818,11.123760436566126,0.0,0.8762395634338742,0.004602845115044248,0.03715745058899276,273.83233731462,0.0014498962112389382,0.1734710977359596,0.008098247280599808,11.123760436566126,0.0,23.66168012149281,0.0,0.33831987850718764,0.0,0.014049828841660617,0.6346518003879921,365.1913362596584,0.0,0.7097481567639612,0.3238019389734654,23.66168012149281,0.0,1.432349208850298,127.0
53.11469569073561,295.0816427263089,18.376954761992394,102.09419312217997,8.405855381421722,46.69919656345401,11933.615714240066,66297.86507911148,18.0,0.6753050170583155,33.76525085291577,-0.3316707624140971,-16.583538120704855,7.703160177613149,385.1580088806574,1.808256461554834e-12,9.04128230777417e-11,0.0,0.0,2.0,0.0,0.0,0.0,0.0,0.0,0.0,0.0,0.0,0.35,0.0,0.0,0.025,0.0,0.0,0.0,0.0,0.0,0.0,0.3,0.05478705316775817,3.652470211183878,5.818783588182593,387.91890587883955,0.0,0.0,0.17696554876833012,11.797703251222007,9.392466776875457,626.1644517916972,1.5,0.5350279364615528,41.15599511242714,0.2875397304326488,22.118440802511447,7.688415010343299,591.4165392571769,0.0,0.0,0.0,0.0,1.3,0.0,0.0,0.2,0.0,0.0,260.4141384604673,2170.117820503894,0.709731845400863,5.914432045007191,0.0,0.0,0.5185254646918371,4.321045539098643,12.0,0.0,0.0,0.0,0.0,0.4,600.0,88888.8888888889,0.0,0.0,0.0,0.0,0.0,0.0,0.6749999999999999,0.0,0.0,7.317910819503801,209.08316627153718,5.63782909554155,161.08083130118712,7.711903447040992,220.3400984868855,-8.438530151104629e-13,-2.4110086146013226e-11,0.0,0.0,3.5,53.11469569073561,0.48157881643324796,0.0656698386045338,11933.615714240066,0.029019785017987427,0.5472486550377818,0.02027590745811797,0.0,0.056459745510766726,11.121107612080278,0.0,0.8788923879197221,0.0046943248004165244,0.03725037875335431,273.6302286935713,0.001478712312131205,0.17696554876833012,0.008188775832787062,11.121107612080277,0.0,23.661689377718307,0.0,0.33831062228169306,0.0,0.014049444446914163,0.63463932627329,365.30657722461325,0.0,0.709731845400863,0.3237955746292296,23.661689377718307,0.0,1.6893194686345379,128.0
54.04083730794064,300.22687393300356,18.33812540924103,101.87847449578351,8.471525205760402,47.064028920891126,11933.097587718474,66294.98659843596,18.0,0.5350279364615528,26.75139682307764,-0.0441310319814483,-2.206551599072415,7.688415010343299,384.42075051716495,0.0,0.0,0.0,0.0,2.0,0.0,0.0,0.0,0.0,0.0,0.0,0.0,0.0,0.35,0.0,0.0,0.025,0.0,0.0,0.0,0.0,0.0,0.0,0.3,0.056416183647883186,3.7610789098588793,5.82857588213019,388.571725475346,0.0,0.0,0.18045824671409644,12.030549780939763,9.448874103846963,629.9249402564642,1.5,7.317910819503801,562.9162168849078,5.63782909554155,433.6791611955038,7.711903447040992,593.2233420800763,0.0,0.0,0.0,0.0,1.3,0.0,0.0,0.2,0.0,0.0,259.95427972902695,2166.2856644085577,0.7097152384923953,5.914293654103294,0.0,0.0,0.5185065659120288,4.320888049266907,12.0,0.0,0.0,0.0,0.0,0.4,600.0,88888.8888888889,0.0,0.0,0.0,0.0,0.0,0.0,0.6749999999999999,0.0,0.0,0.23074211167026792,6.592631762007655,0.1823357845391751,5.209593843976432,7.824556056201737,223.5587444629068,9.644034464443712e-13,2.755438418412489e-11,0.0,0.0,3.5,54.04083730794064,0.4815787118169876,0.06566982433868013,11933.097587718474,0.029122014563523906,0.5472485361556677,0.016220725966494376,0.0,0.058137012446523785,11.118458932241268,0.0,0.881541067758733,0.0047856561125223076,0.0373429548289398,273.4283243709621,0.0015074816754445269,0.18045824671409644,0.008278354058288601,11.118458932241268,0.0,23.661699494653693,0.0,0.3383005053463058,0.0,0.014049024308401404,0.6346256920660772,365.42172295204375,0.0,0.7097152384923953,0.3237886184010598,23.661699494653696,0.0,1.6893194686345379,129.0
54.0732172903388,300.40676272410445,18.299303109479954,101.66279505266643,8.537195015834813,47.4288611990823,11932.57945602601,66292.10808903338,18.0,7.317910819503801,365.8955409751901,5.593698063560101,279.6849031780051,7.711903447040992,385.59517235204964,0.0,0.0,0.0,0.0,2.0,0.0,0.0,0.0,0.0,0.0,0.0,0.0,0.0,0.35,0.0,0.0,0.025,0.0,0.0,0.0,0.0,0.0,0.0,0.3,0.058060629450956164,3.8707086300637443,5.836543259758067,389.10288398387115,0.0,0.0,0.18395030626752917,12.263353751168612,9.506092998775385,633.7395332516923,1.5,0.23074211167026792,17.749393205405223,0.1823357845391751,14.025829579936547,7.824556056201737,601.8889274001336,9.644034464443712e-13,7.418488049572086e-11,0.0,0.0,1.3,0.0,0.0,0.2,0.0,0.0,259.494525643671,2162.4543803639253,0.7096980294201276,5.91415024516773,0.0,0.0,0.5184864899586055,4.320720749655046,12.0,0.0,0.0,0.0,0.0,0.4,600.0,88888.8888888889,0.0,0.0,0.0,0.0,0.0,0.0,0.6749999999999999,0.0,0.0,0.9842265612757364,28.120758893592466,0.18424407115802796,5.264116318800799,7.808198529199651,223.09138654856147,-4.5005494152387674e-13,-1.2858712614967907e-11,0.0,0.0,3.5,54.0732172903388,0.4815786072123502,0.06566981007441139,11932.57945602601,0.02911672482080789,0.5472484172867615,0.029472716375194233,0.0,0.05982995658694413,11.115793152893417,0.0,0.8842068471065837,0.004876818484372776,0.03743610521412417,273.2265899734804,0.0015361978225774244,0.18395030626752917,0.008368878037805515,11.115793152893417,0.0,23.661710241900522,0.0,0.3382897580994778,0.0,0.014048577994164362,0.634611208228801,365.53677323053347,0.0,0.7096980294201276,0.3237812286881638,23.661710241900522,0.0,1.6893194686345379,130.0
54.35142330857761,301.95235171432006,18.28504573428923,101.58358741271795,8.602864811643581,47.7936933980199,11932.061354301297,66289.22974611832,18.0,0.23074211167026792,11.537105583513396,-0.3528252280744182,-17.64126140372091,7.824556056201737,391.22780281008687,9.644034464443712e-13,4.822017232221856e-11,0.0,0.0,2.0,0.575,164.01625900306638,0.0,0.0,0.0,0.0,0.0,0.0,0.35057499999999997,0.0,0.0,0.025,0.0,0.0,0.0,0.0,0.0,0.0,0.3,0.05971994640612706,3.9813297604084705,5.845410489992916,389.6940326661944,0.0,0.0,0.18744006096459237,12.496004064306158,9.562382286640611,637.4921524427075,1.5,0.9842265612757364,75.70973548274895,0.18424407115802796,14.172620858309843,7.808198529199651,600.6306560922809,0.0,0.0,0.0,0.0,1.3,0.0,0.0,0.2,0.0,0.0,259.26915820878816,2160.576318406568,0.7096813426600719,5.914011188833933,0.0,0.0,0.5184688641899918,4.320573868249932,12.0,0.0,0.0,0.0,0.0,0.4,599.425,88879.4157986433,0.0,0.0,0.0,0.0,0.0,0.0,0.6744249999999999,0.0,0.0,7.521283303862622,214.89380868178918,5.777093320486523,165.0598091567578,7.831911980385754,223.76891372530724,-4.5005494152387674e-13,-1.2858712614967907e-11,0.0,0.0,3.5,54.35142330857761,0.48157850259763013,0.06566979580876775,11932.061354301297,0.029146573694034453,0.5472482984063979,0.023578173100155385,0.0,0.06153811842089191,11.113142037988428,0.0,0.8868579620115714,0.004967841385622496,0.037528463042199596,273.025042242982,0.0015648700364710862,0.18744006096459237,0.008457596082685695,11.11314203798843,0.0,23.661719677614123,0.0,0.33828032238587685,0.0,0.014048186145592893,0.634598491761334,365.6517678917993,0.0,0.7096813426600719,0.32377474069455814,23.661719677614123,0.0,1.9655492449894887,131.0
55.284357245668275,307.1353180314904,18.246048608144097,101.36693671191165,8.668534593186298,48.158525517701655,11931.543353966383,66286.35196647991,18.0,0.9842265612757364,49.211328063786816,-0.16858115691639022,-8.42905784581951,7.808198529199651,390.40992645998256,0.0,0.0,0.0,0.0,2.0,0.575,164.01625900306638,0.0,0.0,0.0,0.0,0.0,0.0,0.35057499999999997,0.575,2300.0,0.025,0.0,0.0,0.0,0.0,0.0,0.0,0.3,0.06139367589317224,4.092911726211482,5.8549843095862215,390.3322873057481,0.0,0.0,0.19092678642540553,12.728452428360368,9.618303899682509,641.220259978834,1.5,7.521283303862622,578.5602541432786,5.777093320486523,444.3917938835787,7.831911980385754,602.454767721981,0.0,0.0,0.0,0.0,1.3,0.0,0.0,0.2,0.0,0.0,258.8095692607376,2156.7464105061467,0.7096644044510158,5.913870037091798,0.0,0.0,0.5184496727491847,4.3204139395765395,12.0,0.0,0.0,0.0,0.0,0.4,598.8499999999999,88869.92654151517,0.0,0.0,0.0,0.0,0.0,0.0,0.6738499999999998,0.0,0.0,-0.22061342744047696,-6.303240784013627,0.182716205541138,5.220463015461085,7.944221879034729,226.97776797242082,5.143485049204944e-13,1.4695671569156985e-11,0.0,0.0,3.5,55.284357245668275,0.48157839797992147,0.06566978154271656,11931.543353966383,0.02924784460885025,0.547248179522638,0.018862538480124307,0.0,0.06326102365330652,11.11049561186032,0.0,0.8895043881396792,0.005058681781684951,0.03762046694604936,272.82369425966215,0.0015934847612307595,0.19092678642540553,0.0085454072424981,11.11049561186032,0.0,23.66172995161921,0.0,0.33827004838078883,0.0,0.014047759484252027,0.6345846453666618,365.7666667946959,0.0,0.7096644044510158,0.32376767620748054,23.66172995161921,0.0,1.9655492449894887,132.0
55.215699692424614,306.75388718013676,18.207074317058616,101.15041287254788,8.734204360464522,48.52335755813623,11931.025336624045,66283.4740923558,18.0,7.521283303862622,376.0641651931311,5.608512163570133,280.42560817850665,7.831911980385754,391.5955990192877,0.0,0.0,0.0,0.0,2.0,0.575,164.01625900306638,0.0,0.0,0.0,0.0,0.0,0.0,0.35057499999999997,0.575,2300.0,0.025,0.0,0.0,0.0,0.0,0.0,0.0,0.3,0.06308136196363989,4.205424130909326,5.862556677700105,390.8371118466737,0.0,0.0,0.19441161146724711,12.960774097816476,9.67502760515374,645.0018403435827,1.5,0.0,0.0,0.182716205541138,14.05509273393369,7.944221879034729,611.0939906949791,5.143485049204944e-13,3.9565269609268806e-11,0.0,0.0,1.3,0.0,0.0,0.2,0.0,0.0,258.35008555682447,2152.9173796402038,0.7096469013147646,5.913724177623038,0.0,0.0,0.5184293340876717,4.3202444507305975,12.0,0.575,143.75,0.0,0.0,0.4,598.2749999999999,88860.42107608332,0.0,0.0,0.0,0.0,0.0,0.0,0.6732749999999998,0.0,0.0,1.3138489804525708,37.538542298644884,0.18480474090842963,5.280135454526561,7.92627812198878,226.46508919967943,-2.4002930221617977e-13,-6.857980063319421e-12,0.0,0.0,3.5,55.215699692424614,0.48157829337364855,0.06566976727822481,11931.025336624045,0.029230718314109658,0.5472480606518734,0.033366256308539,0.0,0.06499820083369252,11.107833661126943,0.0,0.8921663388730565,0.005149321343600415,0.0377129982874265,272.62250844808005,0.0016220362232341305,0.19441161146724711,0.008634146385442007,11.107833661126945,0.0,23.661740839929283,0.0,0.33825916007071655,0.0,0.014047307311906832,0.6345699708775997,365.8814697252685,0.0,0.7096469013147646,0.32376018922326516,23.661740839929283,0.0,1.9655492449894887,133.0
55.57349028336387,308.7416126853548,18.192678198964753,101.07043443869307,8.799874113476555,48.888189519314196,11930.507358092327,66280.59643384627,18.0,0.0,0.0,-0.35474184552389776,-17.73709227619489,7.944221879034729,397.2110939517364,5.143485049204944e-13,2.5717425246024723e-11,0.0,0.0,2.0,0.575,164.01625900306638,0.0,0.0,0.0,0.0,0.0,0.0,0.35057499999999997,0.575,2300.0,0.025,0.0,0.0,0.0,0.0,0.0,0.0,0.3,0.06478258393808835,4.31883892920589,5.934613160592256,395.64087737281704,0.0,0.0,0.19789383039457797,13.1929220263052,9.731401180188842,648.760078679256,1.5,1.3138489804525708,101.0653061886593,0.18480474090842963,14.215749300648433,7.92627812198878,609.7137016914446,0.0,0.0,0.0,0.0,1.3,0.0,0.0,0.2,0.0,0.0,258.12520496388555,2151.043374699046,0.7096299621307574,5.913583017756311,0.0,0.0,0.5184114988970333,4.320095824141944,12.0,0.5097517730558154,127.43794326395385,0.0,0.0,0.4,597.6999999999998,88850.8993607849,0.0,0.0,0.0,0.0,0.0,0.0,0.6726999999999997,0.0,0.0,7.645070901678272,218.4305971908078,6.367355956296876,181.92445589419648,7.950235596572785,227.14958847350815,-2.4002930221617977e-13,-6.857980063319421e-12,0.0,0.0,3.5,55.57349028336387,0.4815781887549028,0.0656697530120322,11930.507358092327,0.029269410050249547,0.547247941766935,0.026693005046831197,0.0,0.06674921490738085,11.105176865835348,0.0,0.8948231341646516,0.005239789919629942,0.0378051691664759,272.42268541105926,0.0016505338246834318,0.19789383039457797,0.008722008846960802,11.105176865835348,0.0,23.661750388130883,0.0,0.3382496118691173,0.0,0.014046910791906866,0.6345571023316793,365.99621687497455,0.0,0.7096299621307574,0.3237536236386119,23.661750388130883,0.0,2.2438347536001,134.0
56.51004617884745,313.944700993597,18.15351899942941,100.85288333016338,8.865543852222231,49.25302140123462,11929.989479669099,66277.71933149498,18.0,1.3138489804525708,65.69244902262855,-0.16993710461546813,-8.496855230773406,7.92627812198878,396.313906099439,0.0,0.0,0.0,0.0,2.0,0.575,164.01625900306638,0.0,0.0,0.0,0.0,0.0,0.0,0.35057499999999997,0.575,2300.0,0.025,0.0,0.0,0.0,0.0,0.0,0.0,0.3,0.0664969228839793,4.433128192265287,5.998900806866537,399.92672045776914,0.0,0.0,0.20137351729445457,13.424901152963638,9.787911114052068,652.5274076034713,1.5,7.645070901678272,588.0823770521748,6.367355956296876,489.79661202283665,7.950235596572785,611.5565843517527,0.0,0.0,0.0,0.0,1.3,0.0,0.0,0.2,0.0,0.0,257.66588719270385,2147.2157266058653,0.7096127986830876,5.91343998902573,0.0,0.0,0.5183921042524079,4.319934202103399,12.0,0.5167967102537078,129.19917756342693,0.0,0.0,0.4,597.1249999999998,88841.36135391482,0.0,0.0,0.0,0.0,0.0,0.0,0.6721249999999998,0.0,0.0,-0.4549778113486287,-12.999366038532248,0.6928268072372106,19.795051635348873,8.062203685062876,230.34867671608217,2.7431920270431467e-13,7.837691505837561e-12,0.0,0.0,3.5,56.51004617884745,0.48157808413495684,0.06566973874567593,11929.989479669099,0.029369399651508546,0.5472478228806328,0.02135440403746496,0.0,0.06851363270663648,11.102517071401323,0.0,0.8974829285986777,0.005330069669354467,0.03789733879201635,272.2240722659924,0.0016789719458466569,0.20137351729445457,0.008809756569231053,11.102517071401323,0.0,23.661760771330947,0.0,0.33823922866905287,0.0,0.0140464795958909,0.634543108251,366.11086773926564,0.0,0.7096127986830876,0.32374648380153065,23.661760771330947,0.0,2.2438347536001,135.0
56.440396679074226,313.5577593281902,18.11438246253645,100.6354581252025,8.931213576703076,49.61785320390598,11929.47158436776,66274.84213537644,18.0,7.645070901678272,382.2535450839136,6.197418851681408,309.8709425840704,7.950235596572785,397.51177982863925,0.0,0.0,0.0,0.0,2.0,0.575,164.01625900306638,0.0,0.0,0.0,0.0,0.0,0.0,0.35057499999999997,0.575,2300.0,0.025,0.0,0.0,0.0,0.0,0.0,0.0,0.3,0.06822397526777987,4.548265017851992,6.060399422874917,404.02662819166113,0.0,0.0,0.20485248386715713,13.656832257810475,9.845684671626483,656.3789781084322,1.5,0.0,0.0,0.6928268072372106,53.294369787477734,8.062203685062876,620.1695142356058,2.7431920270431467e-13,2.1101477131101128e-11,0.0,0.0,1.3,0.0,0.0,0.2,0.0,0.0,257.2066752708011,2143.388960590009,0.7095950881238888,5.913292401032407,0.0,0.0,0.5183715666366062,4.319763055305051,12.0,0.5160318493994621,129.00796234986552,0.0,0.0,0.4,596.5499999999997,88831.8070136252,0.0,0.0,0.0,0.0,0.0,0.0,0.6715499999999996,0.0,0.0,1.410098648403366,40.288532811524746,0.7020292634187357,20.05797895482102,8.042699012311983,229.79140035177093,-1.280156278859966e-13,-3.657589368171331e-12,0.0,0.0,3.5,56.440396679074226,0.4815779795261937,0.06566972448084459,11929.47158436776,0.029352402669718412,0.5472477040070383,0.036337174757138824,0.0,0.07029103700123032,11.099835535629865,0.0,0.900164464370135,0.005420163024644302,0.03799032406855096,272.02661027143466,0.0017073513527629549,0.20485248386715713,0.008899129597346844,11.099835535629865,0.0,23.661771766588256,0.0,0.33822823341174285,0.0,0.014046022982215235,0.6345282890706057,366.2254221016157,0.0,0.7095950881238888,0.32373892299520696,23.66177176658826,0.0,2.2438347536001,136.0
56.818442714828976,315.6580150823832,18.100755006159563,100.5597500342198,8.996883286917392,49.98268492731884,11928.953729751447,66271.96516528582,18.0,0.0,0.0,0.06468060876598791,3.2340304382993956,8.062203685062876,403.11018425314376,2.7431920270431467e-13,1.3715960135215733e-11,0.0,0.0,2.0,0.575,164.01625900306638,0.0,0.0,0.0,0.0,0.0,0.0,0.35057499999999997,0.575,2300.0,0.025,0.0,0.0,0.0,0.0,0.0,0.0,0.3,0.06996338296779668,4.664225531186445,6.121484902946583,408.0989935297722,0.0,0.0,0.2083297793802174,13.88865195868116,9.902969877852529,660.1979918568353,1.5,1.410098648403366,108.46912680025892,0.7020292634187357,54.00225103221044,8.042699012311983,618.6691547932295,0.0,0.0,0.0,0.0,1.3,0.0,0.0,0.2,0.0,0.0,256.9900981099286,2141.584150916072,0.7095780055733969,5.913150046444974,0.0,0.0,0.5183536802030868,4.31961400169239,12.0,0.516114839885557,129.02870997138925,0.0,0.0,0.4,595.9749999999997,88822.23629792467,0.0,0.0,0.0,0.0,0.0,0.0,0.6709749999999997,0.0,0.0,7.748602740828505,221.3886497379573,6.8976367436128925,197.07533553179692,8.066918732038339,230.48339234395254,-1.280156278859966e-13,-3.657589368171331e-12,0.0,0.0,3.5,56.818442714828976,0.48157787490498377,0.06566971021431596,11928.953729751447,0.02939296880624257,0.5472475851192997,0.029069739805711058,0.0,0.07208105738054868,11.097162621300336,0.0,0.9028373786996635,0.005510117303955442,0.038082817340008755,271.83028498598253,0.0017356869507459641,0.2083297793802174,0.008987412817015743,11.097162621300336,0.0,23.66178134260452,0.0,0.33821865739547924,0.0,0.01404562530712123,0.6345153825527583,366.3399218739089,0.0,0.7095780055733969,0.3237323380371216,23.66178134260452,0.0,2.60384203224769,137.0
57.75780122901464,320.87667349452573,18.062158483136265,100.3453249063126,9.062552982865068,50.347516571472596,11928.4359740231,66269.08874457277,18.0,1.410098648403366,70.5049324201683,0.6937056076525661,34.68528038262831,8.042699012311983,402.13495061559917,0.0,0.0,0.0,0.0,2.0,0.575,164.01625900306638,0.0,0.0,0.0,0.0,0.0,0.0,0.35057499999999997,0.575,2300.0,0.025,0.0,0.0,0.0,0.0,0.0,0.0,0.3,0.07171478325433273,4.7809855502888485,6.18206495605666,412.13766373711064,0.0,0.0,0.21180536618403564,14.120357745602377,9.960339985183078,664.0226656788719,1.5,7.748602740828505,596.0463646791158,6.8976367436128925,530.5874418163763,8.066918732038339,620.5322101567953,0.0,0.0,0.0,0.0,1.3,0.0,0.0,0.2,0.0,0.0,256.53864778824124,2137.8220649020104,0.7095607628893392,5.91300635741116,0.0,0.0,0.5183343056363928,4.3194525469699405,12.0,0.5161058344993773,129.02645862484434,0.0,0.0,0.4,595.3999999999996,88812.64916467782,0.0,0.0,0.0,0.0,0.0,0.0,0.6703999999999996,0.0,0.0,-0.4577807439027106,-13.079449825791732,0.7641442826771625,21.832693790776073,8.178545644401224,233.67273269717782,1.4630357481831807e-13,4.180102137666231e-12,0.0,0.0,3.5,57.75780122901464,0.481577770282955,0.06566969594767569,11928.4359740231,0.02949173788364548,0.5472474662306307,0.023255791844568847,0.0,0.07388331877066569,11.0944888333499,0.0,0.9055111666501008,0.005599908289812873,0.038175234930693115,271.63508049485563,0.001763971111291055,0.21180536618403564,0.009075495093631116,11.0944888333499,0.0,23.661791715468837,0.0,0.33820828453116186,0.0,0.014045194540330642,0.6345014018768538,366.45432615413324,0.0,0.7095607628893392,0.3237252050392111,23.661791715468837,0.0,2.60384203224769,138.0
57.6871817166752,320.4843428704178,18.029473300615983,100.1637405589777,9.128222664547595,50.712348136375525,11927.918203039779,66266.21223910988,18.0,7.748602740828505,387.43013704142527,6.823409408244559,341.1704704122279,8.066918732038339,403.34593660191695,0.0,0.0,0.0,0.0,2.0,0.575,164.01625900306638,0.0,0.0,0.0,0.0,0.0,0.0,0.35057499999999997,0.575,2300.0,0.025,0.0,0.0,0.0,0.0,0.0,0.0,0.3,0.07347782493748241,4.898521662498827,6.241996722108994,416.1331148072663,0.0,0.0,0.2152809263061973,14.352061753746487,10.01892080612334,667.928053741556,1.5,0.0,0.0,0.7641442826771625,58.78032943670481,8.178545644401224,629.118895723171,1.4630357481831807e-13,1.1254121139870622e-11,0.0,0.0,1.3,0.0,0.0,0.2,0.0,0.0,256.14730356123164,2134.560863010264,0.7095433439948358,5.912861199956964,0.0,0.0,0.5183147094656706,4.319289245547255,12.0,0.5161068116765636,129.0267029191409,0.0,0.0,0.4,594.8249999999996,88803.04557160451,0.0,0.0,0.0,0.0,0.0,0.0,0.6698249999999996,0.0,0.0,1.504515082511965,42.98614521462758,1.3924905093724376,39.785443124926786,8.15750461711402,233.07156048897198,-6.827500155912012e-14,-1.950714330260575e-12,0.0,0.0,3.5,57.6871817166752,0.48157766567186866,0.06566968168252754,11927.918203039779,0.029476364033728535,0.5472473473543962,0.018604633475655077,0.0,0.07569745805196251,11.091795896273707,0.0,0.9082041037262928,0.005689535425185403,0.038268372752481954,271.4409785343947,0.001792203658933402,0.2152809263061973,0.00916509554734707,11.091795896273707,0.0,23.66180220711766,0.0,0.3381977928823403,0.0,0.01404475884062875,0.634487260922588,366.5686452099764,0.0,0.7095433439948358,0.32371799026662657,23.66180220711766,0.0,2.60384203224769,139.0
58.12570332612412,322.9205740340229,18.096232545979166,100.53462525543982,9.188721298090536,51.04845165605854,11927.45289702854,66263.6272057141,18.0,0.0,0.0,-0.4869857405326199,-24.349287026630996,8.178545644401224,408.92728222006116,1.4630357481831807e-13,7.315178740915903e-12,0.0,0.0,2.0,0.575,164.01625900306638,0.0,0.0,0.0,0.0,0.0,0.0,0.35057499999999997,0.575,2300.0,0.025,0.0,0.0,0.0,0.0,0.0,0.0,0.3,0.07508663430176359,5.005775620117572,6.29783013244197,419.85534216279797,0.010772445120530466,0.7181630080353645,0.2216185260818799,14.77456840545866,10.08209883703503,672.1399224690019,1.5,1.504515082511965,115.73192942399731,1.3924905093724376,107.11465456711059,8.15750461711402,627.5003551626169,0.0,0.0,0.0,0.0,1.3,0.0,0.0,0.2,0.0,0.0,256.2791001788588,2135.6591681571567,0.7143287269471035,5.952739391225863,0.0,0.0,0.5320643084594625,4.433869237162187,12.0,0.512823485632242,128.2058714080605,0.0,0.0,0.4,594.2499999999995,88793.4254762794,0.0,0.0,0.0,0.0,0.0,0.0,0.6692499999999996,0.0,0.0,7.753737777361155,221.53536506746158,7.51199015593969,214.62829016970545,8.174044536484795,233.54412961385128,-6.827500155912012e-14,-1.950714330260575e-12,0.0,0.0,3.5,58.12570332612412,0.4436566459815686,0.060498633542941174,11927.45289702854,0.0388492682844562,0.5041552795245098,0.0,0.06968577760585425,0.07731610243006856,10.512945646518165,0.0,0.8964810253062078,0.005483253560837355,0.03775682707055828,271.2565742697305,0.0017272248716637669,0.2216185260818799,0.011820853336519953,10.512945646518165,0.0,22.48166653648673,0.0,0.3371868071620179,0.0,0.01400277438380473,0.6440789350998104,366.7589084085979,0.0,0.7143287269471035,0.3286117015815359,22.48166653648673,0.0,3.0507171582835366,140.0
59.141207298792345,328.56226277106856,18.049274027825405,100.27374459903004,9.251304840867041,51.39613800481689,11926.966586394017,66260.92547996677,18.0,1.504515082511965,75.22575412559826,0.9055047688398177,45.27523844199088,8.15750461711402,407.875230855701,0.0,0.0,0.0,0.0,2.0,0.575,164.01625900306638,0.0,0.0,0.0,0.0,0.0,0.0,0.35057499999999997,0.575,2300.0,0.025,0.0,0.0,0.0,0.0,0.0,0.0,0.3,0.07682497537507658,5.121665025005106,6.3573828755490585,423.8255250366039,0.014874273747087802,0.9916182498058534,0.22675813969413042,15.117209312942029,10.14522307640798,676.3482050938653,1.5,7.753737777361155,596.4413674893196,7.51199015593969,577.8453966107454,8.174044536484795,628.7726566526765,0.0,0.0,0.0,0.0,1.3,0.0,0.0,0.2,0.0,0.0,255.76361294907687,2131.363441242307,0.7187950090250086,5.989958408541738,0.0,0.0,0.5364366294544961,4.470305245454134,12.0,0.5135714331220447,128.39285828051118,0.0,0.0,0.4,593.6749999999995,88783.78883613116,0.0,0.0,0.0,0.0,0.0,0.0,0.6686749999999995,0.0,0.0,-0.5565579923071917,-15.901656923062621,0.6861546344470959,19.604418127059883,8.29056191391284,236.8731975403669,7.802857325919795e-14,2.2293878074056555e-12,0.0,0.0,3.5,59.141207298792345,0.4589459803610388,0.06258354277650528,11926.966586394017,0.035218888615322554,0.5215295231375441,0.0,0.061748622084683395,0.0791189452701461,10.742591690279099,0.0,0.9049496471803986,0.005760444240546438,0.03809365592943186,271.06981087238944,0.0018145399357721278,0.22675813969413042,0.010900057852796958,10.742591690279099,0.0,22.95225278867564,0.0,0.3428298862433533,0.0,0.014237121521733941,0.6472647840012706,366.91842974326624,0.0,0.7187950090250086,0.3302371346945258,22.95225278867564,0.0,3.0507171582835366,141.0
59.07085125913013,328.1713958840563,18.03734270027667,100.2074594459815,9.315556307367773,51.75309059648763,11926.463352167471,66258.12973426374,18.0,7.753737777361155,387.68688886805774,7.281928193851016,364.09640969255076,8.174044536484795,408.70222682423974,0.0,0.0,0.0,0.0,2.0,0.575,164.01625900306638,0.0,0.0,0.0,0.0,0.0,0.0,0.35057499999999997,0.575,2300.0,0.025,0.0,0.0,0.0,0.0,0.0,0.0,0.3,0.0786582718657352,5.2438847910490125,6.420020086315661,428.0013390877108,0.014933744927526638,0.9955829951684425,0.23093832588142021,15.395888392094681,10.208401512158598,680.5601008105732,1.5,0.0,0.0,0.6861546344470959,52.781125726699685,8.29056191391284,637.7355318394493,7.802857325919795e-14,6.002197943015226e-12,0.0,0.0,1.3,0.0,0.0,0.2,0.0,0.0,255.47789265331707,2128.982438777642,0.7210610244921087,6.008841870767572,0.0,0.0,0.5351404621573271,4.459503851311059,12.0,0.5137839837873265,128.44599594683163,0.0,0.0,0.4,593.0999999999995,88774.13560844184,0.0,0.0,0.0,0.0,0.0,0.0,0.6680999999999995,0.0,0.0,1.4894905508723513,42.55687288206718,1.5930931210137458,45.51694631467845,8.272278881117407,236.35082517478304,-3.883404446396209e-14,-1.109544127541774e-12,0.0,0.0,3.5,59.07085125913013,0.4711774210053655,0.06425146650073166,11926.463352167471,0.03219466096052274,0.5354288875060972,0.0,0.055398897667746715,0.08101693523455294,10.925663243309149,0.0,0.9123698266584482,0.0059885140849662314,0.03838504937213377,270.8813773927622,0.0018863819367643628,0.23093832588142021,0.010168700272256035,10.925663243309149,0.0,23.331210031587784,0.0,0.34485610834741104,0.0,0.014321266957948964,0.6464283899859403,367.053384968422,0.0,0.7210610244921087,0.3298104030540512,23.331210031587784,0.0,3.0507171582835366,142.0
59.44093567334925,330.22742040749586,18.16174522840952,100.89858460227511,9.355769170003613,51.976495388908965,11926.204037558951,66256.68909754972,18.0,0.0,0.0,-1.2411927218197878,-62.059636090989386,8.29056191391284,414.52809569564204,7.802857325919795e-14,3.901428662959897e-12,0.0,0.0,2.0,0.575,164.01625900306638,0.0,0.0,0.0,0.0,0.0,0.0,0.35057499999999997,0.575,2300.0,0.025,0.0,0.0,0.0,0.0,0.0,0.0,0.3,0.07968677958952519,5.312451972635013,6.419603092668798,427.9735395112532,0.0854564845424437,5.697098969496247,0.24889533218239332,16.59302214549289,10.275289950082819,685.0193300055213,1.5,1.4894905508723513,114.57619622095011,1.5930931210137458,122.54562469336506,8.272278881117407,636.329144701339,0.0,0.0,0.0,0.0,1.3,0.0,0.0,0.2,0.0,0.0,255.7431394887822,2131.192829073185,0.7435675205296515,6.196396004413762,0.0,0.0,0.5992216168908021,4.993513474090018,12.0,0.5094667253101077,127.36668132752693,0.0,0.0,0.4,592.5249999999994,88764.46575034643,0.0,0.0,0.0,0.0,0.0,0.0,0.6675249999999994,0.0,0.0,7.678547689138193,219.3870768325198,7.959845654916165,227.42416156903332,8.252683708882344,235.79096311092414,-3.883404446396209e-14,-1.109544127541774e-12,0.0,0.0,3.5,59.44093567334925,0.2948943259961638,0.040212862635840514,11926.204037558951,0.07579258011227508,0.3351071886320043,0.0,0.1469122474275686,0.08189465876678932,8.245383864804868,0.0,0.8472487123680752,0.004623409858648757,0.035637262467827245,270.73425775844987,0.0014563741054743585,0.24889533218239332,0.022580416159621867,8.245383864804868,0.0,17.84997710100066,0.0,0.3352880533452231,0.0,0.013923922481113916,0.688715843536084,367.54136925376866,0.0,0.7435675205296515,0.3513856344571857,17.84997710100066,0.0,3.5612203047026147,143.0
60.51432956449869,336.1907198027705,18.069397388711806,100.38554104839892,9.3997134091331,52.22063005073944,11925.907096445979,66255.03942469989,18.0,1.4894905508723513,74.47452754361757,0.351900399193958,17.5950199596979,8.272278881117407,413.6139440558703,0.0,0.0,0.0,0.0,2.0,0.575,164.01625900306638,0.0,0.0,0.0,0.0,0.0,0.0,0.35057499999999997,0.575,2300.0,0.025,0.0,0.0,0.0,0.0,0.0,0.0,0.3,0.08106187805132188,5.404125203421459,6.428797396951678,428.5864931301119,0.14339060615666596,9.559373743777732,0.26456421299438837,17.63761419962589,10.341313255364723,689.4208836909816,1.5,7.678547689138193,590.6575145490917,7.959845654916165,612.2958196089359,8.252683708882344,634.8218237601803,0.0,0.0,0.0,0.0,1.3,0.0,0.0,0.2,0.0,0.0,254.88581412965328,2124.048451080444,0.7691246275394936,6.409371896162447,0.0,0.0,0.6366394621892841,5.305328851577368,12.0,0.510651774143824,127.662943535956,0.0,0.0,0.4,591.9499999999994,88754.77921883199,0.0,0.0,0.0,0.0,0.0,0.0,0.6669499999999994,0.0,0.0,-0.7511361375332095,-21.461032500948843,0.6751343561772565,19.289553033635897,8.384235352286584,239.54958149390242,3.919452879523586e-14,1.1198436798638817e-12,0.0,0.0,3.5,60.51432956449869,0.32225775361622977,0.043944239129485876,11925.907096445979,0.06926087977328531,0.36620199274571563,0.0,0.1327071216004752,0.08333451443907762,8.658896511388253,0.0,0.8598898405974902,0.005211049785074891,0.03615444638160855,270.58095389878383,0.0016414806822985905,0.26456421299438837,0.020879930597069923,8.658896511388253,0.0,18.678842402936187,0.0,0.3587303010353009,0.0,0.01489743775063542,0.7126935796795277,367.97427169824965,0.0,0.7691246275394936,0.3636191733058815,18.678842402936187,0.0,3.5612203047026147,144.0
60.432314799858844,335.73508222143806,18.01432473585223,100.07958186584573,9.449053432244735,52.49474129024853,11925.555345588913,66253.08525327174,18.0,7.678547689138193,383.92738445690964,7.791920465945596,389.5960232972798,8.252683708882344,412.63418544411724,0.0,0.0,0.0,0.0,2.0,0.575,164.01625900306638,0.0,0.0,0.0,0.0,0.0,0.0,0.35057499999999997,0.575,2300.0,0.025,0.0,0.0,0.0,0.0,0.0,0.0,0.3,0.08282892348022315,5.521928232014877,6.452228254187819,430.148550279188,0.1861061314622722,12.407075430818146,0.2769338457347317,18.462256382315445,10.406413143373761,693.7608762249175,1.5,0.0,0.0,0.6751343561772565,51.93341201363511,8.384235352286584,644.9411809451219,3.919452879523586e-14,3.0149637534796815e-12,0.0,0.0,1.3,0.0,0.0,0.2,0.0,0.0,254.27153051765237,2118.9294209804366,0.7887649290316027,6.573041075263356,0.0,0.0,0.649707880601422,5.414232338345184,12.0,0.5114674378830151,127.86685947075377,0.0,0.0,0.4,591.3749999999993,88745.07597073719,0.0,0.0,0.0,0.0,0.0,0.0,0.6663749999999993,0.0,0.0,1.1821960141309829,33.777028975170936,1.030438278031501,29.44109365804288,8.38240529238083,239.49729406802368,-2.075269782258596e-14,-5.929342235024559e-13,0.0,0.0,3.5,60.432314799858844,0.36182683615199535,0.049340023111635725,11925.555345588913,0.05941600219717637,0.41116685926363106,0.0,0.11216569728038017,0.0851907370728313,9.25743498541775,0.0,0.877594096170845,0.005898370030727737,0.03687946992356847,270.4189019313884,0.0018579865596792373,0.2769338457347317,0.018268002771071074,9.257434985417751,0.0,19.89537642154983,0.0,0.37468174162735934,0.0,0.015559872991169408,0.7210153941831562,368.32774682761834,0.0,0.7887649290316027,0.36786499703222253,19.89537642154983,0.0,3.5612203047026147,145.0
60.75215421375172,337.51196785417625,18.183393076990555,101.01885042772531,9.475016177499603,52.63897876388668,11925.441104806747,66252.45058225971,18.0,0.0,0.0,-1.7784602064945858,-88.92301032472929,8.384235352286584,419.21176761432923,3.919452879523586e-14,1.959726439761793e-12,0.0,0.0,2.0,0.575,164.01625900306638,0.0,0.0,0.0,0.0,0.0,0.0,0.35057499999999997,0.575,2300.0,0.025,0.0,0.0,0.0,0.0,0.0,0.0,0.3,0.08374718957133401,5.583145971422267,6.415293476229161,427.6862317486108,0.29818471829523363,19.87898121968224,0.3033068991988457,20.22045994658971,10.47412784895072,698.275189930048,1.5,1.1821960141309829,90.93815493315252,1.030438278031501,79.26448292550006,8.38240529238083,644.8004071062176,0.0,0.0,0.0,0.0,1.3,0.0,0.0,0.2,0.0,0.0,254.6513732417235,2122.0947770143625,0.8223917571800626,6.853264643167189,0.0,0.0,0.7254254669908207,6.045212224923506,12.0,0.5072137489934043,126.80343724835109,0.0,0.0,0.4,590.7999999999993,88735.35596275158,0.0,0.0,0.0,0.0,0.0,0.0,0.6657999999999993,0.0,0.0,7.549101740447685,215.68862115564815,8.461662464011736,241.76178468604962,8.334006554342865,238.1144729812247,-2.075269782258596e-14,-5.929342235024559e-13,0.0,0.0,3.5,60.75215421375172,0.19039346520236686,0.02596274525486821,11925.441104806747,0.10211542829225638,0.21635621045723508,0.0,0.20116147978587323,0.08595065071346254,6.651563590065893,0.0,0.8135920163579085,0.004459610333199139,0.03418354094710343,270.29625294947874,0.0014047772549577288,0.3033068991988457,0.030832663797313153,6.651563590065893,0.0,14.569994654513916,0.0,0.36031655833368736,0.0,0.014963312223159775,0.7643745056658471,369.02452490895945,0.0,0.8223917571800626,0.3899869926866567,14.569994654513916,0.0,4.142494376332979,146.0
61.834673099054115,343.52596166141177,18.065780428543405,100.36544682524115,9.508762888017785,52.8264604889877,11925.24809170543,66251.37828725239,18.0,1.1821960141309829,59.10980070654914,-0.7480219284630849,-37.40109642315424,8.38240529238083,419.12026461904145,0.0,0.0,0.0,0.0,2.0,0.575,164.01625900306638,0.0,0.0,0.0,0.0,0.0,0.0,0.35057499999999997,0.575,2300.0,0.025,0.0,0.0,0.0,0.0,0.0,0.0,0.3,0.0852772164690596,5.685147764603973,6.399817899925671,426.65452666171143,0.38464735780534065,25.643157187022712,0.32479885683554033,21.653257122369357,10.540177296545234,702.678486436349,1.5,7.549101740447685,580.7001338805911,8.461662464011736,650.8971126162875,8.334006554342865,641.0774272571434,0.0,0.0,0.0,0.0,1.3,0.0,0.0,0.2,0.0,0.0,253.60743788208322,2113.3953156840266,0.8530917025976181,7.1090975216468175,0.0,0.0,0.7614904679819572,6.345753899849643,12.0,0.5091235438976971,127.28088597442428,0.0,0.0,0.4,590.2249999999992,88725.61915141492,0.0,0.0,0.0,0.0,0.0,0.0,0.6652249999999992,0.0,0.0,-0.8350430081690563,-23.858371661973038,0.6686886804056149,19.105390868731856,8.491591607576996,242.61690307362846,1.8441830972649902e-14,5.269094563614258e-13,0.0,0.0,3.5,61.834673099054115,0.24747587713333816,0.033746710518182475,11925.24809170543,0.08820948633536155,0.28122258765152064,0.0,0.17152841284990414,0.0875810323110578,7.516393355674206,0.0,0.8377542588286702,0.005476918199605404,0.035182783890015966,270.1597745513082,0.0017252292328757022,0.32479885683554033,0.026968875836300005,7.516393355674206,0.0,16.317874120910346,0.0,0.39042110809540675,0.0,0.016213501166752773,0.7846580557102192,369.6066089983271,0.0,0.8530917025976181,0.4003357427092955,16.317874120910346,0.0,4.142494376332979,147.0
61.73233558368812,342.9574199093784,17.966376517883234,99.81320287712907,9.54994488651069,53.05524936950384,11924.979461317651,66249.88589620918,18.0,7.549101740447685,377.45508702238425,7.7136405355486515,385.68202677743255,8.334006554342865,416.70032771714324,0.0,0.0,0.0,0.0,2.0,0.575,164.01625900306638,0.0,0.0,0.0,0.0,0.0,0.0,0.35057499999999997,0.575,2300.0,0.025,0.0,0.0,0.0,0.0,0.0,0.0,0.3,0.08738733109426636,5.82582207295109,6.404783075289253,426.98553835261686,0.4499073065962442,29.993820439749616,0.34154271653337215,22.769514435558143,10.604942627292637,706.9961751528425,1.5,0.0,0.0,0.6686886804056149,51.43759080043192,8.491591607576996,653.1993544289998,1.8441830972649902e-14,1.418602382511531e-12,0.0,0.0,1.3,0.0,0.0,0.2,0.0,0.0,252.70031024543965,2105.8359187119972,0.8739104685203927,7.282587237669939,0.0,0.0,0.7680215688195084,6.400179740162571,12.0,0.5102039595676471,127.55098989191177,0.0,0.0,0.4,589.6499999999992,88715.86549311667,0.0,0.0,0.0,0.0,0.0,0.0,0.6646499999999992,0.0,0.0,0.7514918436092355,21.471195531692445,0.6736554890274654,19.24729968649901,8.510679155704452,243.1622615915558,-1.0085309838502499e-14,-2.881517096715e-13,0.0,0.0,3.5,61.73233558368812,0.30200132228131327,0.04118199849290636,11924.979461317651,0.07455293299512857,0.34318332077421965,0.0,0.1432227302799233,0.08980608077048016,8.341785683581755,0.0,0.861532408020548,0.006469806144886519,0.03615875482005754,270.0106758785767,0.0020379889356392537,0.34154271653337215,0.023213665842718334,8.341785683581753,0.0,17.997791173552912,0.0,0.4088450096516922,0.0,0.016978613357628413,0.7885340330113891,370.0792233733953,0.0,0.8739104685203927,0.40231328214866796,17.997791173552912,0.0,4.142494376332979,148.0
61.92588667247086,344.0327037359492,18.133037674907033,100.73909819392797,9.576238432071005,53.20132462261669,11924.862252019158,66249.23473343976,18.0,0.0,0.0,-1.7587845218447287,-87.93922609223644,8.491591607576996,424.5795803788498,1.8441830972649902e-14,9.220915486324952e-13,0.0,0.0,2.0,0.575,164.01625900306638,0.0,0.0,0.0,0.0,0.0,0.0,0.35057499999999997,0.575,2300.0,0.025,0.0,0.0,0.0,0.0,0.0,0.0,0.3,0.08887681572836013,5.925121048557342,6.371963369104941,424.7975579403294,0.5598990461513644,37.32660307675763,0.36763653105719446,24.50910207047963,10.670744760497719,711.3829840331813,1.5,0.7514918436092355,57.807064893018115,0.6736554890274654,51.81965300211272,8.510679155704452,654.6676273618809,0.0,0.0,0.0,0.0,1.3,0.0,0.0,0.2,0.0,0.0,253.07440575443198,2108.953381286933,0.8990733056826866,7.492277547355722,0.0,0.0,0.8161980643738691,6.801650536448909,12.0,0.5074317612578381,126.85794031445951,0.0,0.0,0.4,589.0749999999991,88706.09494409517,0.0,0.0,0.0,0.0,0.0,0.0,0.6640749999999991,0.0,0.0,7.548369985773902,215.66771387925434,8.382255066171446,239.49300189061276,8.446484035373631,241.32811529638946,-1.0085309838502499e-14,-2.881517096715e-13,0.0,0.0,3.5,61.92588667247086,0.19281933410896426,0.026293545560313308,11924.862252019158,0.10190358117667199,0.21911287966927756,0.0,0.1999021198597478,0.09121130905381016,6.681464892170786,0.0,0.8214715120367798,0.005462825656491134,0.034464500974049635,269.886188549772,0.0017207900817947071,0.36763653105719446,0.03155664018031347,6.681464892170786,0.0,14.611168737457504,0.0,0.3947040709576274,0.0,0.01639136507299117,0.8131320615145863,370.7704417279088,0.0,0.8990733056826866,0.41486329669111544,14.611168737457506,0.0,4.712905649833258,149.0
63.006169642531,350.03427579183887,18.01857744771232,100.10320804284622,9.611457897452407,53.39698831918004,11924.654601644708,66248.08112024837,18.0,0.7514918436092355,37.57459218046178,-1.0851290328172634,-54.25645164086317,8.510679155704452,425.53395778522264,0.0,0.0,0.0,0.0,2.0,0.575,164.01625900306638,0.0,0.0,0.0,0.0,0.0,0.0,0.35057499999999997,0.575,2300.0,0.025,0.0,0.0,0.0,0.0,0.0,0.0,0.3,0.09110028811166322,6.073352540777548,6.363512577152443,424.2341718101629,0.6402725298876473,42.684835325843146,0.38786974989751144,25.85798332650076,10.735039313065167,715.6692875376777,1.5,7.548369985773902,580.6438450595309,8.382255066171446,644.7888512439574,8.446484035373631,649.729541182587,0.0,0.0,0.0,0.0,1.3,0.0,0.0,0.2,0.0,0.0,252.0582029969871,2100.4850249748924,0.9178842151879889,7.649035126566575,0.0,0.0,0.8279372535366817,6.899477112805681,12.0,0.509356528792587,127.33913219814674,0.0,0.0,0.4,588.4999999999991,88696.30746043706,0.0,0.0,0.0,0.0,0.0,0.0,0.6634999999999991,0.0,0.0,-0.8220068905965308,-23.48591115990088,0.6695122181019562,19.128920517198747,8.628722899481197,246.53493998517706,8.356521134147403e-15,2.387577466899258e-13,0.0,0.0,3.5,63.006169642531,0.25827607946361597,0.03521946538140218,11924.654601644708,0.0858451703960331,0.29349554484501816,0.0,0.16592169588779823,0.0935659476237387,7.672728550304962,0.0,0.8496205730610914,0.006698759850540805,0.035622111099203047,269.7462276957986,0.0021101093529203533,0.38786974989751144,0.026931978690857773,7.672728550304963,0.0,16.62562735883539,0.0,0.4190708878967172,0.0,0.017403276075445066,0.8195297063888809,371.3302466624383,0.0,0.9178842151879889,0.4181274012188168,16.62562735883539,0.0,4.712905649833258,150.0
62.910707428396925,349.5039301577607,17.925510008502876,99.58616671390486,9.655394165891938,53.64107869939965,11924.358266653786,66246.43481474325,18.0,7.548369985773902,377.4184992886951,7.297126033354182,364.8563016677091,8.446484035373631,422.3242017686815,0.0,0.0,0.0,0.0,2.0,0.575,164.01625900306638,0.0,0.0,0.0,0.0,0.0,0.0,0.35057499999999997,0.575,2300.0,0.025,0.0,0.0,0.0,0.0,0.0,0.0,0.3,0.09402073410120775,6.268048940080517,6.3785295036327545,425.2353002421836,0.6955942699479751,46.37295132986501,0.40229810840463803,26.819873893642534,10.79821696819464,719.881131212976,1.5,0.0,0.0,0.6695122181019562,51.50093985399663,8.628722899481197,663.7479153447075,8.356521134147403e-15,6.428093180113387e-13,0.0,0.0,1.3,0.0,0.0,0.2,0.0,0.0,251.20226336746973,2093.352194728914,0.9256692447240261,7.713910372700218,0.0,0.0,0.8117359968663287,6.764466640552739,12.0,0.5106636111526727,127.66590278816817,0.0,0.0,0.4,587.924999999999,88686.5029980767,0.0,0.0,0.0,0.0,0.0,0.0,0.662924999999999,0.0,0.0,0.34714646903667035,9.918470543904867,0.6750208942678813,19.286311264796606,8.665798851193601,247.59425289124576,-4.520874476013535e-15,-1.291678421718153e-13,0.0,0.0,3.5,62.910707428396925,0.3221993018898944,0.04393626843953105,11924.358266653786,0.06980057940708394,0.36613557032942545,0.0,0.1327373567102386,0.0966376097396944,8.639947931432324,0.0,0.8779313672605177,0.007910459468615965,0.03677755884593852,269.5917975581892,0.0024917947326140288,0.40229810840463803,0.02233881797574253,8.639947931432324,0.0,18.60339764215284,0.0,0.43236095523284584,0.0,0.017955189170799246,0.8116668307180535,371.76182949352847,0.0,0.9256692447240261,0.41411572995819057,18.60339764215284,0.0,4.712905649833258,151.0
62.96749093525334,349.81939408474074,18.058126703466144,100.32292613036746,9.692173537833026,53.84540854351682,11924.134769044009,66245.1931613556,18.0,0.0,0.0,-1.361854158356964,-68.0927079178482,8.628722899481197,431.43614497405986,8.356521134147403e-15,4.1782605670737014e-13,0.0,0.0,2.0,0.575,164.01625900306638,0.0,0.0,0.0,0.0,0.0,0.0,0.35057499999999997,0.575,2300.0,0.025,0.0,0.0,0.0,0.0,0.0,0.0,0.3,0.0966109089524171,6.440727263494474,6.375162299612088,425.01081997413917,0.7727018487359305,51.51345658239537,0.4213955175030554,28.093034500203693,10.861720407248086,724.114693816539,1.5,0.34714646903667035,26.703574541282332,0.6750208942678813,51.9246841744524,8.665798851193601,666.5999116302771,0.0,0.0,0.0,0.0,1.3,0.0,0.0,0.2,0.0,0.0,251.4904527641012,2095.753773034177,0.9324486659913891,7.770405549928243,0.0,0.0,0.8198786901557202,6.832322417964336,12.0,0.5092357387399201,127.30893468498003,0.0,0.0,0.4,587.349999999999,88676.68151279533,0.0,0.0,0.0,0.0,0.0,0.0,0.662349999999999,0.0,0.0,7.76130187315215,221.75148209006142,7.9705114589657,227.72889882759145,8.5925850681345,245.50243051812856,-4.520874476013535e-15,-1.291678421718153e-13,0.0,0.0,3.5,62.96749093525334,0.2697153942346564,0.0367793719410895,11924.134769044009,0.08299715639892508,0.3064947661757459,0.0,0.1599831994551327,0.09923172483522676,7.839966636236463,0.0,0.8605373801095553,0.007444272477170024,0.03602342406518535,269.4495152818082,0.0023449458303085573,0.4213955175030554,0.026541681575587367,7.839966636236463,0.0,16.98147851992273,0.0,0.41952951276930367,0.0,0.017422321958858126,0.8155052351917619,372.29846261552257,0.0,0.9324486659913891,0.41607409958763364,16.98147851992273,0.0,5.225517779508953,152.0
64.04326142191852,355.79589678843615,17.9638642622298,99.79924590127668,9.735781658260601,54.087675879225564,11923.842064871373,66243.56702706318,18.0,0.34714646903667035,17.357323451833516,-0.6868332640890829,-34.34166320445414,8.665798851193601,433.28994255968007,0.0,0.0,0.0,0.0,2.0,0.575,164.01625900306638,0.0,0.0,0.0,0.0,0.0,0.0,0.35057499999999997,0.575,2300.0,0.025,0.0,0.0,0.0,0.0,0.0,0.0,0.3,0.09979914264261172,6.653276176174115,6.389880373511663,425.99202490077755,0.826466687653398,55.097779176893205,0.4358079559397466,29.05386372931644,10.924400909866092,728.2933939910728,1.5,7.76130187315215,597.0232210117039,7.9705114589657,613.1162660742847,8.5925850681345,660.9680821641923,0.0,0.0,0.0,0.0,1.3,0.0,0.0,0.2,0.0,0.0,250.62877880575874,2088.5731567146563,0.9333777434691873,7.778147862243228,0.0,0.0,0.8063804277439802,6.719836897866502,12.0,0.5106200186104244,127.6550046526061,0.0,0.0,0.4,586.774999999999,88666.84296022062,0.0,0.0,0.0,0.0,0.0,0.0,0.6617749999999989,0.0,0.0,-0.7559776035296393,-21.599360100846837,0.6747651903069967,19.279005437342764,8.78933668337104,251.1239052391726,3.835646658133868e-15,1.0958990451811051e-13,0.0,0.0,3.5,64.04326142191852,0.3197928831355407,0.043608120427573734,11923.842064871373,0.0706968309272555,0.36340100356311444,0.0,0.13398655956410616,0.10256490939118233,8.59659279329511,0.0,0.8838104197817052,0.008505714912521768,0.03696383749640136,269.29595177842134,0.0026793001974443568,0.4358079559397466,0.022918153349213,8.596592793295109,0.0,18.53130691451779,0.0,0.4294995116358442,0.0,0.01783635845663805,0.8088878589889295,372.73458965214655,0.0,0.9333777434691873,0.4126978872392497,18.531306914517785,0.0,5.225517779508953,153.0
63.96173753963071,355.34298633128174,17.88691632976055,99.3717573875586,9.786428843528897,54.3690491307161,11923.477715943489,66241.54286635271,18.0,7.76130187315215,388.06509365760746,7.283678194876617,364.1839097438309,8.5925850681345,429.629253406725,0.0,0.0,0.0,0.0,2.0,0.575,164.01625900306638,0.0,0.0,0.0,0.0,0.0,0.0,0.35057499999999997,0.575,2300.0,0.025,0.0,0.0,0.0,0.0,0.0,0.0,0.3,0.10355637203677043,6.903758135784695,6.423022596171693,428.20150641144625,0.8602795172116947,57.35196781411298,0.44536533373332565,29.691022248888377,10.986495258972425,732.4330172648283,1.5,0.0,0.0,0.6747651903069967,51.905014638999745,8.78933668337104,676.1028217977723,3.835646658133868e-15,2.9504974293337447e-13,0.0,0.0,1.3,0.0,0.0,0.2,0.0,0.0,249.89648034158932,2082.470669513244,0.926014145352411,7.716784544603425,0.0,0.0,0.7755201368635747,6.462667807196455,12.0,0.5117032888928961,127.92582222322402,0.0,0.0,0.4,586.1999999999989,88656.98729582575,0.0,0.0,0.0,0.0,0.0,0.0,0.6611999999999989,0.0,0.0,0.04410543976233583,1.2601554217810236,0.6790435798640856,19.401245138973874,8.835082224526897,252.4309207007685,-2.0202068843323258e-15,-5.77201966952093e-14,0.0,0.0,3.5,63.96173753963071,0.37141269196750276,0.05064718526829583,11923.477715943489,0.05771094935193858,0.4220598772357986,0.0,0.10718924765128493,0.10648787498013633,9.375978777986573,0.0,0.9083437924748783,0.00955533191074945,0.037949269956441795,269.13111090668855,0.0030099295518860765,0.44536533373332565,0.01911270970432855,9.375978777986573,0.0,20.13638282256292,0.0,0.43226231835998663,0.0,0.017951092955148948,0.7929983694595184,373.0672128031517,0.0,0.926014145352411,0.4045910048262849,20.13638282256292,0.0,5.225517779508953,154.0
63.888544134413564,354.93635630229755,18.000669393995317,100.00371885552954,9.830046975956346,54.61137208864636,11923.184890010047,66239.91605561136,18.0,0.0,0.0,-1.1527758387649518,-57.63879193824759,8.78933668337104,439.46683416855205,3.835646658133868e-15,1.917823329066934e-13,0.0,0.0,2.0,0.5750000000000001,164.01625900306644,0.0,0.0,0.0,0.0,0.0,0.0,0.35057499999999997,0.575,2300.0,0.025,0.0,0.0,0.0,0.0,0.0,0.0,0.3,0.10687183501432658,7.124789000955105,6.437233327276893,429.1488884851262,0.9159919200651081,61.066128004340534,0.4597160512240854,30.647736748272358,11.049007826776313,736.6005217850875,1.5,0.04410543976233583,3.3927261355642946,0.6790435798640856,52.23412152800658,8.835082224526897,679.6217095789921,0.0,0.0,0.0,0.0,1.3,0.0,0.0,0.2,0.0,0.0,250.14405655540358,2084.533804628363,0.9202590394396907,7.668825328664089,0.0,0.0,0.771832149127765,6.431934576064708,12.0,0.5103250286253115,127.58125715632787,0.0,0.0,0.4,585.6249999999989,88647.11447492904,0.0,0.0,0.0,0.0,0.0,0.0,0.6606249999999988,0.0,0.0,8.154361582837259,232.981759509636,7.960915056711868,227.45471590605337,8.747163207542847,249.9189487869385,-2.0202068843323258e-15,-5.77201966952093e-14,0.0,0.0,3.5,63.888544134413564,0.319866304467962,0.04361813242744936,11923.184890010047,0.07065850345364313,0.3634844368954113,0.0,0.13394839868190092,0.10982214356319886,8.589842412763117,0.0,0.8917056267798547,0.008951102180612045,0.03722103669998977,268.97872148160565,0.002819597186892794,0.4597160512240854,0.02330181967137181,8.589842412763117,0.0,18.547487851544428,0.0,0.41560822754151616,0.0,0.01725947788793672,0.7906950327365532,373.5029699560332,0.0,0.9202590394396907,0.40341583302885364,18.547487851544428,0.0,5.736263771160163,155.0
64.96667551211249,360.9259750672916,17.919586391248558,99.55325772915866,9.879126097585551,54.88403387547528,11922.836709581865,66237.98171989925,18.0,0.04410543976233583,2.2052719881167913,-0.47373225890086623,-23.68661294504331,8.835082224526897,441.7541112263449,0.0,0.0,0.0,0.0,2.0,0.575,164.01625900306638,0.0,0.0,0.0,0.0,0.0,0.0,0.35057499999999997,0.5750000000000001,2300.0000000000005,0.025,0.0,0.0,0.0,0.0,0.0,0.0,0.3,0.1106641342420876,7.377608949472506,6.465564722041912,431.0376481361275,0.9523973211504246,63.49315474336164,0.47020256471220034,31.346837647480022,11.111081189210047,740.7387459473364,1.5,8.154361582837259,627.2585832951738,7.960915056711868,612.3780812855283,8.747163207542847,672.8587082725268,0.0,0.0,0.0,0.0,1.3,0.0,0.0,0.2,0.0,0.0,249.38323632316767,2078.193636026397,0.9117773160231839,7.598144300193199,0.0,0.0,0.7532941975996719,6.277451646663932,12.0,0.5114598287975253,127.86495719938132,0.0,0.0,0.4,585.0499999999988,88637.22445269297,0.0,0.0,0.0,0.0,0.0,0.0,0.6600499999999988,0.0,0.0,-0.7182178190847548,-20.520509116707277,0.6781038869791951,19.374396770834146,8.951792222430093,255.76549206943122,1.8154397738015422e-15,5.1869707822901206e-14,0.0,0.0,3.5,64.96667551211249,0.3599135586141717,0.049079121629205226,11922.836709581865,0.06081225206006868,0.4089926802433769,0.0,0.11315871894552074,0.11376853716372218,9.193440528753934,0.0,0.9117979028804448,0.009852431641993706,0.03801969757906504,268.8175749526988,0.0031035159672280176,0.47020256471220034,0.02033894513010868,9.193440528753934,0.0,19.790941294356195,0.0,0.4195355689125609,0.0,0.017422573459823957,0.7809191474993692,373.8583690062171,0.0,0.9117773160231839,0.39842813647927,19.790941294356195,0.0,5.736263771160163,156.0
64.89077787229503,360.50432151275015,17.853159866657407,99.18422148143003,9.934150075707908,55.189722642821714,11922.42799632429,66235.7110906905,18.0,8.154361582837259,407.718079141863,7.487182797811002,374.3591398905501,8.747163207542847,437.3581603771424,0.0,0.0,0.0,0.0,2.0,0.575,164.01625900306638,0.0,0.0,0.0,0.0,0.0,0.0,0.35057499999999997,0.575,2300.0,0.025,0.0,0.0,0.0,0.0,0.0,0.0,0.3,0.11492106816279206,7.661404544186137,6.5092456825177685,433.94971216785126,0.972147846281263,64.80985641875087,0.47648216834899015,31.76547788993268,11.172873256736178,744.8582171157452,1.5,0.0,0.0,0.6781038869791951,52.161837459938084,8.951792222430093,688.5994017253918,1.8154397738015422e-15,1.396492133693494e-13,0.0,0.0,1.3,0.0,0.0,0.2,0.0,0.0,248.73165174425654,2072.763764535471,0.8979600900953857,7.483000750794881,0.0,0.0,0.7220954110048018,6.017461758373348,12.0,0.5123825634135383,128.09564085338457,0.0,0.0,0.4,584.4749999999988,88627.31718412372,0.0,0.0,0.0,0.0,0.0,0.0,0.6594749999999987,0.0,0.0,-0.19470556660768112,-5.56301618879089,0.6816829154806323,19.476654728018065,9.001047760544516,257.1727931584147,-9.392391393894785e-16,-2.6835403982556528e-14,0.0,0.0,3.5,64.89077787229503,0.40350917289728766,0.05502397812235741,11922.42799632429,0.04981989344336233,0.4585331510196451,0.0,0.09052697515641658,0.11820031058495097,9.850336650538326,0.0,0.9338540947691778,0.010765966204090531,0.038893827629376286,268.6470627145533,0.003391279354288517,0.47648216834899015,0.017045569840880365,9.850336650538326,0.0,21.15003041421446,0.0,0.41835107640054636,0.0,0.01737338357145126,0.7638644123605978,374.1263807912743,0.0,0.8979600900953857,0.38972674100030497,21.15003041421446,0.0,5.736263771160163,157.0
64.79671570076151,359.9817538931195,17.965113328360125,99.80618515755626,9.979006299455694,55.438923885864966,11922.12277296287,66234.01540534927,18.0,0.0,0.0,-1.1516809470857403,-57.58404735428702,8.951792222430093,447.5896111215046,1.8154397738015422e-15,9.077198869007711e-14,0.0,0.0,2.0,0.575,164.01625900306638,0.0,0.0,0.0,0.0,0.0,0.0,0.35057499999999997,0.575,2300.0,0.025,0.0,0.0,0.0,0.0,0.0,0.0,0.3,0.11842891883138448,7.895261255425632,6.525021536279689,435.0014357519793,1.0241066531029497,68.27377687352997,0.48996130187941705,32.66408679196114,11.23522363205812,749.0149088038746,1.5,0.0,0.0,0.6816829154806323,52.43714734466403,9.001047760544516,692.388289272655,0.0,0.0,0.0,0.0,1.3,0.0,0.0,0.2,0.0,0.0,248.98098515283164,2074.841542940264,0.8905249424388839,7.4210411869907,0.0,0.0,0.7270826062578497,6.059021718815415,12.0,0.510463905122555,127.61597628063875,0.0,0.0,0.4,583.8999999999987,88617.3926240704,0.0,0.0,0.0,0.0,0.0,0.0,0.6588999999999987,0.0,0.0,8.382663828580192,239.50468081657695,8.165607982913128,233.3030852260894,8.890743945497292,254.0212555856369,-9.392391393894785e-16,-2.6835403982556528e-14,0.0,0.0,3.5,64.79671570076151,0.3289456408170948,0.04485622374778565,11922.12277296287,0.06857850314631397,0.37380186456488046,0.0,0.12923498436492514,0.12169101967318276,8.715126846904399,0.0,0.9078236221478464,0.009671359300558145,0.03777577150771872,268.4946890678503,0.003046478179675816,0.48996130187941705,0.023150492830985046,8.715126846904399,0.0,18.84622874426963,0.0,0.3996721938348582,0.0,0.016597682468225006,0.7661954791218767,374.5435353807451,0.0,0.8905249424388839,0.3909160607764677,18.84622874426963,0.0,6.275249816283695,158.0
65.88015097948342,366.00083877490783,17.88624094997164,99.36800527762023,10.029075887504488,55.71708826391382,11921.76468067959,66232.02600377549,18.0,0.0,0.0,-0.469998031605108,-23.4999015802554,9.001047760544516,450.0523880272258,0.0,0.0,0.0,0.0,2.0,0.5749999999999998,164.01625900306635,0.0,0.0,0.0,0.0,0.0,0.0,0.35057499999999997,0.575,2300.0,0.025,0.0,0.0,0.0,0.0,0.0,0.0,0.3,0.12240189124029284,8.160126082686189,6.5543608609864865,436.95739073243243,1.0571191528027972,70.47461018685316,0.4996458408283939,33.30972272189293,11.297245012654871,753.1496675103248,1.5,8.382663828580192,644.8202945061687,8.165607982913128,628.1236909933176,8.890743945497292,683.9033804228686,0.0,0.0,0.0,0.0,1.3,0.0,0.0,0.2,0.0,0.0,248.2387741366057,2068.656451138381,0.8829206085370307,7.357671737808589,0.0,0.0,0.71608772021462,5.967397668455166,12.0,0.5116191857376626,127.90479643441566,0.0,0.0,0.4,583.3249999999987,88607.45072722438,0.0,0.0,0.0,0.0,0.0,0.0,0.6583249999999986,0.0,0.0,-0.7162582996974116,-20.464522848497477,0.6786500024734252,19.390000070669295,9.102565953403088,260.07331295437393,8.762006344120637e-16,2.503430384034468e-14,0.0,0.0,3.5,65.88015097948342,0.3671769790244884,0.05006958804879387,11921.76468067959,0.059154283791363116,0.4172465670732823,0.0,0.10938798749194012,0.12582461470464973,9.29084245922824,0.0,0.9275179160135559,0.010565279818950368,0.03855423686115689,268.33385563709317,0.0033280631429693655,0.4996458408283939,0.020249818767927256,9.290842459228243,0.0,20.031114113209334,0.0,0.40560663727426083,0.0,0.016844129454911164,0.7602256711607027,374.8839918216651,0.0,0.8829206085370307,0.38787024038811363,20.03111411320933,0.0,6.275249816283695,159.0
65.8045535471422,365.5808530396789,17.821575162677295,99.00875090376275,10.084892231382542,56.027179063236346,11921.348043821077,66229.71135456154,18.0,8.382663828580192,419.1331914290096,7.69560995130802,384.780497565401,8.890743945497292,444.5371972748646,0.0,0.0,0.0,0.0,2.0,0.575,164.01625900306638,0.0,0.0,0.0,0.0,0.0,0.0,0.35057499999999997,0.5749999999999998,2299.9999999999995,0.025,0.0,0.0,0.0,0.0,0.0,0.0,0.3,0.12683217337073963,8.455478224715975,6.59873354534718,439.915569689812,1.0739944216457773,71.59962810971848,0.5051525938356124,33.676839589040824,11.3590900111156,757.2726674077065,1.5,0.0,0.0,0.6786500024734252,52.203846344109635,9.102565953403088,700.1973810310067,8.762006344120637e-16,6.740004880092798e-14,0.0,0.0,1.3,0.0,0.0,0.2,0.0,0.0,247.60213693927605,2063.3511411606337,0.8712437399217383,7.260364499347819,0.0,0.0,0.6914735275923729,5.762279396603107,12.0,0.5125049527662466,128.12623819156167,0.0,0.0,0.4,582.7499999999986,88597.49144811856,0.0,0.0,0.0,0.0,0.0,0.0,0.6577499999999986,0.0,0.0,-0.2313410122504745,-6.609743207156414,0.682168063618359,19.490516103381687,9.15536262303999,261.581789229714,-4.5183255841048395e-16,-1.290950166887097e-14,0.0,0.0,3.5,65.8045535471422,0.4093198551057174,0.05581634387805237,11921.348043821077,0.048499340470757484,0.4651361989837698,0.0,0.0875103899935521,0.13043692747996968,9.925357999165943,0.0,0.9493303010274934,0.011478623199538364,0.03941453709489723,268.1638418405362,0.003615766307854584,0.5051525938356124,0.01698537620675678,9.925357999165943,0.0,21.34320830404227,0.0,0.4061682963446044,0.0,0.016867454167134734,0.746308438428087,375.1399934343134,0.0,0.8712437399217383,0.38076961144290156,21.34320830404227,0.0,6.275249816283695,160.0
65.70494462272373,365.027470126243,17.94060390088398,99.67002167157767,10.127737081476809,56.265206008204494,11921.06349798194,66228.13054434412,18.0,0.0,0.0,-1.2504297616422058,-62.52148808211028,9.102565953403088,455.1282976701544,8.762006344120637e-16,4.381003172060319e-14,0.0,0.0,2.0,0.575,164.01625900306638,0.0,0.0,0.0,0.0,0.0,0.0,0.35057499999999997,0.575,2300.0,0.025,0.0,0.0,0.0,0.0,0.0,0.0,0.3,0.1302523158684748,8.683487724564987,6.607217275035291,440.4811516690194,1.132444697782127,75.49631318547513,0.5201209103269405,34.67472735512936,11.421421887356304,761.4281258237536,1.5,0.0,0.0,0.682168063618359,52.474466432181465,9.15536262303999,704.2586633107684,0.0,0.0,0.0,0.0,1.3,0.0,0.0,0.2,0.0,0.0,247.87311670842197,2065.6093059035165,0.8688727675641958,7.240606396368299,0.0,0.0,0.7093364095170017,5.911136745975014,12.0,0.5100908744896879,127.52271862242198,0.0,0.0,0.4,582.1749999999986,88587.51474112677,0.0,0.0,0.0,0.0,0.0,0.0,0.6571749999999985,0.0,0.0,8.56512730810616,244.7179230887474,8.373330558135294,239.2380159467227,9.018674720918884,257.6764205976824,-4.5183255841048395e-16,-1.290950166887097e-14,0.0,0.0,3.5,65.70494462272373,0.3141955673579654,0.04284485009426801,11921.06349798194,0.07249457831526386,0.3570404174522334,0.0,0.13689209202752403,0.13379307446160837,8.47888382424975,0.0,0.9143534149245294,0.00994414441552679,0.03793092578637712,268.0170430114464,0.003132405490890939,0.5201209103269405,0.024912460906854852,8.47888382424975,0.0,18.39837583941746,0.0,0.38809863893109875,0.0,0.016117053111756593,0.7560318884700548,375.58622004857483,0.0,0.8688727675641958,0.3857305553418647,18.39837583941746,0.0,6.843159010441539,161.0
66.79908815953017,371.1060453307232,17.85752946084918,99.20849700471766,10.176197564794567,56.53443091552538,11920.721966450985,66226.23314694992,18.0,0.0,0.0,-0.5682616980238467,-28.413084901192338,9.15536262303999,457.76813115199946,0.0,0.0,0.0,0.0,2.0,0.575,164.01625900306638,0.0,0.0,0.0,0.0,0.0,0.0,0.35057499999999997,0.575,2300.0,0.025,0.0,0.0,0.0,0.0,0.0,0.0,0.3,0.13420431476467512,8.946954317645009,6.630713911393524,442.04759409290165,1.170116641015445,78.00777606769634,0.5308779972545902,35.39186648363934,11.483422062847602,765.5614708565067,1.5,8.56512730810616,658.8559467773969,8.373330558135294,644.1023506257918,9.018674720918884,693.7442093014527,0.0,0.0,0.0,0.0,1.3,0.0,0.0,0.2,0.0,0.0,247.10185228404845,2059.1821023670705,0.8668881665945307,7.224068054954423,0.0,0.0,0.7070696082706743,5.8922467355889525,12.0,0.5113778458939244,127.8444614734811,0.0,0.0,0.4,581.5999999999985,88577.52056046299,0.0,0.0,0.0,0.0,0.0,0.0,0.6565999999999985,0.0,0.0,-0.7387666591428896,-21.10761883265399,0.67761539773851,19.360439935385998,9.24069820296,264.019948656,4.243680760015798e-16,1.2124802171473709e-14,0.0,0.0,3.5,66.79908815953017,0.35537687766355225,0.04846048331775712,11920.721966450985,0.06230583002609955,0.40383736098130935,0.0,0.11551367362201923,0.1379132950116988,9.099228201739344,0.0,0.9353615896000814,0.01094425591889144,0.038762749056726276,267.860814006014,0.0034474406144508036,0.5308779972545902,0.02170134284654108,9.099228201739344,0.0,19.670749925609083,0.0,0.3984296570697644,0.0,0.016546082104226097,0.7549961743366524,375.9498503804774,0.0,0.8668881665945307,0.3852021297635982,19.670749925609083,0.0,6.843159010441539,162.0
66.72171424657495,370.6761902587497,17.78950140025482,98.830563334749,10.230726618446623,56.83737010248124,11920.318578715996,66223.99210397775,18.0,8.56512730810616,428.256365405308,7.805068860111447,390.25344300557236,9.018674720918884,450.9337360459443,0.0,0.0,0.0,0.0,2.0,0.575,164.01625900306638,0.0,0.0,0.0,0.0,0.0,0.0,0.35057499999999997,0.575,2300.0,0.025,0.0,0.0,0.0,0.0,0.0,0.0,0.3,0.13867382971666375,9.244921981110917,6.670503295881732,444.7002197254488,1.1905625914083247,79.37083942722164,0.5370874611400696,35.805830742671304,11.545272372981469,769.6848248654312,1.5,0.0,0.0,0.67761539773851,52.12426136450077,9.24069820296,710.8229386892308,4.243680760015798e-16,3.264369815396768e-14,0.0,0.0,1.3,0.0,0.0,0.2,0.0,0.0,246.4420533908848,2053.6837782573734,0.8603365724818587,7.169471437348822,0.0,0.0,0.6882271687942557,5.735226406618797,12.0,0.5123041236584293,128.07603091460732,0.0,0.0,0.4,581.0249999999985,88567.50886018062,0.0,0.0,0.0,0.0,0.0,0.0,0.6560249999999984,0.0,0.0,-0.26151301940591765,-7.47180055445479,0.681397464492982,19.46849898551377,9.299635433342784,265.70386952407955,-2.1999953670529986e-16,-6.285701048722853e-15,0.0,0.0,3.5,66.72171424657495,0.3998797267817445,0.05452905365205606,11920.318578715996,0.05102104544576939,0.45440878043380056,0.0,0.09241093889761538,0.14257354890887192,9.769349747486883,0.0,0.9583220855846553,0.011956048777423981,0.039668730575905586,267.6946122730984,0.003766155364888554,0.5370874611400696,0.018165512662903352,9.769349747486883,0.0,21.053193780529217,0.0,0.40214988561385795,0.0,0.01670057664509377,0.7443474753973328,376.2243153376519,0.0,0.8603365724818587,0.37976912010068004,21.053193780529217,0.0,6.843159010441539,163.0
66.61508067896433,370.08378154980187,17.915849067819675,99.53249482122042,10.271185506272152,57.062141701511955,11920.058545619806,66222.54747566559,18.0,0.0,0.0,-1.3437205528354763,-67.18602764177382,9.24069820296,462.034910148,4.243680760015798e-16,2.121840380007899e-14,0.0,0.0,2.0,0.575,164.01625900306638,0.0,0.0,0.0,0.0,0.0,0.0,0.35057499999999997,0.575,2300.0,0.025,0.0,0.0,0.0,0.0,0.0,0.0,0.3,0.14200266826988228,9.466844551325487,6.671126404930771,444.74176032871804,1.2566152034130378,83.77434689420252,0.553850323840112,36.92335492267413,11.607368409770597,773.8245606513732,1.5,0.0,0.0,0.681397464492982,52.41518957638323,9.299635433342784,715.3565717955988,0.0,0.0,0.0,0.0,1.3,0.0,0.0,0.2,0.0,0.0,246.73334715866622,2056.1112263222185,0.8632895539255647,7.1940796160463725,0.0,0.0,0.7135887888015446,5.946573240012872,12.0,0.5096901199833879,127.42252999584697,0.0,0.0,0.4,580.4499999999985,88557.47959417193,0.0,0.0,0.0,0.0,0.0,0.0,0.6554499999999984,0.0,0.0,8.7069463670314,248.76989620089714,8.481607656975534,242.3316473421581,9.1364401911692,261.04114831912,-2.1999953670529986e-16,-6.285701048722853e-15,0.0,0.0,3.5,66.61508067896433,0.29669851072054987,0.040458887825529526,11920.058545619806,0.07712430235568564,0.3371573985460794,0.0,0.14597524809576873,0.14580761075003307,8.201416857871072,0.0,0.9193256992558667,0.010191115761956153,0.038025324682762734,267.55369276821415,0.003210201465016188,0.553850323840112,0.02695397846199865,8.20141685787107,0.0,17.856421083614055,0.0,0.38506403063982103,0.0,0.015991031172750043,0.7583500127674966,376.7050727496808,0.0,0.8632895539255647,0.38691327182015134,17.856421083614055,0.0,7.4262576666216615,164.0
67.71884333195956,376.21579628866425,17.827810397706177,99.04339109836765,10.317737214346964,57.32076230192758,11919.736643721766,66220.75913178759,18.0,0.0,0.0,-0.6623230883424943,-33.11615441712472,9.299635433342784,464.98177166713924,0.0,0.0,0.0,0.0,2.0,0.575,164.01625900306638,0.0,0.0,0.0,0.0,0.0,0.0,0.35057499999999997,0.575,2300.0,0.025,0.0,0.0,0.0,0.0,0.0,0.0,0.3,0.14594364424126052,9.729576282750703,6.688462051213256,445.89747008088375,1.299786590415622,86.65243936104146,0.5659072284290372,37.72714856193581,11.669142140157106,777.9428093438071,1.5,8.7069463670314,669.7651051562615,8.481607656975534,652.4313582288871,9.1364401911692,702.8030916284,0.0,0.0,0.0,0.0,1.3,0.0,0.0,0.2,0.0,0.0,245.9275711173839,2049.396425978199,0.8658571704221413,7.215476420184511,0.0,0.0,0.7156959029671355,5.9641325247261285,12.0,0.5110870971287382,127.77177428218455,0.0,0.0,0.4,579.8749999999984,88547.43271616717,0.0,0.0,0.0,0.0,0.0,0.0,0.6548749999999984,0.0,0.0,-0.7623834604466193,-21.782384584189124,0.6764298585479134,19.326567387083237,9.371929432914895,267.769412368997,2.0436853929627994e-16,5.839101122750855e-15,0.0,0.0,3.5,67.71884333195956,0.3413791925486198,0.04655170807481179,11919.736643721766,0.06602900258512454,0.3879309006234316,0.0,0.12278019847661498,0.1499262726566398,8.874685630558151,0.0,0.9419084151433982,0.01131943483822502,0.03892092816076959,267.40224239866296,0.0035656219740408815,0.5659072284290372,0.023376339427150214,8.874685630558151,0.0,19.234892516513522,0.0,0.39829557488957523,0.0,0.016540513907374387,0.7598370829006883,377.0962369448971,0.0,0.8658571704221413,0.38767198107177975,19.234892516513522,0.0,7.4262576666216615,165.0
67.63913120878205,375.77295115990023,17.755811451511352,98.64339695284085,10.370739241805415,57.615218010030084,11919.348959369257,66218.60532982921,18.0,8.7069463670314,435.34731835157,7.81928456863304,390.96422843165203,9.1364401911692,456.82200955846,0.0,0.0,0.0,0.0,2.0,0.575,164.01625900306638,0.0,0.0,0.0,0.0,0.0,0.0,0.35057499999999997,0.575,2300.0,0.025,0.0,0.0,0.0,0.0,0.0,0.0,0.3,0.15047448778330394,10.03163251888693,6.72350143711855,448.2334291412366,1.3244835456535486,88.29890304356991,0.5729821121022916,38.198807473486106,11.730805624481675,782.0537082987784,1.5,0.0,0.0,0.6764298585479134,52.03306604214718,9.371929432914895,720.9176486857612,2.0436853929627994e-16,1.572065686894461e-14,0.0,0.0,1.3,0.0,0.0,0.2,0.0,0.0,245.24025057905322,2043.6687548254436,0.8628197158312969,7.190164298594141,0.0,0.0,0.6990576270825458,5.8254802256878815,12.0,0.5120666833457678,128.01667083644193,0.0,0.0,0.4,579.2999999999984,88537.36817973404,0.0,0.0,0.0,0.0,0.0,0.0,0.6542999999999983,0.0,0.0,-0.29398980257380075,-8.399708644965736,0.6804788879803587,19.442253942295963,9.4392647334358,269.69327809816576,-1.066133845674864e-16,-3.046096701928183e-15,0.0,0.0,3.5,67.63913120878205,0.388681534695303,0.0530020274584504,11919.348959369257,0.05399920964611822,0.4416835621537534,0.0,0.09822415878129198,0.15465836269714509,9.58703982026855,0.0,0.966235416292691,0.012449597794120816,0.03988121527692598,267.23993814431964,0.003921623305148057,0.5729821121022916,0.019524481467375142,9.58703982026855,0.0,20.702554650671857,0.0,0.4039958224506261,0.0,0.016777235151604074,0.75058851867939,377.39264698820347,0.0,0.8628197158312969,0.3829533258568317,20.702554650671857,0.0,7.4262576666216615,166.0
67.5283737633699,375.1576320187217,17.885527243404248,99.36404024113472,10.409930561688789,57.83294756493771,11919.102060180923,66217.2336676718,18.0,0.0,0.0,-1.3856725611182208,-69.28362805591104,9.371929432914895,468.5964716457447,2.0436853929627994e-16,1.0218426964813997e-14,0.0,0.0,2.0,0.575,164.01625900306638,0.0,0.0,0.0,0.0,0.0,0.0,0.35057499999999997,0.575,2300.0,0.025,0.0,0.0,0.0,0.0,0.0,0.0,0.3,0.15383144495977985,10.255429663985323,6.719864404369409,447.99096029129396,1.3944822884121344,92.9654858941423,0.5907081352515156,39.38054235010103,11.792438161933797,786.1625441289198,1.5,0.0,0.0,0.6804788879803587,52.344529844642985,9.4392647334358,726.0972871873693,0.0,0.0,0.0,0.0,1.3,0.0,0.0,0.2,0.0,0.0,245.5408264429578,2046.173553691315,0.8681542695867153,7.2346189132226275,0.0,0.0,0.7254523072633653,6.045435893861377,12.0,0.509493256345787,127.37331408644675,0.0,0.0,0.4,578.7249999999983,88527.28593827678,0.0,0.0,0.0,0.0,0.0,0.0,0.6537249999999983,0.0,0.0,8.811117022347823,251.7462006385092,8.495064771143603,242.71613631838866,9.251049907633002,264.3157116466572,-1.066133845674864e-16,-3.046096701928183e-15,0.0,0.0,3.5,67.5283737633699,0.2874030124780731,0.0391913198833736,11919.102060180923,0.07969514402825102,0.3265943323614467,0.0,0.15080074847411057,0.15790960169196017,8.048563185118443,0.0,0.9274143606582395,0.010621591298080305,0.03825039037917022,267.1025668356997,0.003345801258895296,0.5907081352515156,0.028347614447304256,8.048563185118445,0.0,17.56457468533524,0.0,0.3873804062181251,0.0,0.01608722617184905,0.7650118570793873,377.8914995990186,0.0,0.8681542695867153,0.39031217197927925,17.56457468533524,0.0,8.011329017094729,167.0
68.63787354450547,381.321519691697,17.794727155787236,98.85959530992909,10.455468209992244,58.085934499956906,11918.790679844107,66215.5037769117,18.0,0.0,0.0,-0.7051936731378621,-35.2596836568931,9.4392647334358,471.96323667179,0.0,0.0,0.0,0.0,2.0,0.575,164.01625900306638,0.0,0.0,0.0,0.0,0.0,0.0,0.35057499999999997,0.575,2300.0,0.025,0.0,0.0,0.0,0.0,0.0,0.0,0.3,0.15785689931731112,10.523793287820741,6.733929064331585,448.92860428877236,1.440258093842344,96.01720625615626,0.6033918168606922,40.226121124046145,11.853812766517725,790.254184434515,1.5,8.811117022347823,677.778232488294,8.495064771143603,653.4665208572003,9.251049907633002,711.619223664077,0.0,0.0,0.0,0.0,1.3,0.0,0.0,0.2,0.0,0.0,244.71697002570946,2039.3080835475787,0.8722140991258637,7.268450826048864,0.0,0.0,0.7276329783592604,6.063608152993837,12.0,0.5109309225533171,127.73273063832927,0.0,0.0,0.4,578.1499999999983,88517.18594503557,0.0,0.0,0.0,0.0,0.0,0.0,0.6531499999999982,0.0,0.0,-0.775557026910235,-22.158772197435287,0.675816071677624,19.309030619360687,9.501744940846242,271.4784268813212,9.775515472879354e-17,2.7930044208226725e-15,0.0,0.0,3.5,68.63787354450547,0.3339427542253379,0.04553764830345517,11918.790679844107,0.06810006571275978,0.3794804025287931,0.0,0.12664059877928846,0.16212270845389787,8.749770074177002,0.0,0.9510119624443438,0.011844662134454316,0.03918533814714479,266.9540421320794,0.0037310685723531095,0.6033918168606922,0.02452834374363098,8.749770074177002,0.0,19.00025998289398,0.0,0.40130409034871284,0.0,0.016665452257006347,0.7665367551863196,378.2970536646645,0.0,0.8722140991258637,0.39109018121751,19.00025998289398,0.0,8.011329017094729,168.0
68.55658586088714,380.86992144937295,17.720517153994834,98.44731752219353,10.507658983638631,58.37588324243684,11918.411414231732,66213.39674573185,18.0,8.811117022347823,440.5558511173911,7.789871098005741,389.49355490028705,9.251049907633002,462.5524953816501,0.0,0.0,0.0,0.0,2.0,0.575,164.01625900306638,0.0,0.0,0.0,0.0,0.0,0.0,0.35057499999999997,0.575,2300.0,0.025,0.0,0.0,0.0,0.0,0.0,0.0,0.3,0.16252405653815327,10.834937102543552,6.766511574950966,451.1007716633977,1.4668992094908722,97.79328063272482,0.6107891179855038,40.719274532366924,11.915157955148377,794.3438636765585,1.5,0.0,0.0,0.675816071677624,51.985851667509536,9.501744940846242,730.9034569881725,9.775515472879354e-17,7.519627286830272e-15,0.0,0.0,1.3,0.0,0.0,0.2,0.0,0.0,244.01526905106653,2033.4605754255542,0.870004090827786,7.25003409023155,0.0,0.0,0.7104217844322429,5.920181536935358,12.0,0.5119408625055855,127.98521562639637,0.0,0.0,0.4,577.5749999999982,88507.06815308583,0.0,0.0,0.0,0.0,0.0,0.0,0.6525749999999982,0.0,0.0,-0.31153700321840605,-8.901057234811601,0.6799891748187865,19.428262137679614,9.578269455288519,273.664841579672,-5.116520974493541e-17,-1.461863135569583e-15,0.0,0.0,3.5,68.55658586088714,0.38273234007350826,0.05219077364638749,11918.411414231732,0.05565750134430015,0.4349231137198957,0.0,0.10131247902343077,0.16700196749885043,9.484370287892625,0.0,0.976255341404452,0.013064383116484739,0.04018030283994334,266.7941603199827,0.004115280681692693,0.6107891179855038,0.020461684241296314,9.484370287892625,0.0,20.513834104212755,0.0,0.40741715438140025,0.0,0.016919317042416955,0.7570935972854805,378.60489712233965,0.0,0.870004090827786,0.38627224351300027,20.513834104212755,0.0,8.011329017094729,169.0
68.44513316204872,380.2507397891595,17.84997058118698,99.16650322881655,10.546741435439538,58.5930079746641,11918.16584155404,66212.032453078,18.0,0.0,0.0,-1.3838959537224822,-69.1947976861241,9.501744940846242,475.0872470423121,9.775515472879354e-17,4.887757736439677e-15,0.0,0.0,2.0,0.575,164.01625900306638,0.0,0.0,0.0,0.0,0.0,0.0,0.35057499999999997,0.575,2300.0,0.025,0.0,0.0,0.0,0.0,0.0,0.0,0.3,0.16601395627517698,11.0675970850118,6.762116325528246,450.8077550352164,1.537075131711126,102.4716754474084,0.6285788401434281,41.905256009561874,11.97623915033015,798.4159433553433,1.5,0.0,0.0,0.6799891748187865,52.30685960144512,9.578269455288519,736.7899580991168,0.0,0.0,0.0,0.0,1.3,0.0,0.0,0.2,0.0,0.0,244.31578448370016,2035.9648706975013,0.8751159852160737,7.292633210133947,0.0,0.0,0.7344585779371119,6.120488149475932,12.0,0.509489194037934,127.3722985094835,0.0,0.0,0.4,576.9999999999982,88496.93251533738,0.0,0.0,0.0,0.0,0.0,0.0,0.6519999999999981,0.0,0.0,8.897637364507819,254.2182104145091,8.465480724872835,241.8708778535096,9.366245096786573,267.60700276533066,-5.116520974493541e-17,-1.461863135569583e-15,0.0,0.0,3.5,68.44513316204872,0.2866046465399822,0.03908245180090666,11918.16584155404,0.08011442064863585,0.3256870983408888,0.0,0.15121514480084852,0.17038486079385454,8.024443079493413,0.0,0.9391025764811323,0.011229720365287512,0.038622224254493825,266.6580886964555,0.003537361915065566,0.6285788401434281,0.029019442523211782,8.02444307949341,0.0,17.536256117308415,0.0,0.39083519464067207,0.0,0.016230697451855153,0.7700522365028578,379.1048402694831,0.0,0.8751159852160737,0.3928837941341111,17.536256117308415,0.0,8.592318700758574,170.0
69.55742837108485,386.4301576171381,17.758710327042643,98.65950181690356,10.592191983721984,58.845511020677684,11917.855532175628,66210.30851208682,18.0,0.0,0.0,-0.7039067789036957,-35.19533894518479,9.578269455288519,478.91347276442593,0.0,0.0,0.0,0.0,2.0,0.575,164.01625900306638,0.0,0.0,0.0,0.0,0.0,0.0,0.35057499999999997,0.575,2300.0,0.025,0.0,0.0,0.0,0.0,0.0,0.0,0.3,0.17020018538601092,11.346679025734062,6.775657518196062,451.71050121307076,1.5824953754881645,105.49969169921097,0.6411717857677738,42.74478571785159,12.037165792656216,802.4777195104144,1.5,8.897637364507819,684.4336434236783,8.465480724872835,651.1908249902182,9.366245096786573,720.4803920605057,0.0,0.0,0.0,0.0,1.3,0.0,0.0,0.2,0.0,0.0,243.49084856664777,2029.0904047220647,0.8785157713831118,7.320964761525931,0.0,0.0,0.7347677089366657,6.12306424113888,12.0,0.5109159798851242,127.72899497128104,0.0,0.0,0.4,576.4249999999981,88486.77898453388,0.0,0.0,0.0,0.0,0.0,0.0,0.6514249999999981,0.0,0.0,-0.778991188298205,-22.25689109423443,0.675776205527141,19.307891586489742,9.632466402304741,275.21332578013545,4.6589944983858125e-17,1.3311412852530892e-15,0.0,0.0,3.5,69.55742837108485,0.33330402073793175,0.045450548282445234,11917.855532175628,0.068445190608253,0.37875456902037696,0.0,0.1269721158406788,0.17476798252091819,8.727747306245588,0.0,0.9630892185340503,0.012505751779630297,0.03956977858085768,266.51073146218056,0.003939311810583543,0.6411717857677738,0.02509869740397595,8.727747306245586,0.0,18.97753968961612,0.0,0.40413335994315547,0.0,0.016782946841493167,0.7705242748443419,379.5111877091236,0.0,0.8785157713831118,0.39312463002262343,18.97753968961612,0.0,8.592318700758574,171.0
69.47562119303953,385.9756732946641,17.68412754735911,98.24515304088396,10.64431307118197,59.1350726176776,11917.477126864891,66208.20626036052,18.0,8.897637364507819,444.8818682253909,7.76157394596914,388.078697298457,9.366245096786573,468.31225483932866,0.0,0.0,0.0,0.0,2.0,0.5750000000000001,164.01625900306644,0.0,0.0,0.0,0.0,0.0,0.0,0.35057499999999997,0.575,2300.0,0.025,0.0,0.0,0.0,0.0,0.0,0.0,0.3,0.1750551505038159,11.67034336692106,6.807923877174583,453.8615918116389,1.6087210014350384,107.2480667623359,0.6483239206578549,43.22159471052366,12.09817084875768,806.544723250512,1.5,0.0,0.0,0.675776205527141,51.9827850405493,9.632466402304741,740.9589540234416,4.6589944983858125e-17,3.583841921835241e-15,0.0,0.0,1.3,0.0,0.0,0.2,0.0,0.0,242.78836148531317,2023.2363457109432,0.8755081608452198,7.295901340376831,0.0,0.0,0.7160441576425338,5.967034647021115,12.0,0.5119302412084226,127.98256030210564,0.0,0.0,0.4,575.8499999999981,88476.60751325189,0.0,0.0,0.0,0.0,0.0,0.0,0.650849999999998,0.0,0.0,-0.3149627022129945,-8.998934348942699,0.6799455890764895,19.42701683075684,9.717862555030864,277.6532158580247,-2.4392173821062307e-17,-6.969192520303516e-16,0.0,0.0,3.5,69.47562119303953,0.3822213080398945,0.052121087459985616,11917.477126864891,0.05593708476264788,0.43434239549988013,0.0,0.10157769267254305,0.17984508895540524,9.463929227477031,0.0,0.9887399923466766,0.013778433670563313,0.04057777864610265,266.3518947936147,0.004340206606227443,0.6483239206578549,0.020930568560644465,9.463929227477031,0.0,20.495582966458123,0.0,0.40975547318929106,0.0,0.01701642330520312,0.7602975712073774,379.81959336587,0.0,0.8755081608452198,0.3879069240853966,20.495582966458123,0.0,8.592318700758574,172.0
69.36509531141151,385.36164061895283,17.811846656836256,98.95470364909032,10.683824676144427,59.35458153413571,11917.227389523918,66206.81883068843,18.0,0.0,0.0,-1.3656268035881904,-68.28134017940951,9.632466402304741,481.62332011523705,4.6589944983858125e-17,2.3294972491929063e-15,0.0,0.0,2.0,0.575,164.01625900306638,0.0,0.0,0.0,0.0,0.0,0.0,0.35057499999999997,0.5750000000000001,2300.0000000000005,0.025,0.0,0.0,0.0,0.0,0.0,0.0,0.3,0.1787110025239767,11.91406683493178,6.804310359677197,453.62069064514645,1.6773388414856234,111.82258943237488,0.6657452232100078,44.38301488066718,12.158721010539804,810.5814007026536,1.5,0.0,0.0,0.6799455890764895,52.30350685203765,9.717862555030864,747.527888848528,0.0,0.0,0.0,0.0,1.3,0.0,0.0,0.2,0.0,0.0,243.08542093885484,2025.7118411571237,0.8793875943990705,7.328229953325588,0.0,0.0,0.7375304481289945,6.146087067741621,12.0,0.5095668713756295,127.39171784390737,0.0,0.0,0.4,575.274999999998,88466.41805390024,0.0,0.0,0.0,0.0,0.0,0.0,0.650274999999998,0.0,0.0,8.982952313647532,256.65578038992953,8.437349404397812,241.0671258399375,9.482305849964396,270.923024284697,-2.4392173821062307e-17,-6.969192520303516e-16,0.0,0.0,3.5,69.36509531141151,0.28975176972468947,0.039511604962457654,11917.227389523918,0.07952603371388087,0.3292633746871471,0.0,0.14958132203471536,0.18339136032837317,8.059865444759561,0.0,0.9526948941989795,0.01190887117793894,0.039068785284799,266.2161313033922,0.0037512944210507655,0.6657452232100078,0.02933017373009183,8.059865444759561,0.0,17.63214612710484,0.0,0.3929745508122404,0.0,0.016319541146687724,0.771782244204752,380.31274029313465,0.0,0.8793875943990705,0.3937664511248735,17.63214612710484,0.0,9.169381627606574,173.0
70.47905456949674,391.5503031638708,17.721203874748536,98.45113263749187,10.729618541269648,59.608991895942495,11916.913756067774,66205.07642259874,18.0,0.0,0.0,-0.6856812145117009,-34.28406072558504,9.717862555030864,485.8931277515432,0.0,0.0,0.0,0.0,2.0,0.575,164.01625900306638,0.0,0.0,0.0,0.0,0.0,0.0,0.35057499999999997,0.575,2300.0,0.025,0.0,0.0,0.0,0.0,0.0,0.0,0.3,0.18307549801599382,12.205033201066254,6.818510478146799,454.5673652097866,1.7210569245313074,114.73712830208716,0.6779091937063695,45.1939462470913,12.21922959975396,814.6153066502641,1.5,8.982952313647532,690.996331819041,8.437349404397812,649.0268772613701,9.482305849964396,729.4081423049536,0.0,0.0,0.0,0.0,1.3,0.0,0.0,0.2,0.0,0.0,242.26729104305642,2018.8940920254702,0.8815475428852919,7.3462295240441,0.0,0.0,0.736124300916985,6.134369174308208,12.0,0.5109675223470942,127.74188058677355,0.0,0.0,0.4,574.699999999998,88456.21055871938,0.0,0.0,0.0,0.0,0.0,0.0,0.649699999999998,0.0,0.0,-0.7781375805002817,-22.23250230000805,0.6759950451518302,19.314144147195147,9.763788749009887,278.9653928288539,2.2197771162795818e-17,6.342220332227376e-16,0.0,0.0,3.5,70.47905456949674,0.3358216775849485,0.045793865125220254,11916.913756067774,0.06798208656579051,0.3816155427101688,0.0,0.12566505762777228,0.18796094646029732,8.753293822982169,0.0,0.9767544481846617,0.013214205623315167,0.040015748815433246,266.06917415846334,0.004162474771344278,0.6779091937063695,0.02537817611967683,8.75329382298217,0.0,19.05468116493062,0.0,0.4054153774030429,0.0,0.016836186769229357,0.7712959530858132,380.71357592059803,0.0,0.8815475428852919,0.3935183434111292,19.05468116493062,0.0,9.169381627606574,174.0
70.39723826476288,391.0957681375715,17.647109198817425,98.0394955489857,10.782014275876872,59.90007931042707,11916.532695952994,66202.95942196109,18.0,8.982952313647532,449.1476156823766,7.751668189886112,387.58340949430556,9.482305849964396,474.1152924982198,0.0,0.0,0.0,0.0,2.0,0.575,164.01625900306638,0.0,0.0,0.0,0.0,0.0,0.0,0.35057499999999997,0.575,2300.0,0.025,0.0,0.0,0.0,0.0,0.0,0.0,0.3,0.18812231748768685,12.541487832512455,6.851365230474933,456.7576820316622,1.7457988272236775,116.3865884815785,0.684555547368653,45.637036491243535,12.279929585587558,818.6619723725039,1.5,0.0,0.0,0.6759950451518302,51.999618857833084,9.763788749009887,751.0606730007605,2.2197771162795818e-17,1.7075208586766015e-15,0.0,0.0,1.3,0.0,0.0,0.2,0.0,0.0,241.57032245290569,2013.0860204408807,0.8774603220543635,7.312169350453029,0.0,0.0,0.7162791397193295,5.968992830994413,12.0,0.5119729864127335,127.99324660318337,0.0,0.0,0.4,574.124999999998,88445.98497978043,0.0,0.0,0.0,0.0,0.0,0.0,0.649124999999998,0.0,0.0,-0.31208588864678943,-8.916739675622555,0.6801100613680546,19.431716039087274,9.85739333305569,281.63980951587683,-1.1608648790288447e-17,-3.316756797225271e-16,0.0,0.0,3.5,70.39723826476288,0.38423538711963773,0.05239573460722332,11916.532695952994,0.05557100694833306,0.436631121726861,0.0,0.10053204610221782,0.19323885830964413,9.481487688880371,0.0,1.0025509280530949,0.014519086133786172,0.041025962671852344,265.9107877447119,0.004573512132142644,0.684555547368653,0.021165439796069656,9.481487688880371,0.0,20.557660102958096,0.0,0.4104171309088377,0.0,0.017043900785250733,0.7604441319337917,381.01750324589796,0.0,0.8774603220543635,0.38798169996622023,20.557660102958092,0.0,9.169381627606574,175.0
70.28755974548058,390.4864430304477,17.77333957716537,98.74077542869651,10.82193236261337,60.12184645896317,11916.279019005517,66201.5501055862,18.0,0.0,0.0,-1.3513285953533964,-67.56642976766982,9.763788749009887,488.1894374504944,2.2197771162795818e-17,1.1098885581397909e-15,0.0,0.0,2.0,0.575,164.01625900306638,0.0,0.0,0.0,0.0,0.0,0.0,0.35057499999999997,0.575,2300.0,0.025,0.0,0.0,0.0,0.0,0.0,0.0,0.3,0.1919175843109335,12.7945056207289,6.848392074571215,456.559471638081,1.8129699244922572,120.86466163281715,0.7016280671218614,46.77520447479076,12.33999394001244,822.6662626674959,1.5,0.0,0.0,0.6801100613680546,52.31615856677343,9.85739333305569,758.2610256196684,0.0,0.0,0.0,0.0,1.3,0.0,0.0,0.2,0.0,0.0,241.86488873808923,2015.540739484077,0.8803268391916033,7.336056993263361,0.0,0.0,0.7365255136420341,6.137712613683617,12.0,0.5096340290288865,127.40850725722164,0.0,0.0,0.4,573.5499999999979,88435.74126898462,0.0,0.0,0.0,0.0,0.0,0.0,0.6485499999999979,0.0,0.0,9.073277580350709,259.2365022957345,8.427653525230824,240.79010072088067,9.597878101176002,274.22508860502865,-1.1608648790288447e-17,-3.316756797225271e-16,0.0,0.0,3.5,70.28755974548058,0.29273263606766553,0.03991808673649984,11916.279019005517,0.07897377532721349,0.33265072280416536,0.0,0.1480338061853942,0.19691577912971545,8.092533632437807,0.0,0.9664521820003664,0.01256208806004087,0.03951865245302895,265.7754059984564,0.0039570577389128735,0.7016280671218614,0.029634607813249378,8.092533632437807,0.0,17.724564530855698,0.0,0.39340709802065094,0.0,0.01633750407062504,0.7712426388414216,381.50419147556056,0.0,0.8803268391916033,0.39349114226603144,17.724564530855698,0.0,9.745069946325644,176.0
71.40333790265878,396.68521057032655,17.683275665324146,98.24042036291192,10.868051407415054,60.37806337452808,11915.96224156605,66199.7902309225,18.0,0.0,0.0,-0.6712185339853418,-33.560926699267085,9.85739333305569,492.86966665278453,0.0,0.0,0.0,0.0,2.0,0.575,164.01625900306638,0.0,0.0,0.0,0.0,0.0,0.0,0.35057499999999997,0.575,2300.0,0.025,0.0,0.0,0.0,0.0,0.0,0.0,0.3,0.19643280957782883,13.095520638521922,6.863118469223535,457.54123128156897,1.855092789758821,123.67285265058807,0.7133861140283623,47.55907426855749,12.400122771190576,826.674851412705,1.5,9.073277580350709,697.9444292577468,8.427653525230824,648.2810404023711,9.597878101176002,738.2983154750771,0.0,0.0,0.0,0.0,1.3,0.0,0.0,0.2,0.0,0.0,241.05322768829606,2008.776897402467,0.8816572008466939,7.347143340389115,0.0,0.0,0.7344006677317889,6.120005564431574,12.0,0.5110171249635324,127.75428124088309,0.0,0.0,0.4,572.9749999999979,88425.47937806239,0.0,0.0,0.0,0.0,0.0,0.0,0.6479749999999979,0.0,0.0,-0.7775718286325173,-22.216337960929064,0.6761959081744688,19.31988309069911,9.894445700242382,282.6984485783538,1.058912237250737e-17,3.0254635350021057e-16,0.0,0.0,3.5,71.40333790265878,0.33820632854567545,0.04611904480168301,11915.96224156605,0.06754793388091745,0.38432537334735845,0.0,0.12442704494831536,0.20164355512058926,8.776618066957122,0.0,0.990570584593417,0.013894244013793937,0.04046475396461362,265.62890985941027,0.00437668686434509,0.7133861140283623,0.025652290920294703,8.776618066957122,0.0,19.129015185456936,0.0,0.4053621176441413,0.0,0.016833974985221815,0.7703511481741442,381.89978576090084,0.0,0.8816572008466939,0.3930363000888491,19.129015185456936,0.0,9.745069946325644,177.0
71.32148700854547,396.2304833808082,17.609638342277492,97.83132412376385,10.920707279374875,60.67059599652709,11915.578670625337,66197.65928125186,18.0,9.073277580350709,453.6638790175354,7.756434991245482,387.8217495622741,9.597878101176002,479.8939050588001,0.0,0.0,0.0,0.0,2.0,0.575,164.01625900306638,0.0,0.0,0.0,0.0,0.0,0.0,0.35057499999999997,0.575,2300.0,0.025,0.0,0.0,0.0,0.0,0.0,0.0,0.3,0.2016431273668564,13.442875157790429,6.896443515796393,459.76290105309283,1.8784467899241502,125.22978599494334,0.7195530455775777,47.970203038505176,12.460549872386212,830.7033248257474,1.5,0.0,0.0,0.6761959081744688,52.015069859574524,9.894445700242382,761.1112077109525,1.058912237250737e-17,8.145478748082593e-16,0.0,0.0,1.3,0.0,0.0,0.2,0.0,0.0,240.36150734066064,2003.012561172172,0.8769431738866664,7.307859782388887,0.0,0.0,0.7142016277102937,5.951680230919114,12.0,0.5120133904817098,128.00334762042746,0.0,0.0,0.4,572.3999999999978,88415.19925857273,0.0,0.0,0.0,0.0,0.0,0.0,0.6473999999999978,0.0,0.0,-0.30957787348051463,-8.845082099443276,0.6802666282799978,19.43618937942851,9.995762634834843,285.5932181381384,-5.5318632346819055e-18,-1.5805323527662587e-16,0.0,0.0,3.5,71.32148700854547,0.3861430610386959,0.052655871959822166,11915.578670625337,0.05522799228499111,0.4387989329985181,0.0,0.09954163595865229,0.2070931458558235,9.497255591850823,0.0,1.0164953293896077,0.015229051825706675,0.041476779158569003,265.47102396358076,0.004797151325097603,0.7195530455775777,0.021395983374922125,9.497255591850823,0.0,20.617473171703757,0.0,0.4100286707771059,0.0,0.01702776871997948,0.7592738807913411,382.1994516577656,0.0,0.8769431738866664,0.38738463305680665,20.617473171703757,0.0,9.745069946325644,178.0
71.21193219429806,395.6218455238781,17.735197590228207,98.52887550126782,10.960786288042673,60.893257155792625,11915.323555942336,66196.24197745742,18.0,0.0,0.0,-1.34722214696865,-67.36110734843251,9.894445700242382,494.72228501211913,1.058912237250737e-17,5.294561186253685e-16,0.0,0.0,2.0,0.575,164.01625900306638,0.0,0.0,0.0,0.0,0.0,0.0,0.35057499999999997,0.575,2300.0,0.025,0.0,0.0,0.0,0.0,0.0,0.0,0.3,0.20553162975808756,13.70210865053917,6.89334519988206,459.556346658804,1.9450183501060776,129.66789000707183,0.7364877399773047,49.09918266515364,12.520151144392742,834.6767429595161,1.5,0.0,0.0,0.6802666282799978,52.32820217538445,9.995762634834843,768.9048180642187,0.0,0.0,0.0,0.0,1.3,0.0,0.0,0.2,0.0,0.0,240.65579064617967,2005.4649220514973,0.879430553384627,7.328587944871891,0.0,0.0,0.7344435042006867,6.1203625350057225,12.0,0.509657770257368,127.41444256434201,0.0,0.0,0.4,571.8249999999978,88404.90086190232,0.0,0.0,0.0,0.0,0.0,0.0,0.6468249999999978,0.0,0.0,9.167167251348124,261.9190643242321,8.432526900432084,240.92934001234525,9.711653551089045,277.4758157454013,-5.5318632346819055e-18,-1.5805323527662587e-16,0.0,0.0,3.5,71.21193219429806,0.2939127302305197,0.04007900866779814,11915.323555942336,0.0788770558973708,0.33399173889831785,0.0,0.14742112310284744,0.2108492319669448,8.097805540699088,0.0,0.9795607662154884,0.01315157800012626,0.03993974424264515,265.3364875970203,0.004142747070039772,0.7364877399773047,0.0300862723998532,8.097805540699088,0.0,17.761843754362285,0.0,0.3928888594668676,0.0,0.016315982535999484,0.7700907283316297,382.68328214238835,0.0,0.879430553384627,0.3929034328222601,17.761843754362285,0.0,10.321419747504272,179.0
72.33009310651795,401.83385059176635,17.645225511049343,98.02903061694079,11.007034064657324,61.15018924809625,11915.005636863265,66194.47576035147,18.0,0.0,0.0,-0.6669555186886522,-33.34777593443261,9.995762634834843,499.7881317417422,0.0,0.0,0.0,0.0,2.0,0.575,164.01625900306638,0.0,0.0,0.0,0.0,0.0,0.0,0.35057499999999997,0.575,2300.0,0.025,0.0,0.0,0.0,0.0,0.0,0.0,0.3,0.21015751768325736,14.010501178883825,6.907989128360065,460.5326085573377,1.98622660383877,132.41510692258467,0.7480133052829248,49.867553685528314,12.579913981233377,838.660932082225,1.5,9.167167251348124,705.1667116421634,8.432526900432084,648.6559154178526,9.711653551089045,747.0502731606957,0.0,0.0,0.0,0.0,1.3,0.0,0.0,0.2,0.0,0.0,239.84699805032193,1998.7249837526829,0.8805492677768394,7.337910564806995,0.0,0.0,0.7324100371325714,6.103416976104762,12.0,0.511037107378789,127.75927684469727,0.0,0.0,0.4,571.2499999999977,88394.58413926496,0.0,0.0,0.0,0.0,0.0,0.0,0.6462499999999977,0.0,0.0,-0.7790105503791089,-22.25744429654597,0.6762725852212821,19.322073863465203,10.023456517375902,286.38447192502576,5.057259137825465e-18,1.444931182235847e-16,0.0,0.0,3.5,72.33009310651795,0.3391503618407795,0.04624777661465175,11915.005636863265,0.06747905938414717,0.38539813845543125,0.0,0.12393689848227796,0.21569482001696527,8.778037689323115,0.0,1.0038553562085446,0.014518843226968144,0.04089020084621925,265.1908119113567,0.004573435616494965,0.7480133052829248,0.026044408532588232,8.778037689323115,0.0,19.158999077192828,0.0,0.40478701387049365,0.0,0.016810091938143423,0.7692461628059803,383.0765143740482,0.0,0.8805492677768394,0.3924725320438675,19.158999077192828,0.0,10.321419747504272,180.0
72.24799070078076,401.3777261154487,17.571656545225842,97.62031414014358,11.059792915695787,61.44329397608771,11914.621156495645,66192.33975830914,18.0,9.167167251348124,458.35836256740623,7.765571381743431,388.27856908717155,9.711653551089045,485.58267755445223,0.0,0.0,0.0,0.0,2.0,0.575,164.01625900306638,0.0,0.0,0.0,0.0,0.0,0.0,0.35057499999999997,0.575,2300.0,0.025,0.0,0.0,0.0,0.0,0.0,0.0,0.3,0.21549655403437742,14.366436935625162,6.9413036355123605,462.753575700824,2.008747810386635,133.91652069244233,0.7538439763393687,50.25626508929125,12.640075165013494,842.6716776675662,1.5,0.0,0.0,0.6762725852212821,52.020968093944774,10.023456517375902,771.0351167212232,5.057259137825465e-18,3.890199336788819e-16,0.0,0.0,1.3,0.0,0.0,0.2,0.0,0.0,239.1576468672947,1992.980390560789,0.8757353009342534,7.297794174452112,0.0,0.0,0.712365939957605,5.936382832980041,12.0,0.5120293490568972,128.0073372642243,0.0,0.0,0.4,570.6749999999977,88384.2490417005,0.0,0.0,0.0,0.0,0.0,0.0,0.6456749999999977,0.0,0.0,-0.31000990369320014,-8.85742581980572,0.6803289593499202,19.437970267140578,10.132285650641887,289.4938757326253,-2.6408521569770014e-18,-7.545291877077146e-17,0.0,0.0,3.5,72.24799070078076,0.38689824094872916,0.05275885103846306,11914.621156495645,0.055176724367625135,0.4396570919871922,0.0,0.09914951878582237,0.2212809628528478,9.495515636824312,0.0,1.0299987996010174,0.015890635956557764,0.04190810737361464,265.0337053918552,0.005005550326315696,0.7538439763393687,0.021721307013001845,9.495515636824312,0.0,20.641603206013894,0.0,0.4094256668367646,0.0,0.017002727028104844,0.7582316368633654,383.37422116339803,0.0,0.8757353009342534,0.3868528759506966,20.641603206013894,0.0,10.321419747504272,181.0
72.1379814728389,400.7665637379939,17.697137942796665,98.31743301553702,11.099832379201958,61.66573544001088,11914.36664866903,66190.92582593906,18.0,0.0,0.0,-1.3500814215685928,-67.50407107842963,10.023456517375902,501.1728258687951,5.057259137825465e-18,2.528629568912732e-16,0.0,0.0,2.0,0.5749999999999998,164.01625900306635,0.0,0.0,0.0,0.0,0.0,0.0,0.35057499999999997,0.575,2300.0,0.025,0.0,0.0,0.0,0.0,0.0,0.0,0.3,0.21944303011667898,14.629535341111932,6.937493183542818,462.4995455695212,2.0754102129788325,138.3606808652555,0.7708184936046557,51.387899573643715,12.699211484655585,846.614098977039,1.5,0.0,0.0,0.6803289593499202,52.33299687307078,10.132285650641887,779.4065885109144,0.0,0.0,0.0,0.0,1.3,0.0,0.0,0.2,0.0,0.0,239.45311914575555,1995.4426595479629,0.8783120683739587,7.319267236449656,0.0,0.0,0.7331189714898544,6.109324762415453,12.0,0.509648796085402,127.4121990213505,0.0,0.0,0.4,570.0999999999976,88373.89552007438,0.0,0.0,0.0,0.0,0.0,0.0,0.6450999999999976,0.0,0.0,9.260789307975358,264.59398022786735,8.44166299710659,241.19037134590258,9.82307755993334,280.65935885523834,-2.6408521569770014e-18,-7.545291877077146e-17,0.0,0.0,3.5,72.1379814728389,0.2936227323785842,0.040039463506170575,11914.36664866903,0.07915436927009988,0.3336621958847548,0.0,0.14757160827535581,0.2250788801308793,8.080806000746893,0.0,0.992045750992432,0.013689037280716966,0.04033439337553966,264.9003617433315,0.004312046743425844,0.7708184936046557,0.03066355454600404,8.080806000746893,0.0,17.753438601322905,0.0,0.3922649021557463,0.0,0.01629007068753099,0.7693498825961954,383.85812943194696,0.0,0.8783120683739587,0.39252545030418134,17.753438601322905,0.0,10.8990373930092,182.0
73.25888713483646,406.99381741575814,17.60685788345186,97.8158771302881,11.14604851399039,61.92249174439106,11914.049224256969,66189.16235698316,18.0,0.0,0.0,-0.6697524622186726,-33.487623110933626,10.132285650641887,506.6142825320943,0.0,0.0,0.0,0.0,2.0,0.575,164.01625900306638,0.0,0.0,0.0,0.0,0.0,0.0,0.35057499999999997,0.5749999999999998,2299.9999999999995,0.025,0.0,0.0,0.0,0.0,0.0,0.0,0.3,0.22414997247838894,14.943331498559264,6.951596211232968,463.4397474155312,2.1162562795857744,141.08375197238496,0.7822561553392833,52.15041035595222,12.758601648894071,850.5734432596048,1.5,9.260789307975358,712.3684083057967,8.44166299710659,649.3586920851224,9.82307755993334,755.6213507641031,0.0,0.0,0.0,0.0,1.3,0.0,0.0,0.2,0.0,0.0,238.64425970681268,1988.702164223439,0.8795893206402777,7.3299110053356475,0.0,0.0,0.7314577019711844,6.09548084975987,12.0,0.5110325745243071,127.75814363107676,0.0,0.0,0.4,569.5249999999976,88363.52352507655,0.0,0.0,0.0,0.0,0.0,0.0,0.6445249999999976,0.0,0.0,-0.7819873402157089,-22.34249543473454,0.6762506091304115,19.321445975154614,10.150515212815051,290.01472036614433,2.4164069808484634e-18,6.904019945281325e-17,0.0,0.0,3.5,73.25888713483646,0.3389183217818417,0.04621613478843296,11914.049224256969,0.0677100445086041,0.3851344565702747,0.0,0.12405728662028465,0.23001259216696107,8.761662743947683,0.0,1.0166186574437766,0.015099374357545844,0.041293658889812054,264.7557713397438,0.004756302922626941,0.7822561553392833,0.026537036092173397,8.761662743947683,0.0,19.152243983566777,0.0,0.4043188192161443,0.0,0.016790648638544202,0.7687122998016449,384.25134649121645,0.0,0.8795893206402777,0.3922001529600229,19.152243983566773,0.0,10.8990373930092,183.0
73.17636534163579,406.5353630090877,17.533037936404114,97.4057663133562,11.198782045238955,62.215455806883085,11913.665143123517,66187.02857290843,18.0,9.260789307975358,463.0394653987679,7.771910534887917,388.5955267443959,9.82307755993334,491.15387799666706,0.0,0.0,0.0,0.0,2.0,0.5750000000000001,164.01625900306644,0.0,0.0,0.0,0.0,0.0,0.0,0.35057499999999997,0.575,2300.0,0.025,0.0,0.0,0.0,0.0,0.0,0.0,0.3,0.22959298412886445,15.306198941924297,6.984542904518082,465.63619363453876,2.1383966046388467,142.5597736425898,0.787868484375939,52.5245656250626,12.818486766389363,854.5657844259574,1.5,0.0,0.0,0.6762506091304115,52.019277625416265,10.150515212815051,780.8088625242347,2.4164069808484634e-18,1.8587746006526642e-16,0.0,0.0,1.3,0.0,0.0,0.2,0.0,0.0,237.95493078924775,1982.9577565770646,0.8749456744086821,7.291213953405684,0.0,0.0,0.711686250442824,5.9307187536902,12.0,0.5120253852546964,128.0063463136741,0.0,0.0,0.4,568.9499999999975,88353.13300722103,0.0,0.0,0.0,0.0,0.0,0.0,0.6439499999999975,0.0,0.0,-0.31275298452555733,-8.935799557873066,0.6803140249603145,19.437543570294697,10.266843600205725,293.33838857730643,-1.2619548468916042e-18,-3.605585276833155e-17,0.0,0.0,3.5,73.17636534163579,0.3867125624894761,0.05273353124856492,11913.665143123517,0.05536496028580957,0.439446093738041,0.0,0.09924582929622772,0.23571042197217068,9.479564718240765,0.0,1.0430604028724044,0.016514927848259642,0.04232094546916481,264.59964595474656,0.005202202272201787,0.787868484375939,0.022127256884915444,9.479564718240765,0.0,20.636176606555075,0.0,0.4090736356712643,0.0,0.016988107793657156,0.7578422086017592,384.5489704655901,0.0,0.8749456744086821,0.38665418806212204,20.636176606555072,0.0,10.8990373930092,184.0
73.06571445778694,405.9206358765941,17.658600631704115,98.10333684280063,11.238715168680173,62.43730649266763,11913.411923038704,66185.62179465947,18.0,0.0,0.0,-1.3545050160702417,-67.72525080351208,10.150515212815051,507.52576064075254,2.4164069808484634e-18,1.208203490424232e-16,0.0,0.0,2.0,0.5749999999999998,164.01625900306635,0.0,0.0,0.0,0.0,0.0,0.0,0.35057499999999997,0.5750000000000001,2300.0000000000005,0.025,0.0,0.0,0.0,0.0,0.0,0.0,0.3,0.2335816762865284,15.572111752435227,6.979857563209959,465.3238375473305,2.2053846697390416,147.02564464926945,0.804945415149767,53.66302767665114,12.877148497405184,858.4765664936789,1.5,0.0,0.0,0.6803140249603145,52.33184807387034,10.266843600205725,789.757200015825,0.0,0.0,0.0,0.0,1.3,0.0,0.0,0.2,0.0,0.0,238.25190145678542,1985.4325121398786,0.8777518127174484,7.3145984393120695,0.0,0.0,0.7328725197853742,6.107270998211451,12.0,0.5096303501977568,127.4075875494392,0.0,0.0,0.4,568.3749999999975,88342.72391684473,0.0,0.0,0.0,0.0,0.0,0.0,0.6433749999999975,0.0,0.0,9.351530112534236,267.1865746438353,8.447954471224083,241.3701277492595,9.932242714525765,283.77836327216477,-1.2619548468916042e-18,-3.605585276833155e-17,0.0,0.0,3.5,73.06571445778694,0.292842905235593,0.03993312344121722,11913.411923038704,0.0795559438645891,0.3327760286768102,0.0,0.14797637887528214,0.23953489319720897,8.056439844529576,0.0,1.0042687892119597,0.014202727240492161,0.0407181149928708,264.46757406730273,0.004473859080755031,0.804945415149767,0.03127965801432015,8.056439844529576,0.0,17.729472723104138,0.0,0.391944544378933,0.0,0.016276766793145058,0.7692072625720978,385.03393130372905,0.0,0.8777518127174484,0.3924526849857642,17.729472723104138,0.0,11.477534714065385,185.0
74.1893752483916,412.1631958243978,17.56787989196952,97.59933273316399,11.284846225746675,62.69359014303708,11913.09553811795,66183.86410065528,18.0,0.0,0.0,-0.6741909911099272,-33.70954955549636,10.266843600205725,513.3421800102863,0.0,0.0,0.0,0.0,2.0,0.575,164.01625900306638,0.0,0.0,0.0,0.0,0.0,0.0,0.35057499999999997,0.5749999999999998,2299.9999999999995,0.025,0.0,0.0,0.0,0.0,0.0,0.0,0.3,0.2383558911968316,15.89039274645544,6.993297206042025,466.219813736135,2.2460606540782435,149.73737693854957,0.816346936194644,54.42312907964294,12.936155228830138,862.4103485886759,1.5,9.351530112534236,719.3484701949412,8.447954471224083,649.8426516326217,9.932242714525765,764.0186703481359,0.0,0.0,0.0,0.0,1.3,0.0,0.0,0.2,0.0,0.0,237.44200037079,1978.68333642325,0.8792477661984528,7.3270647183204405,0.0,0.0,0.7314846345518101,6.095705287931751,12.0,0.5110197031205396,127.7549257801349,0.0,0.0,0.4,567.7999999999975,88332.29620410698,0.0,0.0,0.0,0.0,0.0,0.0,0.6427999999999974,0.0,0.0,-0.7853663721169823,-22.439039203342354,0.6761971910629327,19.31991974465522,10.275788085031577,293.5939452866165,1.1544521339568592e-18,3.2984346684481687e-17,0.0,0.0,3.5,74.1893752483916,0.33829441848768277,0.04613105706650219,11913.09553811795,0.06804055480094791,0.38442547555418494,0.0,0.12438110310022571,0.2445428611126752,8.73941484584955,0.0,1.0291520611436782,0.01565883546592401,0.04168761500140008,264.3241236326554,0.0049325331717660625,0.816346936194644,0.02706035651080113,8.73941484584955,0.0,19.132979065395773,0.0,0.4041547485906854,0.0,0.016783835074364012,0.7687233580156523,385.4279122420237,0.0,0.8792477661984528,0.39220579490594504,19.132979065395773,0.0,11.477534714065385,186.0
74.10638416256973,411.70213423649847,17.493703004990262,97.18723891661259,11.337511688519987,62.98617604733327,11912.71229192674,66181.73495514855,18.0,9.351530112534236,467.57650562671176,7.773763480114156,388.68817400570776,9.932242714525765,496.61213572628833,0.0,0.0,0.0,0.0,2.0,0.575,164.01625900306638,0.0,0.0,0.0,0.0,0.0,0.0,0.35057499999999997,0.575,2300.0,0.025,0.0,0.0,0.0,0.0,0.0,0.0,0.3,0.2438907945914825,16.259386306098833,7.025782721401896,468.3855147601264,2.2679826144801356,151.19884096534236,0.821784219177405,54.78561461182699,12.995752615146708,866.3835076764473,1.5,0.0,0.0,0.6761971910629327,52.015168543302515,10.275788085031577,790.4452373101212,1.1544521339568592e-18,8.880401030437377e-17,0.0,0.0,1.3,0.0,0.0,0.2,0.0,0.0,236.75191455643417,1972.9326213036181,0.8747862942838127,7.28988578569844,0.0,0.0,0.7118748283940377,5.93229023661698,12.0,0.5120148035428932,128.0037008857233,0.0,0.0,0.4,567.2249999999974,88321.84981898864,0.0,0.0,0.0,0.0,0.0,0.0,0.6422249999999974,0.0,0.0,-0.31616189262415345,-9.03319693211867,0.6802731758126801,19.43637645179086,10.399637822106156,297.132509203033,-6.03073558373131e-19,-1.7230673096375172e-17,0.0,0.0,3.5,74.10638416256973,0.3862133936709512,0.05266546277331152,11912.71229192674,0.05563266523444077,0.4388788564442627,0.0,0.09950488248018056,0.2503401705995289,9.45893778712204,0.0,1.0559157384725442,0.017120399146710433,0.042725360200154584,264.1690162837475,0.005392925731213786,0.821784219177405,0.022557682129471436,9.45893778712204,0.0,20.620687604510447,0.0,0.40901944667872125,0.0,0.016985857420212677,0.7579467453750002,385.72607604167246,0.0,0.8747862942838127,0.3867075231505103,20.620687604510447,0.0,11.477534714065385,187.0
73.99518405563916,411.084355864662,17.61922770732262,97.88459837401454,11.37736772697745,63.20759848320806,11912.460059037245,66180.33366131803,18.0,0.0,0.0,-1.3572236694455286,-67.86118347227644,10.275788085031577,513.7894042515788,1.1544521339568592e-18,5.772260669784296e-17,0.0,0.0,2.0,0.575,164.01625900306638,0.0,0.0,0.0,0.0,0.0,0.0,0.35057499999999997,0.575,2300.0,0.025,0.0,0.0,0.0,0.0,0.0,0.0,0.3,0.24791894372619314,16.52792958174621,7.020350459335828,468.02336395572183,2.335202510980131,155.68016739867537,0.8389396025084637,55.92930683389758,13.053935261530228,870.2623507686818,1.5,0.0,0.0,0.6802731758126801,52.32870583174462,10.399637822106156,799.9721401620119,0.0,0.0,0.0,0.0,1.3,0.0,0.0,0.2,0.0,0.0,237.05000462905852,1975.4167052421544,0.8777453654771185,7.31454471230932,0.0,0.0,0.7332093884324126,6.110078236936771,12.0,0.5096179162586101,127.40447906465252,0.0,0.0,0.4,566.6499999999974,88311.38471129116,0.0,0.0,0.0,0.0,0.0,0.0,0.6416499999999973,0.0,0.0,9.438845942195385,269.68131263415387,8.449765147724008,241.42186136354312,10.039483944358876,286.84239841025357,-6.03073558373131e-19,-1.7230673096375172e-17,0.0,0.0,3.5,73.99518405563916,0.2922776153547362,0.03985603845746402,11912.460059037245,0.07990076431655423,0.33213365381220017,0.0,0.14826977715778966,0.2541897135721892,8.035385182337844,0.0,1.0165215029284658,0.01471274140100963,0.041103035179703595,264.0381134320011,0.004634513541318034,0.8389396025084637,0.031868124732068376,8.035385182337844,0.0,17.71189002083298,0.0,0.3919233496996435,0.0,0.0162758866154337,0.7693917312752669,386.21165735541047,0.0,0.8777453654771185,0.39254680167105455,17.711890020832975,0.0,12.056289165778644,188.0
75.12139971855505,417.3411095475281,17.52812713513676,97.37848408409312,11.423437110396556,63.46353950220308,11912.144472937893,66178.58040521052,18.0,0.0,0.0,-0.6769504936328485,-33.847524681642426,10.399637822106156,519.9818911053078,0.0,0.0,0.0,0.0,2.0,0.575,164.01625900306638,0.0,0.0,0.0,0.0,0.0,0.0,0.35057499999999997,0.575,2300.0,0.025,0.0,0.0,0.0,0.0,0.0,0.0,0.3,0.2527566224364925,16.850441495766166,7.033230561642818,468.88203744285454,2.3756421785597563,158.37614523731708,0.8502877358745076,56.685849058300505,13.112554126536166,874.1702751024111,1.5,9.438845942195385,726.065072476568,8.449765147724008,649.9819344403084,10.039483944358876,772.2679957199135,0.0,0.0,0.0,0.0,1.3,0.0,0.0,0.2,0.0,0.0,236.23949393199632,1968.6624494333025,0.8793563323300655,7.327969436083879,0.0,0.0,0.7318924254496442,6.099103545413701,12.0,0.5110102620295172,127.75256550737929,0.0,0.0,0.4,566.0749999999973,88300.900830636,0.0,0.0,0.0,0.0,0.0,0.0,0.6410749999999973,0.0,0.0,-0.7883735178424551,-22.524957652641575,0.6761594075121771,19.318840214633628,10.39956476105339,297.1304217443826,5.513785755837282e-19,1.575367358810652e-17,0.0,0.0,3.5,75.12139971855505,0.33784214507344057,0.046069383419105533,11912.144472937893,0.068325429139395,0.3839115284925461,0.0,0.12461582172623173,0.2592679338485631,8.719832351754752,0.0,1.0416929964582964,0.016212843031957098,0.04208190086275218,263.8957170020595,0.005107045555066486,0.8502877358745076,0.027560976398000998,8.719832351754752,0.0,19.11885071467762,0.0,0.4041999817484758,0.0,0.016785713527760624,0.7689484781243705,386.6060564171163,0.0,0.8793563323300655,0.3923206521042707,19.11885071467762,0.0,12.056289165778644,189.0
75.03797313359784,416.87762851998804,17.45364197090492,96.96467761613843,11.476053227964348,63.7558512664686,11911.76186916467,66176.45482869261,18.0,9.438845942195385,471.94229710976924,7.77281465409116,388.640732704558,10.039483944358876,501.97419721794375,0.0,0.0,0.0,0.0,2.0,0.575,164.01625900306638,0.0,0.0,0.0,0.0,0.0,0.0,0.35057499999999997,0.575,2300.0,0.025,0.0,0.0,0.0,0.0,0.0,0.0,0.3,0.2583787090277183,17.225247268514554,7.065336951443862,471.0224634295908,2.3973005825153124,159.82003883435416,0.8555386079725724,57.03590719817149,13.171859061571164,878.1239374380776,1.5,0.0,0.0,0.6761594075121771,52.01226211632131,10.39956476105339,799.96652008103,5.513785755837282e-19,4.241373658336371e-17,0.0,0.0,1.3,0.0,0.0,0.2,0.0,0.0,235.54899691390074,1962.9083076158395,0.8749741058429672,7.291450882024727,0.0,0.0,0.7123009837975334,5.935841531646111,12.0,0.5120071467919552,128.00178669798882,0.0,0.0,0.4,565.4999999999973,88290.39812646365,0.0,0.0,0.0,0.0,0.0,0.0,0.6404999999999973,0.0,0.0,-0.3190954040547777,-9.11701154442222,0.6802434550323707,19.43552728663916,10.530907208880029,300.88306311085796,-2.880923032798575e-19,-8.231208665138787e-18,0.0,0.0,3.5,75.03797313359784,0.385851528830475,0.052616117567792046,11911.76186916467,0.05586387317388007,0.4384676463982671,0.0,0.09969265738098539,0.26515979342936197,9.440461750208986,0.0,1.0687585283614538,0.017718815704099226,0.04312933724394882,263.7415556423116,0.005581426946791255,0.8555386079725724,0.022969687802164112,9.440461750208986,0.0,20.609332399885968,0.0,0.40910815725491056,0.0,0.016989541414240472,0.7581878225487073,386.90448341330307,0.0,0.8749741058429672,0.38683052170852417,20.609332399885968,0.0,12.056289165778644,190.0
74.92639099083243,416.25772772684684,17.578955916729306,97.66086620405169,11.515886972561354,63.97714984756308,11911.51006124745,66175.05589581917,18.0,0.0,0.0,-1.3577471305911928,-67.88735652955964,10.39956476105339,519.9782380526696,5.513785755837282e-19,2.756892877918641e-17,0.0,0.0,2.0,0.575,164.01625900306638,0.0,0.0,0.0,0.0,0.0,0.0,0.35057499999999997,0.575,2300.0,0.025,0.0,0.0,0.0,0.0,0.0,0.0,0.3,0.2624467800081935,17.496452000546235,7.0593529514974565,470.6235300998304,2.464570693666195,164.30471291107966,0.8727237523836766,58.1815834922451,13.229565574407962,881.9710382938641,1.5,0.0,0.0,0.6802434550323707,52.32641961787466,10.530907208880029,810.0697852984638,0.0,0.0,0.0,0.0,1.3,0.0,0.0,0.2,0.0,0.0,235.84773575017758,1965.3977979181466,0.8779624636038597,7.316353863365497,0.0,0.0,0.7335725019586102,6.113104182988419,12.0,0.5096148807195559,127.40372017988896,0.0,0.0,0.4,564.9249999999972,88279.87654803292,0.0,0.0,0.0,0.0,0.0,0.0,0.6399249999999972,0.0,0.0,9.523446807950737,272.0984802271639,8.448799505347882,241.3942715813681,10.145069937046411,289.8591410584689,-2.880923032798575e-19,-8.231208665138787e-18,0.0,0.0,3.5,74.92639099083243,0.2921141270447112,0.03983374459700607,11911.51006124745,0.08013995442268242,0.33194787164171724,0.0,0.14835458828920212,0.2690356868656364,8.020474489007626,0.0,1.0288878623163096,0.01522425405416871,0.04149260406149275,263.61167893001357,0.004795640027063144,0.8727237523836766,0.03240939846527293,8.020474489007626,0.0,17.706698808215705,0.0,0.3920258944321664,0.0,0.016280145117614886,0.7695933566131892,387.3898801582066,0.0,0.8779624636038597,0.39264967174142307,17.706698808215705,0.0,12.634911950211464,191.0
76.05493433173181,422.52741295406565,17.48758859926372,97.15326999590955,11.561938515229718,64.23299175127622,11911.19482387998,66173.304577111,18.0,0.0,0.0,-0.6775036755588221,-33.8751837779411,10.530907208880029,526.5453604440015,0.0,0.0,0.0,0.0,2.0,0.575,164.01625900306638,0.0,0.0,0.0,0.0,0.0,0.0,0.35057499999999997,0.575,2300.0,0.025,0.0,0.0,0.0,0.0,0.0,0.0,0.3,0.26734634197119295,17.823089464746197,7.071827197223464,471.45514648156427,2.5046394988932263,166.97596659288175,0.8839819331109166,58.9321288740611,13.287799137863122,885.8532758575415,1.5,9.523446807950737,732.572831380826,8.448799505347882,649.9076542575294,10.145069937046411,780.3899951574163,0.0,0.0,0.0,0.0,1.3,0.0,0.0,0.2,0.0,0.0,235.0374204884176,1958.6451707368135,0.879575088871658,7.329792407263818,0.0,0.0,0.7321954419609472,6.101628683007893,12.0,0.5110074662857249,127.75186657143122,0.0,0.0,0.4,564.3499999999972,88269.33604442007,0.0,0.0,0.0,0.0,0.0,0.0,0.6393499999999972,0.0,0.0,-0.7908320279980536,-22.59520079994439,0.6761490442913685,19.31854412261053,10.522040688012133,300.6297339432038,2.632862723038707e-19,7.522464922967734e-18,0.0,0.0,3.5,76.05493433173181,0.33771131290133727,0.04605154266836417,11911.19482387998,0.06852548809919014,0.3837628555697014,0.0,0.1246836706313617,0.27418230885055955,8.705180575733584,0.0,1.0543093053255663,0.016765041203380054,0.042479303420391655,263.4702206956573,0.0052809879790647165,0.8839819331109166,0.02802322193061996,8.705180575733584,0.0,19.114688481719508,0.0,0.4042912803987896,0.0,0.016789504999949734,0.7691170111744154,387.78405349817416,0.0,0.879575088871658,0.3924066383542936,19.11468848171951,0.0,12.634911950211464,192.0
75.97112833934932,422.06182410749625,17.412885555948314,96.73825308860174,11.614540353906056,64.52522418836699,11910.81250250683,66171.18056948239,18.0,9.523446807950737,476.17234039753686,7.77129582978906,388.564791489453,10.145069937046411,507.2534968523206,0.0,0.0,0.0,0.0,2.0,0.5750000000000001,164.01625900306644,0.0,0.0,0.0,0.0,0.0,0.0,0.35057499999999997,0.575,2300.0,0.025,0.0,0.0,0.0,0.0,0.0,0.0,0.3,0.27305227459987474,18.203484973324983,7.103673614909735,473.5782409939823,2.525933883789315,168.395592252621,0.8890201389881447,59.268009265876316,13.346813419068177,889.7875612712118,1.5,0.0,0.0,0.6761490442913685,52.011464945489884,10.522040688012133,809.3877452317026,2.632862723038707e-19,2.0252790177220825e-17,0.0,0.0,1.3,0.0,0.0,0.2,0.0,0.0,234.34715612020253,1952.8929676683545,0.8751797753363336,7.293164794469447,0.0,0.0,0.7125477633783933,5.9378980281532785,12.0,0.5120049413697776,128.0012353424444,0.0,0.0,0.4,563.7749999999971,88258.77656451796,0.0,0.0,0.0,0.0,0.0,0.0,0.6387749999999971,0.0,0.0,-0.32127921865575065,-9.179406247307162,0.6802347971431753,19.435279918376434,10.66078740496482,304.59392585613773,-1.3757364651752907e-19,-3.930675614786545e-18,0.0,0.0,3.5,75.97112833934932,0.3857468169598157,0.052601838676338504,11910.81250250683,0.05602728248655468,0.4383486556361542,0.0,0.09974693650508935,0.28016509296806646,9.425948421277644,0.0,1.0816434835696747,0.01831250142410504,0.04353512636684992,263.3169111775876,0.005768437948593088,0.8890201389881447,0.0233507073013331,9.425948421277644,0.0,20.60599538619715,0.0,0.4091884234974872,0.0,0.016992874729962092,0.758328048761466,388.08222882369324,0.0,0.8751797753363336,0.3869020656946255,20.60599538619715,0.0,12.634911950211464,193.0
75.85927440110979,421.4404133394988,17.537890148994354,97.43272304996863,11.654387218672905,64.74659565929392,11910.56075498447,66169.78197213594,18.0,0.0,0.0,-1.3570723940005687,-67.85361970002843,10.522040688012133,526.1020344006067,2.632862723038707e-19,1.3164313615193536e-17,0.0,0.0,2.0,0.575,164.01625900306638,0.0,0.0,0.0,0.0,0.0,0.0,0.35057499999999997,0.5750000000000001,2300.0000000000005,0.025,0.0,0.0,0.0,0.0,0.0,0.0,0.3,0.277158154334275,18.477210288951664,7.097263684239973,473.1509122826649,2.5931396669843014,172.87597779895344,0.9062033972005303,60.41355981336869,13.40405022426317,893.6033482842114,1.5,0.0,0.0,0.6802347971431753,52.3257536263981,10.66078740496482,820.0605696126785,0.0,0.0,0.0,0.0,1.3,0.0,0.0,0.2,0.0,0.0,234.64629406986353,1955.3857839155294,0.8781247864550368,7.317706553791973,0.0,0.0,0.7336967539940649,6.114139616617208,12.0,0.5096174869623032,127.40437174057581,0.0,0.0,0.4,563.1999999999971,88248.19805703535,0.0,0.0,0.0,0.0,0.0,0.0,0.6381999999999971,0.0,0.0,9.606231869158082,274.4637676902309,8.447283876545901,241.3509679013115,10.249108595896395,292.83167416846845,-1.3757364651752907e-19,-3.930675614786545e-18,0.0,0.0,3.5,75.85927440110979,0.29221034162355414,0.03984686476684829,11910.56075498447,0.08030968403091117,0.3320572063904024,0.0,0.14830457974941796,0.28406527667587705,8.009560282720985,0.0,1.0413023247964763,0.015732860108574744,0.041884217684652184,263.18796311982925,0.004955850934201044,0.9062033972005303,0.03291611832096043,8.009560282720983,0.0,17.709621372437113,0.0,0.3921038425978085,0.0,0.016283382167683078,0.7696633085871941,388.5669204740415,0.0,0.8781247864550368,0.3926853615240786,17.709621372437113,0.0,13.213323969487682,194.0
76.98998851110987,427.72215839505486,17.446330483522082,96.92405824178935,11.700449251810104,65.00249584338947,11910.24557445743,66168.03096920795,18.0,0.0,0.0,-0.6768375968573934,-33.84187984286967,10.66078740496482,533.039370248241,0.0,0.0,0.0,0.0,2.0,0.575,164.01625900306638,0.0,0.0,0.0,0.0,0.0,0.0,0.35057499999999997,0.575,2300.0,0.025,0.0,0.0,0.0,0.0,0.0,0.0,0.3,0.2821159397624577,18.80772931749718,7.109429580589956,473.9619720393304,2.6327561237111206,175.5170749140747,0.9173489344028734,61.15659562685823,13.461903813091622,897.4602542061081,1.5,9.606231869158082,738.9409130121602,8.447283876545901,649.7910674266078,10.249108595896395,788.3929689151074,0.0,0.0,0.0,0.0,1.3,0.0,0.0,0.2,0.0,0.0,233.83669481302834,1948.639123441903,0.8796867503419494,7.330722919516245,0.0,0.0,0.7322342836116449,6.101952363430374,12.0,0.511009017244642,127.7522543111605,0.0,0.0,0.4,562.624999999997,88237.60047049593,0.0,0.0,0.0,0.0,0.0,0.0,0.637624999999997,0.0,0.0,-0.7929258669939507,-22.655024771255736,0.6761559712719531,19.31874203634152,10.643277460040583,304.09364171544524,1.2571262578634163e-19,3.5917893081811895e-18,0.0,0.0,3.5,76.98998851110987,0.33778824300613053,0.046062033137199615,11910.24557445743,0.06866974910420244,0.3838502761433301,0.0,0.12464366379953437,0.28927637299883535,8.693744421749841,0.0,1.0669456642641286,0.017311740949371986,0.04287765957127943,263.04736359238194,0.005453198399052175,0.9173489344028734,0.028457278151714994,8.693744421749841,0.0,19.117050780728196,0.0,0.4043293912997428,0.0,0.01679108767856075,0.7691392126869245,388.9604517890882,0.0,0.8796867503419494,0.39241796565659415,19.117050780728196,0.0,13.213323969487682,195.0
76.90584178829891,427.25467660166066,17.371469051769296,96.5081613987183,11.75305947656477,65.29477486980429,11909.863301991623,66165.9072332868,18.0,9.606231869158082,480.3115934579041,7.770446279688508,388.52231398442535,10.249108595896395,512.4554297948198,0.0,0.0,0.0,0.0,2.0,0.575,164.01625900306638,0.0,0.0,0.0,0.0,0.0,0.0,0.35057499999999997,0.575,2300.0,0.025,0.0,0.0,0.0,0.0,0.0,0.0,0.3,0.28790072543477724,19.193381695651816,7.141090322649544,476.07268817663623,2.653628223279824,176.90854821865494,0.9221594987398358,61.47729991598906,13.520631467570036,901.3754311713358,1.5,0.0,0.0,0.6761559712719531,52.01199779015024,10.643277460040583,818.7136507723525,1.2571262578634163e-19,9.670201983564741e-18,0.0,0.0,1.3,0.0,0.0,0.2,0.0,0.0,233.147079424356,1942.8923285363,0.8752436756611071,7.293697297175893,0.0,0.0,0.7125285198265109,5.937737665220924,12.0,0.5120062532243248,128.0015633060812,0.0,0.0,0.4,562.049999999997,88226.98375323752,0.0,0.0,0.0,0.0,0.0,0.0,0.637049999999997,0.0,0.0,-0.3229708293154486,-9.22773798044139,0.6802398046923622,19.43542299121035,10.789308992916204,308.26597122617727,-6.568573046594435e-20,-1.8767351561698386e-18,0.0,0.0,3.5,76.90584178829891,0.3858083148675525,0.05261022475466625,11909.863301991623,0.05614607381459118,0.4384185396222188,0.0,0.0997149310396275,0.29534480342513614,9.414028562614648,0.0,1.0945235061965253,0.01889837666096919,0.04394091879837091,262.8948408772402,0.005952988648205295,0.9221594987398358,0.02370894099793167,9.414028562614648,0.0,20.607907203036167,0.0,0.4091969345861809,0.0,0.01699322818048924,0.7583174592942105,389.25804255806605,0.0,0.8752436756611071,0.3868966629052094,20.607907203036167,0.0,13.213323969487682,196.0
76.79374422418208,426.6319123565671,17.496153441564964,97.20085245313868,11.79292691680592,65.51626064892177,11909.611536180186,66164.50853433437,18.0,0.0,0.0,-1.3562853708092453,-67.81426854046227,10.643277460040583,532.1638730020292,1.2571262578634163e-19,6.2856312893170814e-18,0.0,0.0,2.0,0.575,164.01625900306638,0.0,0.0,0.0,0.0,0.0,0.0,0.35057499999999997,0.575,2300.0,0.025,0.0,0.0,0.0,0.0,0.0,0.0,0.3,0.29203895737481406,19.469263824987603,7.134289421031197,475.6192947354131,2.720752215060795,181.383481004053,0.9393353919736129,62.622359464907525,13.577404354890492,905.1602903260329,1.5,0.0,0.0,0.6802398046923622,52.3261388224894,10.789308992916204,829.9468456089388,0.0,0.0,0.0,0.0,1.3,0.0,0.0,0.2,0.0,0.0,233.4466002500086,1945.3883354167383,0.8781364991640332,7.317804159700277,0.0,0.0,0.7335951821784259,6.1132931848202166,12.0,0.5096209930305154,127.40524825762886,0.0,0.0,0.4,561.474999999997,88216.34785341132,0.0,0.0,0.0,0.0,0.0,0.0,0.6364749999999969,0.0,0.0,9.687719832394572,276.7919952112735,8.446444104488576,241.3269744139593,10.351596986430723,295.75991389802067,-6.568573046594435e-20,-1.8767351561698386e-18,0.0,0.0,3.5,76.79374422418208,0.2923612284350911,0.039867440241148785,11909.611536180186,0.08046285723787823,0.3322286686762399,0.0,0.14822618911348492,0.29926343738580446,7.999552943398713,0.0,1.0536613831967385,0.016232445644324585,0.04227382674224394,262.7667821517577,0.005113220377962245,0.9393353919736129,0.033408338878101636,7.999552943398713,0.0,17.714323831318154,0.0,0.3921048218727485,0.0,0.01628342283524703,0.7696076002252562,389.7419180690395,0.0,0.8781364991640332,0.39265693889043685,17.714323831318154,0.0,13.791618097866492,197.0
77.92654818600819,432.92526770004554,17.40441925427399,96.69121807929994,11.839005404653458,65.77225224807476,11909.296349421926,66162.75749678847,18.0,0.0,0.0,-0.676045566116883,-33.802278305844155,10.789308992916204,539.4654496458103,0.0,0.0,0.0,0.0,2.0,0.575,164.01625900306638,0.0,0.0,0.0,0.0,0.0,0.0,0.35057499999999997,0.575,2300.0,0.025,0.0,0.0,0.0,0.0,0.0,0.0,0.3,0.29704886415047327,19.80325761003155,7.146172929742716,476.41152864951437,2.75991090680809,183.9940604538727,0.9503664715323488,63.35776476882325,13.634882352239753,908.9921568159835,1.5,9.687719832394572,745.2092178765056,8.446444104488576,649.7264695760442,10.351596986430723,796.2766912639017,0.0,0.0,0.0,0.0,1.3,0.0,0.0,0.2,0.0,0.0,232.6378280783813,1938.648567319844,0.8796520045085319,7.330433370904432,0.0,0.0,0.7320825890602299,6.100688242168583,12.0,0.511011517693767,127.75287942344174,0.0,0.0,0.4,560.8999999999969,88205.6927189809,0.0,0.0,0.0,0.0,0.0,0.0,0.6358999999999969,0.0,0.0,-0.7948950509441719,-22.711287169833483,0.6761662502911108,19.319035722603168,10.763261188113706,307.52174823182014,6.002689532039728e-20,1.7150541520113507e-18,0.0,0.0,3.5,77.92654818600819,0.33790891088194097,0.0460784878475374,11909.296349421926,0.06880064046822953,0.38398739872947835,0.0,0.12458095129078794,0.3045326894837005,8.683056404687319,0.0,1.079515056589043,0.017848188726980654,0.04327360990787906,262.6270074428644,0.005622179448998906,0.9503664715323488,0.028879268285716558,8.68305640468732,0.0,19.120843645486225,0.0,0.40429927706649954,0.0,0.016789837087479217,0.7690552085016674,390.13471845459776,0.0,0.8796520045085319,0.39237510637840173,19.120843645486225,0.0,13.791618097866492,198.0
77.84207451935455,432.45596955196976,17.329413729705628,96.27452072058684,11.891628786877206,66.06460437154003,11908.914075380155,66160.63375211197,18.0,9.687719832394572,484.3859916197286,7.770398538371692,388.51992691858464,10.351596986430723,517.5798493215361,0.0,0.0,0.0,0.0,2.0,0.5749999999999998,164.01625900306635,0.0,0.0,0.0,0.0,0.0,0.0,0.35057499999999997,0.575,2300.0,0.025,0.0,0.0,0.0,0.0,0.0,0.0,0.3,0.30290583503394025,20.193722335596018,7.177666365805705,478.51109105371364,2.780363201014201,185.3575467342801,0.9549509643576906,63.66339762384603,13.693326303817061,912.8884202544707,1.5,0.0,0.0,0.6761662502911108,52.0127884839316,10.763261188113706,827.9431683164389,6.002689532039728e-20,4.617453486184406e-18,0.0,0.0,1.3,0.0,0.0,0.2,0.0,0.0,231.94895056944125,1932.9079214120104,0.8751715187102787,7.293095989252322,0.0,0.0,0.7123500912449914,5.936250760374929,12.0,0.5120083015113241,128.00207537783103,0.0,0.0,0.4,560.3249999999969,88195.01829772159,0.0,0.0,0.0,0.0,0.0,0.0,0.6353249999999968,0.0,0.0,-0.32451658131638617,-9.27190232332532,0.6802477235022428,19.435649242921222,10.916455841979388,311.89873834226825,-3.13627881985418e-20,-8.960796628154801e-19,0.0,0.0,3.5,77.84207451935455,0.38590480297415036,0.052623382223747774,11908.914075380155,0.05625414342627164,0.43852818519789816,0.0,0.09966476103263036,0.3106798606588887,9.402732166637543,0.0,1.1073250023835453,0.019472852154879178,0.04434391400450217,262.4752423090014,0.006133948428786941,0.9549509643576906,0.02405734498022099,9.402732166637543,0.0,20.6109696311744,0.0,0.4091447068677797,0.0,0.016991059255306466,0.7582162087063884,390.4316535493724,0.0,0.8751715187102787,0.3868450044420349,20.610969631174395,0.0,13.791618097866492,199.0
77.72971455481274,431.83174752673744,17.453811697263994,96.96562054035553,11.931508211809442,66.28615673227468,11908.662376933655,66159.23542740919,18.0,0.0,0.0,-1.3559062915950832,-67.79531457975416,10.763261188113706,538.1630594056853,6.002689532039728e-20,3.0013447660198638e-18,0.0,0.0,2.0,0.575,164.01625900306638,0.0,0.0,0.0,0.0,0.0,0.0,0.35057499999999997,0.5749999999999998,2299.9999999999995,0.025,0.0,0.0,0.0,0.0,0.0,0.0,0.3,0.30706953843486634,20.47130256232442,7.170459576838821,478.03063845592146,2.8474435432930916,189.82956955287275,0.9721294883115845,64.80863255410563,13.74963901604937,916.642601069958,1.5,0.0,0.0,0.6802477235022428,52.326747961710986,10.916455841979388,839.7273724599529,0.0,0.0,0.0,0.0,1.3,0.0,0.0,0.2,0.0,0.0,232.2489469576995,1935.4078913141625,0.8780363957662527,7.316969964718772,0.0,0.0,0.7333955507370326,6.111629589475271,12.0,0.5096228804348988,127.4057201087247,0.0,0.0,0.4,559.7499999999968,88184.32453721932,0.0,0.0,0.0,0.0,0.0,0.0,0.6347499999999968,0.0,0.0,9.768012331789736,279.08606662256386,8.446403345537652,241.32580987250435,10.452505066455958,298.6430018987416,-3.13627881985418e-20,-8.960796628154801e-19,0.0,0.0,3.5,77.72971455481274,0.29244911616973723,0.039879424932236895,11908.662376933655,0.080630094603032,0.33232854110197413,0.0,0.14818050319781417,0.31460967055537864,7.98868929647425,0.0,1.0658956075913237,0.016719765030626298,0.042658815415169284,262.34806549241983,0.005266725984647284,0.9721294883115845,0.033898288984520325,7.988689296474251,0.0,17.71712187743503,0.0,0.3920479306961202,0.0,0.01628106024485549,0.7694967520999418,390.9148365173566,0.0,0.8780363957662527,0.39260038372446016,17.717121877435027,0.0,14.369905601248517,200.0
78.86456620770751,438.1364789317084,17.361888075567173,96.45493375315095,11.977596281742082,66.5422015652338,11908.347252400488,66157.48473555826,18.0,0.0,0.0,-0.6756585680928404,-33.78292840464202,10.916455841979388,545.8227920989694,0.0,0.0,0.0,0.0,2.0,0.575,164.01625900306638,0.0,0.0,0.0,0.0,0.0,0.0,0.35057499999999997,0.575,2300.0,0.025,0.0,0.0,0.0,0.0,0.0,0.0,0.3,0.31212461850712,20.808307900474666,7.1820480493529795,478.8032032901986,2.8861822151262397,192.41214767508265,0.9830564655719274,65.53709770479516,13.806743821060248,920.4495880706833,1.5,9.768012331789736,751.3855639838258,8.446403345537652,649.7233342721271,10.452505066455958,804.0388512658428,0.0,0.0,0.0,0.0,1.3,0.0,0.0,0.2,0.0,0.0,231.44087828106274,1928.6739856755228,0.8795321813277206,7.329434844397672,0.0,0.0,0.7318749526845326,6.098957939037772,12.0,0.5110129935968841,127.75324839922104,0.0,0.0,0.4,559.1749999999968,88173.61138487005,0.0,0.0,0.0,0.0,0.0,0.0,0.6341749999999967,0.0,0.0,-0.7968724733887402,-22.767784953964007,0.6761720849586075,19.319202427388785,10.881969993893403,310.9134283969544,2.866410712185548e-20,8.189744891958709e-19,0.0,0.0,3.5,78.86456620770751,0.3379791795060255,0.04608806993263984,11908.347252400488,0.06894271627261683,0.3840672494386654,0.0,0.12454440255825133,0.31992996725107625,8.67170954772132,0.0,1.0919583755311386,0.018372041166014173,0.043664960761027695,262.20910649909854,0.005787192967294464,0.9830564655719274,0.029299018426357088,8.67170954772132,0.0,19.123104536294168,0.0,0.40423131021075187,0.0,0.016787014543635875,0.7689395933047317,391.30700464754017,0.0,0.8795321813277206,0.3923161190330264,19.123104536294168,0.0,14.369905601248517,201.0
78.77976520578508,437.6653622543615,17.28672659703696,96.03736998353867,12.030227323336366,66.83459624075758,11907.9650314961,66155.36128608945,18.0,9.768012331789736,488.4006165894868,7.770744777444811,388.53723887224055,10.452505066455958,522.6252533227978,0.0,0.0,0.0,0.0,2.0,0.575,164.01625900306638,0.0,0.0,0.0,0.0,0.0,0.0,0.35057499999999997,0.575,2300.0,0.025,0.0,0.0,0.0,0.0,0.0,0.0,0.3,0.31804675254971365,21.203116836647574,7.213362797223878,480.89085314825854,2.9062515519658345,193.75010346438896,0.9874259164787357,65.82839443191571,13.864905121012228,924.3270080674819,1.5,0.0,0.0,0.6761720849586075,52.013237304508266,10.881969993893403,837.0746149148771,2.866410712185548e-20,2.2049313170658063e-18,0.0,0.0,1.3,0.0,0.0,0.2,0.0,0.0,230.75263993548012,1922.938666129001,0.8750386852504239,7.291989043753532,0.0,0.0,0.7121442900720917,5.934535750600764,12.0,0.5120094930725856,128.00237326814639,0.0,0.0,0.4,558.5999999999967,88162.87878787873,0.0,0.0,0.0,0.0,0.0,0.0,0.6335999999999967,0.0,0.0,-0.3261104997749091,-9.31744285071169,0.6802523572158512,19.435781634738607,11.042216404175356,315.49189726215303,-1.4975922753708618e-20,-4.2788350724881764e-19,0.0,0.0,3.5,78.77976520578508,0.3859609716914081,0.052631041594282925,11907.9650314961,0.05637110889765963,0.43859201328569103,0.0,0.09963552204660106,0.32614866962166034,9.39093695482667,0.0,1.119997383775299,0.02003435873505764,0.044742263819011335,262.0580890139088,0.0063108230015431555,0.9874259164787357,0.024403809641865906,9.39093695482667,0.0,20.612799451382887,0.0,0.40906922582105015,0.0,0.016987924660342615,0.7580990462714617,391.60336290155396,0.0,0.8750386852504239,0.3867852276895213,20.612799451382887,0.0,14.369905601248517,202.0
78.66711825581994,437.0395458656663,17.41087328193808,96.7270737885449,12.070108162715353,67.05615645952973,11907.713506499627,66153.96392499794,18.0,0.0,0.0,-1.3559240108224593,-67.79620054112296,10.881969993893403,544.0984996946702,2.866410712185548e-20,1.4332053560927741e-18,0.0,0.0,2.0,0.575,164.01625900306638,0.0,0.0,0.0,0.0,0.0,0.0,0.35057499999999997,0.575,2300.0,0.025,0.0,0.0,0.0,0.0,0.0,0.0,0.3,0.3222296399993575,21.481975999957168,7.205730598932438,480.38203992882916,2.9733325753664834,198.2221716910989,1.0046189963831407,66.97459975887605,13.920760128787439,928.0506752524959,1.5,0.0,0.0,0.6802523572158512,52.32710440121933,11.042216404175356,849.4012618596428,0.0,0.0,0.0,0.0,1.3,0.0,0.0,0.2,0.0,0.0,231.0531996859114,1925.4433307159284,0.8779009262415183,7.315841052012653,0.0,0.0,0.7332047453997391,6.110039544997826,12.0,0.5096229903186164,127.40574757965409,0.0,0.0,0.4,558.0249999999967,88152.1266932585,0.0,0.0,0.0,0.0,0.0,0.0,0.6330249999999966,0.0,0.0,9.847008270759211,281.3430934502632,8.446751364275721,241.33575326502063,10.551826838249173,301.4807668071192,-1.4975922753708618e-20,-4.2788350724881764e-19,0.0,0.0,3.5,78.66711825581994,0.2924594887792397,0.03988083937898723,11907.713506499627,0.08081533168506336,0.33234032815822695,0.0,0.1481750577932973,0.3300831897167287,7.9767647460232585,0.0,1.077983520177822,0.017194910238592903,0.043038496330552865,261.93179000939364,0.005416396725156764,1.0046189963831407,0.034387990142997954,7.9767647460232585,0.0,17.71752372167638,0.0,0.39197281072578216,0.0,0.016277940644758397,0.7693903100745636,392.0860056108793,0.0,0.8779009262415183,0.3925460765686549,17.71752372167638,0.0,14.948241151749862,203.0
79.80397874085273,443.35543744918186,17.318741106378294,96.2152283687683,12.116197358540774,67.31220754744875,11907.398528999418,66152.21404999676,18.0,0.0,0.0,-0.6756716536066081,-33.783582680330404,11.042216404175356,552.1108202087678,0.0,0.0,0.0,0.0,2.0,0.575,164.01625900306638,0.0,0.0,0.0,0.0,0.0,0.0,0.35057499999999997,0.575,2300.0,0.025,0.0,0.0,0.0,0.0,0.0,0.0,0.3,0.32732364775417344,21.821576516944898,7.217008350905924,481.13389006039495,3.011693294469555,200.779552964637,1.0154535630135333,67.69690420090222,13.97749302897417,931.832868598278,1.5,9.847008270759211,757.4621746737855,8.446751364275721,649.7501049442864,10.551826838249173,811.6789875576287,0.0,0.0,0.0,0.0,1.3,0.0,0.0,0.2,0.0,0.0,230.2456822101476,1918.7140184178968,0.8793987924392583,7.328323270327153,0.0,0.0,0.7316979130387306,6.0974826086560885,12.0,0.5110131832623027,127.75329581557568,0.0,0.0,0.4,557.4499999999966,88141.3550478298,0.0,0.0,0.0,0.0,0.0,0.0,0.6324499999999966,0.0,0.0,-0.7988730489797167,-22.824944256563334,0.6761726653252751,19.319219009293576,10.99940742881141,314.268783680326,1.3688184368146865e-20,3.9109098194705324e-19,0.0,0.0,3.5,79.80397874085273,0.33798743605307513,0.04608919582541933,11907.398528999418,0.06909913166983873,0.38407663187849445,0.0,0.12454004623463782,0.33544815231589,8.659542377076127,0.0,1.104256235884739,0.018883589023617805,0.044051101544680456,261.7936401208345,0.005948330542439609,1.0154535630135333,0.02971815565401039,8.659542377076127,0.0,19.123438411914144,0.0,0.4041588140075875,0.0,0.016784003903969582,0.7688406628722089,392.47766307045373,0.0,0.8793987924392583,0.39226564432255556,19.123438411914144,0.0,14.948241151749862,204.0
79.71884819832374,442.8824899906875,17.243408450442054,95.79671361356696,12.168829294555428,67.6046071919746,11907.016429024581,66150.09127235878,18.0,9.847008270759211,492.3504135379606,7.771079710669113,388.55398553345566,10.551826838249173,527.5913419124587,0.0,0.0,0.0,0.0,2.0,0.575,164.01625900306638,0.0,0.0,0.0,0.0,0.0,0.0,0.35057499999999997,0.575,2300.0,0.025,0.0,0.0,0.0,0.0,0.0,0.0,0.3,0.3333047171305103,22.220314475367353,7.248131056798007,483.2087371198671,3.0314197069267035,202.0946471284469,1.0196198424501555,67.9746561633437,14.035371764023514,935.6914509349009,1.5,0.0,0.0,0.6761726653252751,52.01328194809809,10.99940742881141,846.1082637547238,1.3688184368146865e-20,1.0529372590882203e-18,0.0,0.0,1.3,0.0,0.0,0.2,0.0,0.0,229.55796138592146,1912.9830115493455,0.8749093478859787,7.290911232383156,0.0,0.0,0.7119807595247737,5.933172996039781,12.0,0.5120096334854718,128.00240837136795,0.0,0.0,0.4,556.8749999999966,88130.56379821953,0.0,0.0,0.0,0.0,0.0,0.0,0.6318749999999965,0.0,0.0,-0.32777497567658687,-9.36499930504534,0.68025292326763,19.43579780764657,11.166603092347769,319.04580263850767,-7.151537116524634e-21,-2.0432963190070384e-19,0.0,0.0,3.5,79.71884819832374,0.3859675307741348,0.05263193601465475,11907.016429024581,0.05649949195217934,0.4385994667887896,0.0,0.09963203698771025,0.34173200046026037,9.378515750035419,0.0,1.132523140333272,0.020583361008695605,0.04513542510255673,261.64336222038156,0.006483758717739116,1.0196198424501555,0.0247496404453178,9.378515750035419,0.0,20.613079041586982,0.0,0.4089987391504002,0.0,0.016984997473023265,0.7580056851366926,392.77354161058133,0.0,0.8749093478859787,0.3867375944574962,20.613079041586982,0.0,14.948241151749862,205.0
79.60590452332791,442.25502512959946,17.36732120523465,96.48511780685917,12.208706117288163,67.82614509604535,11906.7651310272,66148.69517237334,18.0,0.0,0.0,-1.3561075795411082,-67.80537897705541,10.99940742881141,549.9703714405705,1.3688184368146865e-20,6.844092184073432e-19,0.0,0.0,2.0,0.575,164.01625900306638,0.0,0.0,0.0,0.0,0.0,0.0,0.35057499999999997,0.575,2300.0,0.025,0.0,0.0,0.0,0.0,0.0,0.0,0.3,0.3375019816193153,22.500132107954354,7.240071131993812,482.6714087995875,3.0985267631181497,206.56845087454332,1.0368341440299045,69.1222762686603,14.0907715476506,939.3847698433733,1.5,0.0,0.0,0.68025292326763,52.327147943663846,11.166603092347769,858.969468642136,0.0,0.0,0.0,0.0,1.3,0.0,0.0,0.2,0.0,0.0,229.8591217297474,1915.4926810812283,0.8777807962544135,7.31483996878678,0.0,0.0,0.7330616206093291,6.108846838411076,12.0,0.5096222610981246,127.40556527453114,0.0,0.0,0.4,556.2999999999965,88119.75289086007,0.0,0.0,0.0,0.0,0.0,0.0,0.6312999999999965,0.0,0.0,9.924607003451845,283.56020009862414,8.447084793008479,241.34527980024222,10.649588627797407,304.2739607942116,-7.151537116524634e-21,-2.0432963190070384e-19,0.0,0.0,3.5,79.60590452332791,0.29243003337339135,0.039876822732735184,11906.7651310272,0.08100885872469216,0.33230685610612654,0.0,0.1481902883898779,0.345666459968459,7.964359490478104,0.0,1.0899318578255597,0.017659632625641065,0.04341327709596031,261.5179266494303,0.0055627842770769355,1.0368341440299045,0.03487393420539014,7.964359490478104,0.0,17.716676713018625,0.0,0.3919059835887021,0.0,0.016275165431424505,0.7693102139068776,393.25572100045946,0.0,0.8777807962544135,0.3925052111769784,17.716676713018625,0.0,15.526623180473456,206.0
80.74472314687482,448.5817952604157,17.274971736464124,95.97206520257848,12.254792094135198,68.0821783007511,11906.45034332172,66146.94635178734,18.0,0.0,0.0,-0.6758546562734782,-33.79273281367391,11.166603092347769,558.3301546173884,0.0,0.0,0.0,0.0,2.0,0.575,164.01625900306638,0.0,0.0,0.0,0.0,0.0,0.0,0.35057499999999997,0.575,2300.0,0.025,0.0,0.0,0.0,0.0,0.0,0.0,0.3,0.3426299915673543,22.84199943782362,7.251036265056576,483.4024176704384,3.1365362820025733,209.10241880017156,1.047583648621843,69.83890990812287,14.147133924258519,943.1422616172346,1.5,9.924607003451845,763.4313079578343,8.447084793008479,649.7757533083445,10.649588627797407,819.1991252151851,0.0,0.0,0.0,0.0,1.3,0.0,0.0,0.2,0.0,0.0,229.05207851193296,1908.7673209327745,0.8792884180546034,7.327403483788362,0.0,0.0,0.7315695870327477,6.096413225272897,12.0,0.5110127031772023,127.75317579430056,0.0,0.0,0.4,555.7249999999965,88108.92227198853,0.0,0.0,0.0,0.0,0.0,0.0,0.6307249999999964,0.0,0.0,-0.8008547933353256,-22.88156552386645,0.6761706201812387,19.319160576606823,11.115602337285809,317.58863820816595,6.5366472516222304e-21,1.8676135004634942e-19,0.0,0.0,3.5,80.74472314687482,0.33796383021158977,0.046085976847034964,11906.45034332172,0.06926210157789446,0.38404980705862474,0.0,0.12455223071190233,0.35107103747478074,8.647020165700571,0.0,1.1164129129423592,0.01938436550780772,0.04443232993771349,261.38057126403504,0.0061060751349594315,1.047583648621843,0.03013387009974621,8.64702016570057,0.0,19.122768211615856,0.0,0.4040979456700021,0.0,0.01678147614908647,0.7687687522944812,393.6469291184527,0.0,0.8792884180546034,0.3922289552522863,19.122768211615856,0.0,15.526623180473456,207.0
80.65926517632279,448.1070287573488,17.199460971843916,95.55256095468843,12.30742144867699,68.37456360376106,11906.06839844067,66144.8244357815,18.0,9.924607003451845,496.23035017259224,7.771230136735,388.56150683675,10.649588627797407,532.4794313898703,0.0,0.0,0.0,0.0,2.0,0.575,164.01625900306638,0.0,0.0,0.0,0.0,0.0,0.0,0.35057499999999997,0.575,2300.0,0.025,0.0,0.0,0.0,0.0,0.0,0.0,0.3,0.3486649510827138,23.24433007218092,7.281964543381534,485.46430289210224,3.155947211021383,210.39648073475885,1.0515550216781313,70.10366811187541,14.20473033495117,946.982022330078,1.5,0.0,0.0,0.6761706201812387,52.01312462932606,11.115602337285809,855.0463336373699,6.5366472516222304e-21,5.028190193555562e-19,0.0,0.0,1.3,0.0,0.0,0.2,0.0,0.0,228.36481383196832,1903.0401152664026,0.874807549116647,7.290062909305392,0.0,0.0,0.7118640196043873,5.932200163369894,12.0,0.5120092348452305,128.00230871130762,0.0,0.0,0.4,555.1499999999965,88098.07188764574,0.0,0.0,0.0,0.0,0.0,0.0,0.6301499999999964,0.0,0.0,-0.32944822281015596,-9.412806366004457,0.6802513904436939,19.435754012676966,11.289646924886277,322.5613407110365,-3.415176373413717e-21,-9.757646781182048e-20,0.0,0.0,3.5,80.65926517632279,0.38594859997314107,0.05262935454179196,11906.06839844067,0.05663307346515594,0.43857795451493303,0.0,0.09964178456952186,0.3574148384532697,9.365841753632797,0.0,1.1449047092815474,0.021121209837021985,0.04552361153323861,261.23101867102093,0.006653181098661925,1.0515550216781313,0.025092582893310143,9.365841753632797,0.0,20.612551012155297,0.0,0.40894191367339083,0.0,0.016982637611021215,0.7579388755239607,393.94237688198564,0.0,0.874807549116647,0.3867035079203881,20.612551012155297,0.0,15.526623180473456,208.0
80.54603025034193,447.4779458352329,17.323141224860088,96.23967347144493,12.347294114586076,68.59607841436708,11905.817326808992,66143.42959338329,18.0,0.0,0.0,-1.3562625820211034,-67.81312910105517,11.115602337285809,555.7801168642904,6.5366472516222304e-21,3.268323625811115e-19,0.0,0.0,2.0,0.575,164.01625900306638,0.0,0.0,0.0,0.0,0.0,0.0,0.35057499999999997,0.575,2300.0,0.025,0.0,0.0,0.0,0.0,0.0,0.0,0.3,0.3528731080393889,23.524873869292595,7.27349120194869,484.899413463246,3.223086176236817,214.87241174912114,1.068791645284298,71.25277635228653,14.259678064445168,950.6452042963446,1.5,0.0,0.0,0.6802513904436939,52.327030034130296,11.289646924886277,868.434378837406,0.0,0.0,0.0,0.0,1.3,0.0,0.0,0.2,0.0,0.0,228.66657047024526,1905.5547539187105,0.8776877844154725,7.314064870128937,0.0,0.0,0.732954579970457,6.107954833087141,12.0,0.5096215724016083,127.40539310040208,0.0,0.0,0.4,554.5749999999964,88087.20168367543,0.0,0.0,0.0,0.0,0.0,0.0,0.6295749999999963,0.0,0.0,10.000793256622517,285.7369501892148,8.447233117891182,241.3495176540338,10.745834108329902,307.02383166656864,-3.415176373413717e-21,-9.757646781182048e-20,0.0,0.0,3.5,80.54603025034193,0.2923995499999638,0.039872665909085975,11905.817326808992,0.08120058423053954,0.3322722159090498,0.0,0.14820605267638132,0.36134589562480796,7.9520664473096,0.0,1.1017519723989604,0.01811563506013456,0.043783708282739434,261.10642234730784,0.0057064250439423855,1.068791645284298,0.03535225866630143,7.952066447309599,0.0,17.715783207536845,0.0,0.39185363188027666,0.0,0.01627299135715435,0.7692502492476471,394.424092467902,0.0,0.8776877844154725,0.3924746169630852,17.715783207536845,0.0,16.105026083615037,209.0
81.68674642489145,453.8152579160636,17.23057650982535,95.72542505458529,12.393376760315327,68.85209311286293,11905.502728297524,66141.68182387513,18.0,0.0,0.0,-0.6760111915774095,-33.80055957887048,11.289646924886277,564.4823462443139,0.0,0.0,0.0,0.0,2.0,0.575,164.01625900306638,0.0,0.0,0.0,0.0,0.0,0.0,0.35057499999999997,0.575,2300.0,0.025,0.0,0.0,0.0,0.0,0.0,0.0,0.3,0.3580313299824331,23.868755332162205,7.284154872597726,485.6103248398484,3.2607556711150836,217.38371140767225,1.0794589119295666,71.9639274619711,14.315671983674678,954.3781322449785,1.5,10.000793256622517,769.2917889709629,8.447233117891182,649.7871629147064,10.745834108329902,826.6026237176848,0.0,0.0,0.0,0.0,1.3,0.0,0.0,0.2,0.0,0.0,227.86000200765986,1898.833350063832,0.8792026022837202,7.326688352364334,0.0,0.0,0.7314690301421796,6.09557525118483,12.0,0.5110121983770477,127.75304959426192,0.0,0.0,0.4,553.9999999999964,88076.31160572331,0.0,0.0,0.0,0.0,0.0,0.0,0.6289999999999963,0.0,0.0,-0.8027767725350063,-22.936479215285896,0.6761685694503692,19.319101984296264,11.23059423037913,320.87412086797514,3.1214708782085138e-21,8.918488223452897e-20,0.0,0.0,3.5,81.68674642489145,0.3379394020145123,0.04608264572925168,11905.502728297524,0.0694235362760515,0.384022047743764,0.0,0.12456484214110505,0.36678617072724207,8.634617846373066,0.0,1.1284368893937826,0.019875803839790224,0.04480907314570068,260.9698393561157,0.006260878209533921,1.0794589119295666,0.030543070485058756,8.634617846373066,0.0,19.12206088450913,0.0,0.4040485870245689,0.0,0.0167794263714522,0.7687123580112627,394.8148506659956,0.0,0.8792026022837202,0.3922001826588075,19.12206088450913,0.0,16.105026083615037,210.0
81.60096752850613,453.33870849170074,17.15488932238344,95.30494067990799,12.446003443675531,69.14446357597517,11905.120937993437,66139.56076663021,18.0,10.000793256622517,500.03966283112584,7.771221926313772,388.5610963156886,10.745834108329902,537.2917054164951,0.0,0.0,0.0,0.0,2.0,0.575,164.01625900306638,0.0,0.0,0.0,0.0,0.0,0.0,0.35057499999999997,0.575,2300.0,0.025,0.0,0.0,0.0,0.0,0.0,0.0,0.3,0.3641161094353128,24.27440729568752,7.314896561777268,487.65977078515124,3.2798657595326874,218.65771730217918,1.0832399596114743,72.21599730743164,14.372986980161727,958.1991320107819,1.5,0.0,0.0,0.6761685694503692,52.012966880797634,11.23059423037913,863.8918638753178,3.1214708782085138e-21,2.40113144477578e-19,0.0,0.0,1.3,0.0,0.0,0.2,0.0,0.0,227.17319402006234,1893.109950167186,0.8747270254320785,7.289391878600654,0.0,0.0,0.7117685014551758,5.931404178793131,12.0,0.5120088231628372,128.0022057907093,0.0,0.0,0.4,553.4249999999963,88065.40159923611,0.0,0.0,0.0,0.0,0.0,0.0,0.6284249999999962,0.0,0.0,-0.3310688648415239,-9.45911042404354,0.6802497960160562,19.435708457601606,11.411384423926108,326.0395549693174,-1.6308802454690741e-21,-4.6596578441973544e-20,0.0,0.0,3.5,81.60096752850613,0.3859290113081647,0.05262668336020428,11905.120937993437,0.05676539058143391,0.43855569466836897,0.0,0.09965187371288405,0.3731857078537042,9.353295420996131,0.0,1.157148367617348,0.021649111244673037,0.045907154339062936,260.82099204987475,0.006819470042072007,1.0832399596114743,0.025430158926580744,9.353295420996131,0.0,20.611993283853415,0.0,0.4088942933735419,0.0,0.016980660023818185,0.7578841785173797,395.109867089694,0.0,0.8747270254320785,0.3866756012843774,20.611993283853415,0.0,16.105026083615037,211.0
81.4874535327218,452.7080751817878,17.278332351439282,95.9907352857738,12.485874185242164,69.3659676957898,11904.870067772745,66138.16704318191,18.0,0.0,0.0,-1.3563202524058218,-67.81601262029109,11.23059423037913,561.5297115189566,3.1214708782085138e-21,1.5607354391042568e-19,0.0,0.0,2.0,0.575,164.01625900306638,0.0,0.0,0.0,0.0,0.0,0.0,0.35057499999999997,0.575,2300.0,0.025,0.0,0.0,0.0,0.0,0.0,0.0,0.3,0.36833242546789446,24.55549503119296,7.306030796809235,487.06871978728236,3.347033548337178,223.13556988914522,1.1004973722297389,73.36649148198259,14.427486463241072,961.8324308827381,1.5,0.0,0.0,0.6802497960160562,52.326907385850475,11.411384423926108,877.7988018404699,0.0,0.0,0.0,0.0,1.3,0.0,0.0,0.2,0.0,0.0,227.4755285207231,1895.6294043393589,0.8776107006024232,7.313422505020194,0.0,0.0,0.732857228090763,6.107143567423025,12.0,0.5096212826906688,127.40532067266719,0.0,0.0,0.4,552.8499999999963,88054.4716094608,0.0,0.0,0.0,0.0,0.0,0.0,0.6278499999999962,0.0,0.0,10.075623825720633,287.8749664491609,8.447223711130952,241.3492488894558,10.840607616458428,309.73164618452654,-1.6308802454690741e-21,-4.6596578441973544e-20,0.0,0.0,3.5,81.4874535327218,0.29238543815530116,0.03987074156663197,11904.870067772745,0.08138595902935124,0.3322561797219331,0.0,0.14821331801534515,0.377110780639906,7.940152792399302,0.0,1.1134476671403426,0.01856381600656168,0.044150010230272534,260.6972072554453,0.005847602042066929,1.1004973722297389,0.03582122862482638,7.940152792399302,0.0,17.715391067871867,0.0,0.3918098512074223,0.0,0.016271173222899595,0.7691957937412012,395.59108370661403,0.0,0.8776107006024232,0.3924468335414292,17.715391067871867,0.0,16.683427847407774,212.0
82.6300048527709,459.0555825153939,17.18555929734472,95.47532942969289,12.531955285840425,69.62197381022459,11904.555638391663,66136.42021328701,18.0,0.0,0.0,-0.6760704563897656,-33.80352281948828,11.411384423926108,570.5692211963054,0.0,0.0,0.0,0.0,2.0,0.575,164.01625900306638,0.0,0.0,0.0,0.0,0.0,0.0,0.35057499999999997,0.575,2300.0,0.025,0.0,0.0,0.0,0.0,0.0,0.0,0.3,0.37351773037577474,24.90118202505165,7.3164092966824725,487.76061977883154,3.384366936137623,225.62446240917487,1.1110830720102438,74.07220480068291,14.483114597720792,965.5409731813862,1.5,10.075623825720633,775.0479865938948,8.447223711130952,649.7864393177656,10.840607616458428,833.8928935737252,0.0,0.0,0.0,0.0,1.3,0.0,0.0,0.2,0.0,0.0,226.66947000398733,1888.9122500332278,0.8791272836841573,7.326060697367978,0.0,0.0,0.7313705842415787,6.094754868679823,12.0,0.5110119624203664,127.7529906050916,0.0,0.0,0.4,552.2749999999962,88043.52158144349,0.0,0.0,0.0,0.0,0.0,0.0,0.6272749999999961,0.0,0.0,-0.804623248995167,-22.9892356855762,0.6761676520141426,19.319075771832647,11.344420554601456,324.1263015600416,1.4905906327394397e-21,4.258830379255542e-20,0.0,0.0,3.5,82.6300048527709,0.3379280710539186,0.04608110059826162,11904.555638391663,0.06957979057092137,0.3840091716521802,0.0,0.12457065441227612,0.38258349776065426,8.622549647512157,0.0,1.1403307201195596,0.020358674703942595,0.04518149725498406,260.5613719761858,0.006412982531741917,1.1110830720102438,0.030944374484447465,8.622549647512157,0.0,19.121756931600302,0.0,0.4040038036631288,0.0,0.016777566597306014,0.7686572225509117,395.98136367736,0.0,0.8791272836841573,0.3921720523218937,19.121756931600302,0.0,16.683427847407774,213.0
82.54391337820545,458.5772965455858,17.109701255628515,95.05389586460286,12.584580726810467,69.91433737116927,11904.173986581534,66134.29992545297,18.0,10.075623825720633,503.7811912860317,7.771153254741187,388.55766273705933,10.840607616458428,542.0303808229214,0.0,0.0,0.0,0.0,2.0,0.575,164.01625900306638,0.0,0.0,0.0,0.0,0.0,0.0,0.35057499999999997,0.575,2300.0,0.025,0.0,0.0,0.0,0.0,0.0,0.0,0.3,0.3796488430715087,25.309922871433912,7.34697620601058,489.79841373403866,3.40318472858363,226.87898190557533,1.1146766063540152,74.31177375693434,14.54014966708431,969.3433111389539,1.5,0.0,0.0,0.6761676520141426,52.0128963087802,11.344420554601456,872.6477349693428,1.4905906327394397e-21,1.1466081790303383e-19,0.0,0.0,1.3,0.0,0.0,0.2,0.0,0.0,225.98314699837547,1883.192891653129,0.8746522776368622,7.288768980307185,0.0,0.0,0.7116703228850587,5.930586024042156,12.0,0.512008633817626,128.0021584544065,0.0,0.0,0.4,551.6999999999962,88032.55146002866,0.0,0.0,0.0,0.0,0.0,0.0,0.6266999999999961,0.0,0.0,-0.3326118739827531,-9.503196399507232,0.6802490578791458,19.435687367975593,11.531848464279927,329.4813846937122,-7.787953267458332e-22,-2.2251295049880948e-20,0.0,0.0,3.5,82.54391337820545,0.3859199004469692,0.05262544097004125,11904.173986581534,0.05689353128715341,0.43854534141701046,0.0,0.09965652352982089,0.38903514048751037,9.34104854498333,0.0,1.169255749122045,0.02216772873105094,0.046286178564406026,260.41320807799667,0.006982834550281045,1.1146766063540152,0.025761263074822367,9.34104854498333,0.0,20.611760203875626,0.0,0.4088483843351237,0.0,0.016978753502289192,0.7578280229402891,396.27592602723155,0.0,0.8746522776368622,0.38664695047973935,20.611760203875626,0.0,16.683427847407774,214.0
82.43013167460389,457.9451759700215,17.232903838299045,95.73835465721692,12.624451555223814,70.13584197346563,11903.923295089984,66132.90719494436,18.0,0.0,0.0,-1.3563049165909602,-67.815245829548,11.344420554601456,567.2210277300728,1.4905906327394397e-21,7.452953163697199e-20,0.0,0.0,2.0,0.575,164.01625900306638,0.0,0.0,0.0,0.0,0.0,0.0,0.35057499999999997,0.575,2300.0,0.025,0.0,0.0,0.0,0.0,0.0,0.0,0.3,0.3838708721489131,25.591391476594204,7.337737295410597,489.18248636070643,3.4703786953527014,231.3585796901801,1.1319533646013562,75.46355764009041,14.59420497086408,972.9469980576054,1.5,0.0,0.0,0.6802490578791458,52.326850606088136,11.531848464279927,887.0652664830712,0.0,0.0,0.0,0.0,1.3,0.0,0.0,0.2,0.0,0.0,226.28604665002365,1885.7170554168636,0.8775349965724761,7.312791638103969,0.0,0.0,0.7327518499479704,6.106265416233087,12.0,0.5096213239812901,127.40533099532253,0.0,0.0,0.4,551.1249999999961,88021.56118985818,0.0,0.0,0.0,0.0,0.0,0.0,0.6261249999999962,0.0,0.0,10.149179730370662,289.9765637248761,8.44715489245956,241.3472826417017,10.933946052439506,312.39845864112874,-7.787953267458332e-22,-2.2251295049880948e-20,0.0,0.0,3.5,82.43013167460389,0.2923860750312199,0.039870828413348165,11903.923295089984,0.08156541189391098,0.33225690344456804,0.0,0.14821292684494092,0.3929519033177988,7.928597405031863,0.0,1.12501478961991,0.019004371780414395,0.04451207181991684,260.2902087949311,0.005986377110830534,1.1319533646013562,0.0362811300277554,7.928597405031863,0.0,17.71545745581446,0.0,0.39176693348908664,0.0,0.01626939092562652,0.7691369442569667,396.7566117484525,0.0,0.8775349965724761,0.39241680829437076,17.71545745581446,0.0,17.26182008174096,215.0
83.57445998754717,464.3025554863732,17.13992889105732,95.22182717254067,12.670532719643958,70.39184844246643,11903.609016596914,66131.1612033162,18.0,0.0,0.0,-0.6760558587118144,-33.802792935590716,11.531848464279927,576.5924232139963,0.0,0.0,0.0,0.0,2.0,0.575,164.01625900306638,0.0,0.0,0.0,0.0,0.0,0.0,0.35057499999999997,0.575,2300.0,0.025,0.0,0.0,0.0,0.0,0.0,0.0,0.3,0.38908042606001036,25.938695070667357,7.3478454780491775,489.8563652032785,3.507380020667334,233.8253347111556,1.14245819133902,76.16387942260134,14.649470243743453,976.6313495828969,1.5,10.149179730370662,780.7061331054356,8.44715489245956,649.7811455738122,10.933946052439506,841.0727732645773,0.0,0.0,0.0,0.0,1.3,0.0,0.0,0.2,0.0,0.0,225.48053003508056,1879.0044169590046,0.8790497834682168,7.32541486223514,0.0,0.0,0.7312611556998518,6.093842964165432,12.0,0.5110119720549064,127.75299301372661,0.0,0.0,0.4,550.5499999999961,88010.5507153704,0.0,0.0,0.0,0.0,0.0,0.0,0.625549999999996,0.0,0.0,-0.8063997738622213,-23.03999353892061,0.6761677271018876,19.319077917196786,11.457111886624727,327.34605390356364,7.117953059936065e-22,2.0337008742674472e-20,0.0,0.0,3.5,83.57445998754717,0.3379285390810563,0.04608116442014404,11903.609016596914,0.06973121043129414,0.38400970350120034,0.0,0.12457034147595274,0.3984541082648958,8.610799171820963,0.0,1.1520905839004543,0.020833194451403882,0.04554950258723459,260.15509803362625,0.006562456252192222,1.14245819133902,0.03133802118906776,8.610799171820963,0.0,19.121821819942358,0.0,0.40395769150047584,0.0,0.01677565164038521,0.768596013117968,397.1463877711388,0.0,0.8790497834682168,0.3921408230193714,19.121821819942358,0.0,17.26182008174096,216.0
83.48806389749178,463.82257720828767,17.06390519452319,94.79947330290662,12.723158205387795,70.68421225215442,11903.227488654782,66129.04160363767,18.0,10.149179730370662,507.45898651853315,7.7710990337477455,388.55495168738724,10.933946052439506,546.6973026219753,0.0,0.0,0.0,0.0,2.0,0.575,164.01625900306638,0.0,0.0,0.0,0.0,0.0,0.0,0.35057499999999997,0.575,2300.0,0.025,0.0,0.0,0.0,0.0,0.0,0.0,0.3,0.3952546858570453,26.35031239046969,7.378248267619377,491.8832178412918,3.5259139232613563,235.06092821742374,1.1458669852829597,76.3911323521973,14.70622711995061,980.4151413300407,1.5,0.0,0.0,0.6761677271018876,52.012902084760576,11.457111886624727,881.3162989711328,7.117953059936065e-22,5.475348507643127e-20,0.0,0.0,1.3,0.0,0.0,0.2,0.0,0.0,224.7947177169863,1873.289314308219,0.8745727037778647,7.288105864815539,0.0,0.0,0.7115598876679726,5.929665730566438,12.0,0.5120086443720633,128.00216109301581,0.0,0.0,0.4,549.974999999996,87999.51998079916,0.0,0.0,0.0,0.0,0.0,0.0,0.6249749999999961,0.0,0.0,-0.3340834550187022,-9.545241571962919,0.6802490945513842,19.435688415753834,11.651065926740262,332.88759790686464,-3.7189466845226595e-22,-1.0625561955779028e-20,0.0,0.0,3.5,83.48806389749178,0.38592022878813265,0.05262548574383627,11903.227488654782,0.05701777240059788,0.43854571453196894,0.0,0.09965627318076219,0.4049545338926251,9.329088427470488,0.0,1.181223377106646,0.022677296903735294,0.046660596100818505,260.00759696354197,0.007143348524676617,1.1458669852829597,0.026086090847674978,9.329088427470486,0.0,20.61182395633301,0.0,0.4087996528212575,0.0,0.016976729768324646,0.7577649175356768,397.4404753794563,0.0,0.8745727037778647,0.38661475384473304,20.61182395633301,0.0,17.26182008174096,217.0
83.37402216001794,463.18901200009975,17.186868039606427,95.4826002200357,12.763029915321246,70.9057217517847,11902.976965710182,66127.649809501,18.0,0.0,0.0,-1.356267544694413,-67.81337723472066,11.457111886624727,572.8555943312364,7.117953059936065e-22,3.5589765299680325e-20,0.0,0.0,2.0,0.575,164.01625900306638,0.0,0.0,0.0,0.0,0.0,0.0,0.35057499999999997,0.575,2300.0,0.025,0.0,0.0,0.0,0.0,0.0,0.0,0.3,0.3994800895337828,26.632005968918854,7.368650787617409,491.2433858411606,3.5931355068393023,239.54236712262016,1.1631628358628172,77.54418905752115,14.75984226451191,983.989484300794,1.5,0.0,0.0,0.6802490945513842,52.32685342702955,11.651065926740262,896.2358405184817,0.0,0.0,0.0,0.0,1.3,0.0,0.0,0.2,0.0,0.0,225.09818095102654,1875.8181745918878,0.8774529866223834,7.312108221853195,0.0,0.0,0.7326345350165305,6.105287791804421,12.0,0.5096214824481694,127.40537061204235,0.0,0.0,0.4,549.399999999996,87988.4689301729,0.0,0.0,0.0,0.0,0.0,0.0,0.624399999999996,0.0,0.0,10.221530552337764,292.0437300667933,8.447101050997237,241.34574431420677,11.025879014505511,315.0251147001575,-3.7189466845226595e-22,-1.0625561955779028e-20,0.0,0.0,3.5,83.37402216001794,0.29239253951196853,0.03987170993345025,11902.976965710182,0.0817413048453599,0.33226424944541877,0.0,0.14820951039418714,0.4088607462669276,7.917268566616347,0.0,1.1364461215580397,0.0194372291569747,0.04486965339342692,259.8853606818216,0.00612272718444703,1.1631628358628172,0.03673307973683214,7.917268566616346,0.0,17.71570861012093,0.0,0.39172076622784213,0.0,0.01626747368055823,0.7690714575820261,397.9206160292278,0.0,0.8774529866223834,0.3923833967255235,17.71570861012093,0.0,17.840204791901563,218.0
84.5200752606788,469.55597367043777,17.09369511766489,94.96497287591606,12.809111779303532,71.16173210724185,11902.662829868454,66125.9046103803,18.0,0.0,0.0,-0.6760184501430289,-33.80092250715144,11.651065926740262,582.5532963370131,0.0,0.0,0.0,0.0,2.0,0.575,164.01625900306638,0.0,0.0,0.0,0.0,0.0,0.0,0.35057499999999997,0.575,2300.0,0.025,0.0,0.0,0.0,0.0,0.0,0.0,0.3,0.40471121655342146,26.9807477702281,7.378499789163135,491.89998594420905,3.6298117898507827,241.98745265671883,1.173588375361393,78.23922502409286,14.814747572837403,987.6498381891602,1.5,10.221530552337764,786.2715809490588,8.447101050997237,649.7770039228643,11.025879014505511,848.144539577347,0.0,0.0,0.0,0.0,1.3,0.0,0.0,0.2,0.0,0.0,224.29322044021254,1869.1101703351046,0.8789652507121537,7.324710422601281,0.0,0.0,0.7311405085240549,6.092837571033791,12.0,0.511012080354842,127.7530200887105,0.0,0.0,0.4,548.824999999996,87977.39750731367,0.0,0.0,0.0,0.0,0.0,0.0,0.623824999999996,0.0,0.0,-0.8081194314574116,-23.089126613068903,0.6761681807501114,19.319090878574613,11.568693230160713,330.5340922903061,3.3990063754134056e-22,9.711446786895445e-21,0.0,0.0,3.5,84.5200752606788,0.3379336692034321,0.04608186398228619,11902.662829868454,0.06987969145615332,0.3840155331857183,0.0,0.12456760831534971,0.41438965271738754,8.599261503316066,0.0,1.1637102472234442,0.02129937597657824,0.04591288760086343,259.7509541063909,0.006709303432622145,1.173588375361393,0.03172491547515409,8.599261503316066,0.0,19.122035359362947,0.0,0.40390814171607126,0.0,0.016773593925086015,0.768528549684219,398.3098765703146,0.0,0.8789652507121537,0.39210640290011173,19.12203535936295,0.0,17.840204791901563,219.0
84.43338129443593,469.0743405246441,17.017508945743256,94.5417163652403,12.86173781841507,71.45409899119484,11902.281419171466,66123.7856620637,18.0,10.221530552337764,511.07652761688826,7.771082600854208,388.5541300427104,11.025879014505511,551.2939507252756,0.0,0.0,0.0,0.0,2.0,0.575,164.01625900306638,0.0,0.0,0.0,0.0,0.0,0.0,0.35057499999999997,0.575,2300.0,0.025,0.0,0.0,0.0,0.0,0.0,0.0,0.3,0.41092563736840665,27.39504249122711,7.4087462292927375,493.9164152861825,3.648072380324951,243.20482535499676,1.1768158435646345,78.45438957097564,14.871227987809185,991.415199187279,1.5,0.0,0.0,0.6761681807501114,52.0129369807778,11.568693230160713,889.8994792431319,3.3990063754134056e-22,2.6146202887795428e-20,0.0,0.0,1.3,0.0,0.0,0.2,0.0,0.0,223.60793032460916,1863.399419371743,0.8744858555131119,7.287382129275932,0.0,0.0,0.7114392145221142,5.928660121017618,12.0,0.5120087337211899,128.0021834302975,0.0,0.0,0.4,548.2499999999959,87966.30565583626,0.0,0.0,0.0,0.0,0.0,0.0,0.6232499999999959,0.0,0.0,-0.33550117839660193,-9.585747954188626,0.6802494389963958,19.43569825703988,11.769059592728324,336.2588455065235,-1.7758889050865342e-22,-5.073968300247241e-21,0.0,0.0,3.5,84.43338129443593,0.3859242868179555,0.05262603911153938,11902.281419171466,0.05713962894122537,0.4385503259294949,0.0,0.09965408665227977,0.42093574876312,9.317331512734498,0.0,1.193045887697109,0.02317790315671225,0.04703023838100935,259.6040976262218,0.007301039494364359,1.1768158435646345,0.026405371359953876,9.317331512734498,0.0,20.61200738513147,0.0,0.4087474157317417,0.0,0.016974560453975985,0.7576959768956296,398.60348010785594,0.0,0.8744858555131119,0.3865795800487906,20.61200738513147,0.0,17.840204791901563,220.0
84.31908425713837,468.43935698410206,17.14023551735241,95.22353065195783,12.901610240362013,71.67561244645563,11902.031064518374,66122.39480287986,18.0,0.0,0.0,-1.3562421236249866,-67.81210618124933,11.568693230160713,578.4346615080357,3.3990063754134056e-22,1.699503187706703e-20,0.0,0.0,2.0,0.575,164.01625900306638,0.0,0.0,0.0,0.0,0.0,0.0,0.35057499999999997,0.575,2300.0,0.025,0.0,0.0,0.0,0.0,0.0,0.0,0.3,0.41515221125738017,27.67681408382534,7.398801113965957,493.2534075977305,3.715326208621309,247.68841390808726,1.1941314886494088,79.60876590996058,14.924406856426813,994.9604570951209,1.5,0.0,0.0,0.6802494389963958,52.32687992279968,11.769059592728324,905.3122763637172,0.0,0.0,0.0,0.0,1.3,0.0,0.0,0.2,0.0,0.0,223.91196286023393,1865.9330238352827,0.8773643298243747,7.311369415203123,0.0,0.0,0.7325095744508128,6.104246453756773,12.0,0.5096216011693564,127.4054002923391,0.0,0.0,0.4,547.6749999999959,87955.19331914715,0.0,0.0,0.0,0.0,0.0,0.0,0.6226749999999959,0.0,0.0,10.29272417218297,294.077833490942,8.447085006734698,241.34528590670567,11.116432414881634,317.61235471090384,-1.7758889050865342e-22,-5.073968300247241e-21,0.0,0.0,3.5,84.31908425713837,0.2923977609442384,0.03987242194694161,11902.031064518374,0.0819155297994984,0.33227018289118004,0.0,0.1482067392657412,0.4248293057257041,7.906062064766007,0.0,1.147735757261757,0.01986238336756775,0.04522256226973427,259.4826046236192,0.006256650760783841,1.1941314886494088,0.03717802845234207,7.906062064766006,0.0,17.715924528650856,0.0,0.3916711154046723,0.0,0.016265411769297022,0.7690016832243974,399.0830755471118,0.0,0.8773643298243747,0.3923477975634681,17.715924528650856,0.0,18.418587221692164,221.0
85.46681464303344,474.81563690574137,17.0468665146584,94.70481397032447,12.94769266830283,71.93162593501573,11901.717071037556,66120.65039465309,18.0,0.0,0.0,-0.6759926846285909,-33.79963423142954,11.769059592728324,588.4529796364161,0.0,0.0,0.0,0.0,2.0,0.575,164.01625900306638,0.0,0.0,0.0,0.0,0.0,0.0,0.35057499999999997,0.575,2300.0,0.025,0.0,0.0,0.0,0.0,0.0,0.0,0.3,0.42040241414872476,28.02682760991498,7.408399232441183,493.89328216274555,3.7516867364676365,250.11244909784241,1.2044800247976983,80.29866831984656,14.978954993767164,998.5969995844775,1.5,10.29272417218297,791.7480132448438,8.447085006734698,649.775769748823,11.116432414881634,855.1101857601257,0.0,0.0,0.0,0.0,1.3,0.0,0.0,0.2,0.0,0.0,223.107558615761,1859.2296551313416,0.8788749891563473,7.323958242969561,0.0,0.0,0.7310141259316327,6.091784382763606,12.0,0.5110121693708258,127.75304234270646,0.0,0.0,0.4,547.0999999999958,87944.06044044359,0.0,0.0,0.0,0.0,0.0,0.0,0.6220999999999958,0.0,0.0,-0.8097925809957438,-23.13693088559268,0.6761685388967962,19.319101111337034,11.67918722185511,333.69106348157453,1.6231174703268715e-22,4.637478486648204e-21,0.0,0.0,3.5,85.46681464303344,0.3379378048993196,0.04608242794081631,11901.717071037556,0.07002675202050658,0.3840202328401359,0.0,0.12456539141259297,0.430382315647333,8.587853606418035,0.0,1.175184651204176,0.021757291985646854,0.04627149184164675,259.34888417563303,0.006853546975478759,1.2044800247976983,0.032105828133936476,8.587853606418035,0.0,19.12222063343221,0.0,0.4038558818122122,0.0,0.01677142366329785,0.7684578617524281,399.4718202887552,0.0,0.8788749891563473,0.3920703376287899,19.12222063343221,0.0,18.418587221692164,222.0
85.37982854878311,474.3323808265729,16.97051942854071,94.28066349189285,13.000319152301042,72.22399529056135,11901.335777318825,66118.5320962157,18.0,10.29272417218297,514.6362086091485,7.771092322106107,388.55461610530534,11.116432414881634,555.8216207440817,0.0,0.0,0.0,0.0,2.0,0.575,164.01625900306638,0.0,0.0,0.0,0.0,0.0,0.0,0.35057499999999997,0.575,2300.0,0.025,0.0,0.0,0.0,0.0,0.0,0.0,0.3,0.42665422575778694,28.44361505051913,7.438494917741712,495.8996611827808,3.769686209714327,251.31241398095514,1.2075300629212953,80.50200419475301,15.035160609868996,1002.3440406579331,1.5,0.0,0.0,0.6761685388967962,52.01296453052279,11.67918722185511,898.3990170657776,1.6231174703268715e-22,1.2485519002514396e-20,0.0,0.0,1.3,0.0,0.0,0.2,0.0,0.0,222.4227909980982,1853.523258317485,0.8743942191647867,7.28661849303989,0.0,0.0,0.7113142303150836,5.92761858595903,12.0,0.5120088060559789,128.00220151399472,0.0,0.0,0.4,546.5249999999958,87932.90696271262,0.0,0.0,0.0,0.0,0.0,0.0,0.6215249999999958,0.0,0.0,-0.3368789374251932,-9.625112497862663,0.6802497195527778,19.43570627293651,11.885850812616447,339.59573750332703,-8.480333690271436e-23,-2.422952482934696e-21,0.0,0.0,3.5,85.37982854878311,0.38592754932022005,0.05262648399821182,11901.335777318825,0.05726031458826802,0.43855403331843185,0.0,0.09965231313007437,0.43697119543455587,9.305711627670709,0.0,1.2047189784270593,0.023669687551187302,0.04739497312458389,259.2026559076259,0.007455951578624,1.2075300629212953,0.0267197256747841,9.305711627670709,0.0,20.612168165238526,0.0,0.4086930469570128,0.0,0.016972302614493888,0.7576245576686154,399.7649393873715,0.0,0.8743942191647867,0.3865431416676609,20.612168165238526,0.0,18.418587221692164,223.0
85.26527989071533,473.695999392863,17.093013881783758,94.96118823213199,13.040191800452641,72.44551000251468,11901.08559398387,66117.14218879928,18.0,0.0,0.0,-1.3562363749323652,-67.81181874661826,11.67918722185511,583.9593610927554,1.6231174703268715e-22,8.115587351634357e-21,0.0,0.0,2.0,0.575,164.01625900306638,0.0,0.0,0.0,0.0,0.0,0.0,0.35057499999999997,0.575,2300.0,0.025,0.0,0.0,0.0,0.0,0.0,0.0,0.3,0.43087998395912025,28.72533226394135,7.428211695254504,495.2141130169669,3.836977744819869,255.7985163213246,1.2248664705656882,81.6577647043792,15.087907011811712,1005.8604674541142,1.5,0.0,0.0,0.6802497195527778,52.32690150405983,11.885850812616447,914.2962163551113,0.0,0.0,0.0,0.0,1.3,0.0,0.0,0.2,0.0,0.0,222.72740014526343,1856.0616678771953,0.8772720795627886,7.310600663023238,0.0,0.0,0.7323824166636008,6.103186805530006,12.0,0.5096216354780453,127.40540886951132,0.0,0.0,0.4,545.9499999999957,87921.73282873009,0.0,0.0,0.0,0.0,0.0,0.0,0.6209499999999957,0.0,0.0,10.362793312603937,296.07980893154104,8.447094899859659,241.34556856741884,11.205631584452437,320.1609024129268,-8.480333690271436e-23,-2.422952482934696e-21,0.0,0.0,3.5,85.26527989071533,0.29239941977838724,0.03987264815159826,11901.08559398387,0.08208873297293999,0.3322720679299855,0.0,0.1482058176150547,0.44085022817544406,7.894944752801426,0.0,1.158880718746933,0.020280003453795884,0.04557071539024886,259.081887813597,0.006388201087945703,1.2248664705656882,0.037616411098188876,7.894944752801426,0.0,17.71603138452752,0.0,0.3916195585691987,0.0,0.016263270704700943,0.76893064893723,400.24399404065207,0.0,0.8772720795627886,0.39231155558021935,17.71603138452752,0.0,18.996971000487502,224.0
86.41464285197804,480.0813491776558,16.999449999584478,94.44138888658043,13.086274403706684,72.70152446503714,11900.771745201735,66115.39858445409,18.0,0.0,0.0,-0.6759866553795874,-33.79933276897937,11.885850812616447,594.2925406308224,0.0,0.0,0.0,0.0,2.0,0.575,164.01625900306638,0.0,0.0,0.0,0.0,0.0,0.0,0.35057499999999997,0.575,2300.0,0.025,0.0,0.0,0.0,0.0,0.0,0.0,0.3,0.4361470043484772,29.076466956565145,7.437566158829939,495.8377439219959,3.8730322313780774,258.2021487585385,1.2351404352060513,82.34269568040342,15.14210072619223,1009.4733817461487,1.5,10.362793312603937,797.1379471233797,8.447094899859659,649.7765307584353,11.205631584452437,861.9716603424952,0.0,0.0,0.0,0.0,1.3,0.0,0.0,0.2,0.0,0.0,221.92354776496254,1849.3628980413546,0.8787822540466785,7.323185450388988,0.0,0.0,0.7308869049833023,6.090724208194186,12.0,0.5110121995951782,127.75304989879454,0.0,0.0,0.4,545.3749999999957,87910.53798105977,0.0,0.0,0.0,0.0,0.0,0.0,0.6203749999999957,0.0,0.0,-0.8114238707330585,-23.183539163801672,0.6761686528361048,19.31910436674585,11.788616376382675,336.81761075379075,7.750841012997279e-23,2.2145260037135084e-21,0.0,0.0,3.5,86.41464285197804,0.33793909052963966,0.046082603254041773,11900.771745201735,0.07017291164946048,0.38402169378368145,0.0,0.12456465409204376,0.446424989785556,8.576549135039478,0.0,1.1865112421992103,0.022207151180622497,0.046625247231127084,258.94883657793275,0.006995252621896086,1.2351404352060513,0.03248111582098571,8.576549135039476,0.0,19.12231829310612,0.0,0.4038024613712561,0.0,0.01676920520644751,0.7683866767379604,400.6322263063918,0.0,0.8787822540466785,0.39203401874385735,19.12231829310612,0.0,18.996971000487502,225.0
86.32736994989897,479.5964997216609,16.92294300631224,94.01635003506802,13.138901021677286,72.99389456487381,11900.390570296935,66113.28094609409,18.0,10.362793312603937,518.1396656301969,7.771108244480072,388.5554122240036,11.205631584452437,560.2815792226219,0.0,0.0,0.0,0.0,2.0,0.575,164.01625900306638,0.0,0.0,0.0,0.0,0.0,0.0,0.35057499999999997,0.575,2300.0,0.025,0.0,0.0,0.0,0.0,0.0,0.0,0.3,0.44243369221266765,29.495579480844512,7.46751589491304,497.8343929942027,3.8907829304273447,259.3855286951563,1.2380169834770836,82.5344655651389,15.198033188587358,1013.2022125724906,1.5,0.0,0.0,0.6761686528361048,52.01297329508498,11.788616376382675,906.8166443371289,7.750841012997279e-23,5.962185394613292e-21,0.0,0.0,1.3,0.0,0.0,0.2,0.0,0.0,221.2392992982124,1843.6608274851033,0.8743010377000056,7.285841980833379,0.0,0.0,0.7111892418663293,5.926577015552743,12.0,0.5120088300413073,128.00220751032683,0.0,0.0,0.4,544.7999999999956,87899.32236205219,0.0,0.0,0.0,0.0,0.0,0.0,0.6197999999999956,0.0,0.0,-0.33822243686957154,-9.663498196273473,0.6802498134816256,19.435708956617876,12.001461026299953,342.89888646571296,-4.0495945497573454e-23,-1.1570270142163844e-21,0.0,0.0,3.5,86.32736994989897,0.3859285317844151,0.05262661797060206,11900.390570296935,0.057380244954177664,0.43855514975501714,0.0,0.099651723273635,0.4530540302719958,9.294207794644349,0.0,1.2162405071466007,0.024152894176455192,0.04775474642041936,258.8032211133761,0.007608161665583385,1.2380169834770836,0.02702944244748757,9.294207794644349,0.0,20.612258560518576,0.0,0.4086380430633248,0.0,0.016970018399639734,0.7575531115967372,400.9248635028635,0.0,0.8743010377000056,0.38650668959017204,20.612258560518576,0.0,18.996971000487502,226.0
86.21257361388761,478.9587422993756,17.045208899096068,94.69560499497817,13.178773548753842,73.21540860418801,11900.140559916113,66111.89199953395,18.0,0.0,0.0,-1.3562424679561378,-67.81212339780689,11.788616376382675,589.4308188191337,7.750841012997279e-23,3.8754205064986394e-21,0.0,0.0,2.0,0.575,164.01625900306638,0.0,0.0,0.0,0.0,0.0,0.0,0.35057499999999997,0.575,2300.0,0.025,0.0,0.0,0.0,0.0,0.0,0.0,0.3,0.4466569131131304,29.77712754087536,7.456904192009064,497.1269461339376,3.958116813143425,263.8744542095617,1.2553748893129861,83.69165928753242,15.250350951718001,1016.6900634478667,1.5,0.0,0.0,0.6802498134816256,52.32690872935582,12.001461026299953,923.1893097153811,0.0,0.0,0.0,0.0,1.3,0.0,0.0,0.2,0.0,0.0,221.5444906563643,1846.2040888030358,0.8771790597705167,7.309825498087639,0.0,0.0,0.7322559715353923,6.102133096128269,12.0,0.5096216138398703,127.40540345996756,0.0,0.0,0.4,544.2249999999956,87888.08591384382,0.0,0.0,0.0,0.0,0.0,0.0,0.6192249999999956,0.0,0.0,10.43176574364045,298.05044981829855,8.447110802970077,241.3460229420022,11.293502434252817,322.6714981215091,-4.0495945497573454e-23,-1.1570270142163844e-21,0.0,0.0,3.5,86.21257361388761,0.2923985318947371,0.03987252707655505,11900.140559916113,0.08226067814993901,0.3322710589712921,0.0,0.14820621806762072,0.45691695420230327,7.883933072780606,0.0,1.1698803851907715,0.020690374270908037,0.04591411554018625,258.6831599470417,0.006517467895336031,1.2553748893129861,0.03804828010681064,7.883933072780606,0.0,17.716059342965288,0.0,0.39156757297746964,0.0,0.016261111834612527,0.7688599868790411,401.4033797199811,0.0,0.8771790597705167,0.39227550350971485,17.716059342965288,0.0,19.575356988808743,227.0
87.36352602072503,485.35292233736135,16.95145158922642,94.1747310512579,13.224856049499119,73.47142249721732,11899.826857058973,66110.1492058832,18.0,0.0,0.0,-0.6759926544745122,-33.79963272372561,12.001461026299953,600.0730513149977,0.0,0.0,0.0,0.0,2.0,0.575,164.01625900306638,0.0,0.0,0.0,0.0,0.0,0.0,0.35057499999999997,0.575,2300.0,0.025,0.0,0.0,0.0,0.0,0.0,0.0,0.3,0.4519387585806325,30.129250572042167,7.46602233022102,497.7348220147347,3.993874115834874,266.2582743889916,1.265576469501534,84.37176463343559,15.304193027889836,1020.2795351926558,1.5,10.43176574364045,802.443518741573,8.447110802970077,649.7777540746213,11.293502434252817,868.7309564809859,0.0,0.0,0.0,0.0,1.3,0.0,0.0,0.2,0.0,0.0,220.7411878149076,1839.5098984575632,0.8786893329835687,7.322411108196405,0.0,0.0,0.7307607601667487,6.089673001389572,12.0,0.511012187267035,127.75304681675875,0.0,0.0,0.4,543.6499999999955,87876.82857835603,0.0,0.0,0.0,0.0,0.0,0.0,0.6186499999999955,0.0,0.0,-0.8130140680387274,-23.22897337253507,0.6761685965988278,19.31910275996651,11.897003675462036,339.91439072748676,3.7012464632399334e-23,1.0574989894971239e-21,0.0,0.0,3.5,87.36352602072503,0.337938338798689,0.04608250074527577,11899.826857058973,0.07031798240223631,0.38402083954396476,0.0,0.12456497445409657,0.4625113867730259,8.565361264554967,0.0,1.1976895018221343,0.02264924808556503,0.046974158655296715,258.5507614014591,0.007134513146952985,1.265576469501534,0.03285082827411291,8.565361264554967,0.0,19.12235261368415,0.0,0.4037489190700533,0.0,0.016766981688955702,0.76831607125041,401.7911011677069,0.0,0.8786893329835687,0.39199799553592346,19.12235261368415,0.0,19.575356988808743,228.0
87.2759715948391,484.86650886021727,16.874785895405452,93.7488105300303,13.277482579186483,73.76379210659157,11899.445801915279,66108.03223286266,18.0,10.43176574364045,521.5882871820224,7.771118148495565,388.55590742477824,11.293502434252817,564.6751217126409,0.0,0.0,0.0,0.0,2.0,0.575,164.01625900306638,0.0,0.0,0.0,0.0,0.0,0.0,0.35057499999999997,0.575,2300.0,0.025,0.0,0.0,0.0,0.0,0.0,0.0,0.3,0.4582580751863859,30.55053834575906,7.495831040533333,499.72206936888887,4.011387508778781,267.4258339185854,1.2682832061485032,84.55221374323355,15.359854037089542,1023.9902691393029,1.5,0.0,0.0,0.6761685965988278,52.0129689691406,11.897003675462036,915.1541288816951,3.7012464632399334e-23,2.8471126640307178e-21,0.0,0.0,1.3,0.0,0.0,0.2,0.0,0.0,220.05745681935204,1833.812140161267,0.874208075846528,7.285067298721066,0.0,0.0,0.7110654566275646,5.925545471896371,12.0,0.5120088195254924,128.0022048813731,0.0,0.0,0.4,543.0749999999955,87865.55029729391,0.0,0.0,0.0,0.0,0.0,0.0,0.6180749999999955,0.0,0.0,-0.33953175777879757,-9.7009073651085,0.680249773474201,19.4357078135486,12.11591195302532,346.16891294358055,-1.933796809538895e-23,-5.5251337415397e-22,0.0,0.0,3.5,87.2759715948391,0.3859278843740024,0.05262652968736396,11899.445801915279,0.05749927036572533,0.43855441406136636,0.0,0.09965197956327726,0.46917823783050316,9.282830511620938,0.0,1.2276101014807441,0.02462782749981528,0.04810956678022775,258.4057437143146,0.007757765662441813,1.2682832061485032,0.02733456414678465,9.282830511620938,0.0,20.612298108240488,0.0,0.40858311796287566,0.0,0.016967737456930053,0.7574823332719303,402.0832576611015,0.0,0.874208075846528,0.38647057819996444,20.612298108240488,0.0,19.575356988808743,229.0
87.16093212712734,484.227400706263,16.99682595418454,94.42681085658077,13.317354893424229,73.98530496346794,11899.195963527927,66106.64424182182,18.0,0.0,0.0,-1.3562503268693016,-67.81251634346508,11.897003675462036,594.8501837731018,3.7012464632399334e-23,1.8506232316199667e-21,0.0,0.0,2.0,0.575,164.01625900306638,0.0,0.0,0.0,0.0,0.0,0.0,0.35057499999999997,0.575,2300.0,0.025,0.0,0.0,0.0,0.0,0.0,0.0,0.3,0.4624772892741333,30.83181928494222,7.4849009368510515,498.9933957900701,4.07876714739177,271.917809826118,1.2856629844430958,85.71086562953973,15.411747054766021,1027.4498036510681,1.5,0.0,0.0,0.680249773474201,52.326905651861615,12.11591195302532,931.9932271557938,0.0,0.0,0.0,0.0,1.3,0.0,0.0,0.2,0.0,0.0,220.3632338538348,1836.36028211529,0.8770864241355898,7.309053534463248,0.0,0.0,0.73213043598666,6.1010869665555,12.0,0.509621580056859,127.40539501421475,0.0,0.0,0.4,542.4999999999955,87854.25101214567,0.0,0.0,0.0,0.0,0.0,0.0,0.6174999999999954,0.0,0.0,10.499670424650231,299.9905835614352,8.447120615489837,241.34630329970963,11.380071146711744,325.1448899060498,-1.933796809538895e-23,-5.5251337415397e-22,0.0,0.0,3.5,87.16093212712734,0.29239697107680634,0.039872314237746315,11899.195963527927,0.08243089796301754,0.33226928531455263,0.0,0.14820696788167564,0.47302373409653053,7.8730557335574005,0.0,1.1807352299923293,0.021093798443063787,0.04625280158597812,258.28637164773437,0.006644546509565093,1.2856629844430958,0.0384735767376562,7.8730557335574005,0.0,17.71606616061238,0.0,0.39151576648707825,0.0,0.016258960402287304,0.7687898192946199,402.56123401621716,0.0,0.8770864241355898,0.3922397037217448,17.71606616061238,0.0,20.153744351496574,230.0
88.31343212076689,490.6301784487049,16.90287716612235,93.90487314512417,13.363437218251446,74.2413178791747,11898.882405745415,66104.9022541412,18.0,0.0,0.0,-0.6760005533951006,-33.80002766975503,12.11591195302532,605.795597651266,0.0,0.0,0.0,0.0,2.0,0.575,164.01625900306638,0.0,0.0,0.0,0.0,0.0,0.0,0.35057499999999997,0.575,2300.0,0.025,0.0,0.0,0.0,0.0,0.0,0.0,0.3,0.46777221545345776,31.184814363563852,7.49379044422109,499.58602961473935,4.114234960766146,274.2823307177431,1.295794025456633,86.38626836377553,15.465240354748712,1031.0160236499141,1.5,10.499670424650231,807.6669557423255,8.447120615489837,649.7785088838336,11.380071146711744,875.3900882085957,0.0,0.0,0.0,0.0,1.3,0.0,0.0,0.2,0.0,0.0,219.560482004955,1829.670683374625,0.8785968242671043,7.321640202225868,0.0,0.0,0.730635258265979,6.088627152216492,12.0,0.5110121633792588,127.7530408448147,0.0,0.0,0.4,541.9249999999954,87842.93066418114,0.0,0.0,0.0,0.0,0.0,0.0,0.6169249999999954,0.0,0.0,-0.8145629449066227,-23.273226997332078,0.6761684980318821,19.31909994376806,12.004372130218185,342.98206086337666,1.7674496537010385e-23,5.049856153431539e-22,0.0,0.0,3.5,88.31343212076689,0.33793704873292896,0.04608232482721758,11898.882405745415,0.0704615910466408,0.38401937356014654,0.0,0.12456557430534052,0.4786360087690989,8.554312871949014,0.0,1.2087198988907701,0.023083884992808005,0.04731826303968857,258.15460948007905,0.007271423772734521,1.295794025456633,0.03321492600634518,8.554312871949014,0.0,19.12237004843638,0.0,0.4036954932431872,0.0,0.016764763008438006,0.7682458126431492,402.9484432787751,0.0,0.8785968242671043,0.39196214930772916,19.12237004843638,0.0,20.153744351496574,231.0
88.2256015209898,490.14223067216557,16.826054375348882,93.47807986304935,13.416063600930045,74.53368667183358,11898.501469649507,66102.78594249726,18.0,10.499670424650231,524.9835212325116,7.771120062094736,388.5560031047368,11.380071146711744,569.0035573355872,0.0,0.0,0.0,0.0,2.0,0.575,164.01625900306638,0.0,0.0,0.0,0.0,0.0,0.0,0.35057499999999997,0.575,2300.0,0.025,0.0,0.0,0.0,0.0,0.0,0.0,0.3,0.4741221576362481,31.608143842416542,7.523463365585454,501.5642243723636,4.131521403407016,275.4347602271344,1.2983342959869806,86.55561973246537,15.52063170150386,1034.7087801002572,1.5,0.0,0.0,0.6761684980318821,52.012961387067854,12.004372130218185,923.4132407860142,1.7674496537010385e-23,1.3595766566931066e-21,0.0,0.0,1.3,0.0,0.0,0.2,0.0,0.0,218.87726982874221,1823.977248572852,0.8741154807180571,7.284295672650476,0.0,0.0,0.7109420787090088,5.924517322575073,12.0,0.5120087999298375,128.0021999824594,0.0,0.0,0.4,541.3499999999954,87831.58919445112,0.0,0.0,0.0,0.0,0.0,0.0,0.6163499999999953,0.0,0.0,-0.3408055388197986,-9.737301109137102,0.6802496977592773,19.435705650265067,12.229225117335988,349.40643192388535,-9.234430328497357e-24,-2.638408665284959e-22,0.0,0.0,3.5,88.2256015209898,0.3859268063097221,0.05262638267859847,11898.501469649507,0.05761709308010278,0.4385531889883206,0.0,0.09965245944427241,0.48533856928052044,9.27159793281411,0.0,1.238828283857717,0.025094791181518125,0.048459471318953326,258.01017478554724,0.007904859222178208,1.2983342959869806,0.02763506171186564,9.27159793281411,0.0,20.61232418319591,0.0,0.40852825014774735,0.0,0.016965458893178877,0.7574117755304701,403.2401178440812,0.0,0.8741154807180571,0.3864345793522807,20.612324183195906,0.0,20.153744351496574,232.0
88.11032380363615,489.5017989090897,16.947870842666525,94.15483801481403,13.455935772497755,74.75519873609863,11898.251800657185,66101.39889253992,18.0,0.0,0.0,-1.356254592481914,-67.8127296240957,12.004372130218185,600.2186065109092,1.7674496537010385e-23,8.837248268505192e-22,0.0,0.0,2.0,0.575,164.01625900306638,0.0,0.0,0.0,0.0,0.0,0.0,0.35057499999999997,0.575,2300.0,0.025,0.0,0.0,0.0,0.0,0.0,0.0,0.3,0.4783361030800461,31.889073538669738,7.512225061370174,500.8150040913449,4.198949343993794,279.92995626625293,1.3157360704767898,87.71573803178599,15.572103926053874,1038.140261736925,1.5,0.0,0.0,0.6802496977592773,52.326899827636716,12.229225117335988,940.7096244104606,0.0,0.0,0.0,0.0,1.3,0.0,0.0,0.2,0.0,0.0,219.1836349195749,1826.5302909964573,0.8769939671308595,7.30828305942383,0.0,0.0,0.7320047348301105,6.100039456917588,12.0,0.5096215598666144,127.4053899666536,0.0,0.0,0.4,540.7749999999953,87820.2265437862,0.0,0.0,0.0,0.0,0.0,0.0,0.6157749999999953,0.0,0.0,10.566538528013954,301.9011008003987,8.447122457361546,241.34635592461558,11.465363424943428,327.5818121412408,-9.234430328497357e-24,-2.638408665284959e-22,0.0,0.0,3.5,88.11032380363615,0.29239592482987276,0.03987217156770992,11898.251800657185,0.08259910407528222,0.33226809639758265,0.0,0.14820745058359505,0.4891655329081339,7.862330564443736,0.0,1.1914459180484123,0.02149053610269402,0.04658681397334796,257.89147433509095,0.0067695188723486165,1.3157360704767898,0.03889231059250323,7.862330564443737,0.0,17.71608893214757,0.0,0.3914640328367268,0.0,0.01625681199488068,0.7687195529941778,403.71755050568265,0.0,0.8769939671308595,0.3922038535684581,17.71608893214757,0.0,20.73213197973193,233.0
89.264330980724,495.9129498929111,16.853732832171513,93.63184906761953,13.502017977543593,75.01121098635329,11897.938385789674,66099.65769883152,18.0,0.0,0.0,-0.6760048947226367,-33.80024473613183,12.229225117335988,611.4612558667993,0.0,0.0,0.0,0.0,2.0,0.575,164.01625900306638,0.0,0.0,0.0,0.0,0.0,0.0,0.35057499999999997,0.575,2300.0,0.025,0.0,0.0,0.0,0.0,0.0,0.0,0.3,0.4836425724860344,32.24283816573563,7.520893727726079,501.39291518173854,4.234134502961822,282.27563353078807,1.3257981688369775,88.38654458913183,15.625251382295074,1041.6834254863384,1.5,10.566538528013954,812.8106560010734,8.447122457361546,649.7786505662727,11.465363424943428,881.951032687956,0.0,0.0,0.0,0.0,1.3,0.0,0.0,0.2,0.0,0.0,218.3814379258184,1819.8453160484867,0.8785042687834717,7.32086890652893,0.0,0.0,0.7305092028669127,6.087576690557606,12.0,0.5110121478150808,127.75303695377019,0.0,0.0,0.4,540.1999999999953,87808.84265279575,0.0,0.0,0.0,0.0,0.0,0.0,0.6151999999999952,0.0,0.0,-0.8160710067517005,-23.316314478620015,0.6761684361361917,19.319098175319766,12.110744163583027,346.0212618166579,8.440066208513028e-24,2.4114474881465795e-22,0.0,0.0,3.5,89.264330980724,0.33793617033614465,0.046082205045837904,11897.938385789674,0.07060350787125873,0.3840183753819825,0.0,0.12456596046687604,0.49479403117932774,8.543418053752271,0.0,1.219603132241448,0.023511325856116684,0.047657600711084366,257.76033259183,0.007406067644676754,1.3257981688369775,0.03357342421630435,8.543418053752271,0.0,19.12240042728062,0.0,0.403641944706815,0.0,0.01676253923201059,0.7681752373168256,404.10424428642176,0.0,0.8785042687834717,0.39192614148817634,19.12240042728062,0.0,20.73213197973193,234.0
89.17622954685373,495.42349748252076,16.776754792143283,93.2041932896849,13.554644258124606,75.30357921180337,11897.557566981519,66097.54203878621,18.0,10.566538528013954,528.3269264006977,7.77111756263891,388.5558781319455,11.465363424943428,573.2681712471714,0.0,0.0,0.0,0.0,2.0,0.575,164.01625900306638,0.0,0.0,0.0,0.0,0.0,0.0,0.35057499999999997,0.575,2300.0,0.025,0.0,0.0,0.0,0.0,0.0,0.0,0.3,0.49002134305747963,32.66808953716531,7.550436193146191,503.36241287641275,4.251203492508438,283.4135661672292,1.3281750648175858,88.54500432117239,15.680374940606967,1045.358329373798,1.5,0.0,0.0,0.6761684361361917,52.0129566258609,12.110744163583027,931.5957048910021,8.440066208513028e-24,6.492358621933099e-22,0.0,0.0,1.3,0.0,0.0,0.2,0.0,0.0,217.6987478491134,1814.156232075945,0.8740226245946962,7.283521871622468,0.0,0.0,0.7108178991037134,5.923482492530946,12.0,0.512008787336726,128.0021968341815,0.0,0.0,0.4,539.6249999999952,87797.4374618669,0.0,0.0,0.0,0.0,0.0,0.0,0.6146249999999952,0.0,0.0,-0.34204351528734556,-9.772671865352729,0.6802496488307427,19.435704252306934,12.341421370142491,352.6120391469283,-4.409700101745865e-24,-1.2599143147845327e-22,0.0,0.0,3.5,89.17622954685373,0.385926057594094,0.05262628058101281,11897.557566981519,0.057733530021173075,0.4385523381751068,0.0,0.09965276837350083,0.5015304102456547,9.260521116320847,0.0,1.2498958324741294,0.025554053942314605,0.04880450185843428,257.6164664616181,0.0080495269918291,1.3281750648175858,0.02793094992292309,9.260521116320847,0.0,20.61236078368491,0.0,0.40847311390504093,0.0,0.016963169182103027,0.7573407518562943,404.395434150675,0.0,0.8740226245946962,0.3863983427838237,20.612360783684913,0.0,20.73213197973193,235.0
89.0607184227703,494.7817690153905,16.898349827605568,93.87972126447538,13.59451638776131,75.5250910431184,11897.30806449774,66096.15591387633,18.0,0.0,0.0,-1.3562549558823207,-67.81274779411604,12.110744163583027,605.5372081791513,8.440066208513028e-24,4.220033104256514e-22,0.0,0.0,2.0,0.575,164.01625900306638,0.0,0.0,0.0,0.0,0.0,0.0,0.35057499999999997,0.575,2300.0,0.025,0.0,0.0,0.0,0.0,0.0,0.0,0.3,0.4942289201845068,32.94859467896712,7.538899576305951,502.5933050870634,4.3186819303359,287.91212868906,1.3455988667029815,89.7065911135321,15.73143035194394,1048.7620234629294,1.5,0.0,0.0,0.6802496488307427,52.326896063903284,12.341421370142491,949.3401053955762,0.0,0.0,0.0,0.0,1.3,0.0,0.0,0.2,0.0,0.0,218.00570338271493,1816.7141948559577,0.8769010160753231,7.307508467294359,0.0,0.0,0.731877849322912,6.098982077690933,12.0,0.5096215567574349,127.40538918935873,0.0,0.0,0.4,539.0499999999952,87786.01091116351,0.0,0.0,0.0,0.0,0.0,0.0,0.6140499999999951,0.0,0.0,10.632401754145873,303.78290726131064,8.447119934598073,241.34628384565923,11.54940399103045,329.9829711722986,-4.409700101745865e-24,-1.2599143147845327e-22,0.0,0.0,3.5,89.0607184227703,0.29239561733583425,0.03987212963670467,11897.30806449774,0.08276526319451162,0.3322677469725389,0.0,0.14820754979225087,0.5053379001866689,7.85176047781157,0.0,1.2020130284209039,0.021880795898841864,0.046916185103722835,257.4984207393968,0.006892450708135186,1.3455988667029815,0.039304597784237526,7.8517604778115695,0.0,17.716134994697274,0.0,0.39141201776767265,0.0,0.016254651900650858,0.7686486198374074,404.872318798489,0.0,0.8769010160753231,0.39216766318235075,17.716134994697278,0.0,21.31051926112124,236.0
90.21619406587851,501.20107814376956,16.804024884156245,93.35569380086804,13.640598553618608,75.78110307565893,11896.994790156516,66094.41550086952,18.0,0.0,0.0,-0.676005307051578,-33.800265352578904,12.341421370142491,617.0710685071246,0.0,0.0,0.0,0.0,2.0,0.575,164.01625900306638,0.0,0.0,0.0,0.0,0.0,0.0,0.35057499999999997,0.575,2300.0,0.025,0.0,0.0,0.0,0.0,0.0,0.0,0.3,0.4995455620444443,33.30303746962962,7.547354945116749,503.1569963411166,4.353590820540721,290.23938803604807,1.3555934991447465,90.3728999429831,15.784234938818688,1052.2823292545793,1.5,10.632401754145873,817.8770580112209,8.447119934598073,649.7784565075441,11.54940399103045,888.415691617727,0.0,0.0,0.0,0.0,1.3,0.0,0.0,0.2,0.0,0.0,217.20406559764268,1810.0338799803556,0.878411011175259,7.320091759793825,0.0,0.0,0.7303817395543372,6.086514496286143,12.0,0.511012144491903,127.75303612297576,0.0,0.0,0.4,538.4749999999951,87774.56294062504,0.0,0.0,0.0,0.0,0.0,0.0,0.6134749999999951,0.0,0.0,-0.817539760154709,-23.358278861563115,0.6761684244553843,19.31909784158241,12.216141278157954,349.03260794737014,4.030366106767163e-24,1.1515331733620465e-22,0.0,0.0,3.5,90.21619406587851,0.3379358829535163,0.04608216585729767,11896.994790156516,0.07074370758699089,0.384018048810814,0.0,0.1245660398338007,0.5109811737986585,8.532678917288825,0.0,1.230339887697154,0.023931790877359485,0.04799220707494169,257.36788401805194,0.007538514126368237,1.3555934991447465,0.03392642331912462,8.532678917288825,0.0,19.122449647803904,0.0,0.4035879621680537,0.0,0.016760297432228146,0.7681038678633547,405.2584934038007,0.0,0.878411011175259,0.3918897285017116,19.122449647803904,0.0,21.31051926112124,237.0
90.12782702096848,500.7101501164916,16.726893468887894,92.92718593826608,13.693224796578091,76.0734710921005,11896.614086693306,66092.30048162947,18.0,10.632401754145873,531.6200877072936,7.771114627546495,388.5557313773247,11.54940399103045,577.4701995515226,0.0,0.0,0.0,0.0,2.0,0.575,164.01625900306638,0.0,0.0,0.0,0.0,0.0,0.0,0.35057499999999997,0.575,2300.0,0.025,0.0,0.0,0.0,0.0,0.0,0.0,0.3,0.5059515342043304,33.73010228028869,7.5767721147927585,505.1181409861839,4.370451335607516,291.3634223738344,1.3578099637674237,90.52066425116158,15.839092640046255,1055.9395093364171,1.5,0.0,0.0,0.6761684244553843,52.01295572733726,12.216141278157954,939.7031752429195,4.030366106767163e-24,3.100281620590125e-22,0.0,0.0,1.3,0.0,0.0,0.2,0.0,0.0,216.52190129924577,1804.3491774937147,0.873928898623843,7.282740821865358,0.0,0.0,0.7106922073833603,5.922435061528002,12.0,0.5120087847630698,128.00219619076745,0.0,0.0,0.4,537.8999999999951,87763.09348996566,0.0,0.0,0.0,0.0,0.0,0.0,0.612899999999995,0.0,0.0,-0.3432469335417951,-9.80705524405129,0.6802496386502627,19.435703961436076,12.452520691291747,355.7863054654785,-2.1057544575495846e-24,-6.016441307284528e-23,0.0,0.0,3.5,90.12782702096848,0.3859257817028825,0.052626242959483975,11896.614086693306,0.05784856145126351,0.4385520246623665,0.0,0.09965283186704056,0.5177496550880021,9.249601477033895,0.0,1.2608135669548874,0.026005847205082654,0.0491446976826693,257.2245725275346,0.008191841869601035,1.3578099637674237,0.028222311827759722,9.249601477033895,0.0,20.61241265386549,0.0,0.4084174341120751,0.0,0.01696085689834199,0.7572688565961925,405.54919547132414,0.0,0.873928898623843,0.38636166152866963,20.61241265386549,0.0,21.31051926112124,238.0
90.01208708597899,500.067150477661,16.84826934765275,93.60149637584861,13.733096941839795,76.29498301022107,11896.36474830245,66090.91526834694,18.0,0.0,0.0,-1.3562534607110885,-67.81267303555443,12.216141278157954,610.8070639078977,4.030366106767163e-24,2.0151830533835814e-22,0.0,0.0,2.0,0.575,164.01625900306638,0.0,0.0,0.0,0.0,0.0,0.0,0.35057499999999997,0.575,2300.0,0.025,0.0,0.0,0.0,0.0,0.0,0.0,0.3,0.5101517747037128,34.010118313580854,7.5649465372676845,504.32976915117894,4.437982409779451,295.8654939852967,1.375255824950258,91.68372166335054,15.889735217845493,1059.3156811896995,1.5,0.0,0.0,0.6802496386502627,52.32689528078944,12.452520691291747,957.8862070224421,0.0,0.0,0.0,0.0,1.3,0.0,0.0,0.2,0.0,0.0,216.82945016492565,1806.9120847077138,0.8768070737652791,7.306725614710659,0.0,0.0,0.731749353287075,6.097911277392291,12.0,0.5096215626758946,127.40539066897367,0.0,0.0,0.4,537.324999999995,87751.60249867299,0.0,0.0,0.0,0.0,0.0,0.0,0.612324999999995,0.0,0.0,10.697290487512733,305.63687107179237,8.447117009879957,241.3462002822845,11.632216491215326,332.3490426061522,-2.1057544575495846e-24,-6.016441307284528e-23,0.0,0.0,3.5,90.01208708597899,0.29239573191916624,0.03987214526170448,11896.36474830245,0.08292948632507076,0.3322678771808707,0.0,0.1482074299037703,0.5215368622590626,7.841339930917561,0.0,1.2124371719693285,0.022264754363903263,0.047240944956091435,257.1071653608087,0.007013397624629528,1.375255824950258,0.039710615546737466,7.841339930917561,0.0,17.716194748248935,0.0,0.39135945752484746,0.0,0.016252469166314263,0.7685767792270817,406.02552837025684,0.0,0.8768070737652791,0.39213100980973553,17.716194748248935,0.0,21.88890613521182,239.0
91.16899422650498,506.4944123694721,16.753759640283512,93.07644244601951,13.779179114554942,76.5509950808608,11896.051612477017,66089.17562487231,18.0,0.0,0.0,-0.6760038220608259,-33.80019110304129,12.452520691291747,622.6260345645874,0.0,0.0,0.0,0.0,2.0,0.575,164.01625900306638,0.0,0.0,0.0,0.0,0.0,0.0,0.35057499999999997,0.575,2300.0,0.025,0.0,0.0,0.0,0.0,0.0,0.0,0.3,0.5154773573844622,34.36515715896415,7.57319573201734,504.8797154678227,4.472621206119347,298.1747470746231,1.3851844247195662,92.34562831463774,15.942199926491146,1062.813328432743,1.5,10.697290487512733,822.8684990394411,8.447117009879957,649.7782315292275,11.632216491215326,894.7858839396405,0.0,0.0,0.0,0.0,1.3,0.0,0.0,0.2,0.0,0.0,216.028375358509,1800.2364613209086,0.8783166775207985,7.3193056460066535,0.0,0.0,0.7302526361778815,6.085438634815679,12.0,0.5110121482495915,127.75303706239788,0.0,0.0,0.4,536.749999999995,87740.08990600726,0.0,0.0,0.0,0.0,0.0,0.0,0.611749999999995,0.0,0.0,-0.8189712072815727,-23.399177350902075,0.6761684407322086,19.319098306634533,12.320584049651565,352.01668713290184,1.9246116492175783e-24,5.498890426335937e-23,0.0,0.0,3.5,91.16899422650498,0.3379359332444082,0.04608217271514657,11896.051612477017,0.07088228052692767,0.38401810595955477,0.0,0.12456594392301625,0.5271936056257369,8.522090759482262,0.0,1.2409309228272516,0.02434547274574887,0.04832211684253422,256.97721889807633,0.0076688239149108935,1.3851844247195662,0.034274072515057034,8.522090759482262,0.0,19.122509988630167,0.0,0.4035333759888602,0.0,0.016758030564321437,0.7680315723186175,406.4111805680257,0.0,0.8783166775207985,0.3918528430197028,19.122509988630167,0.0,21.88890613521182,240.0
